player_name,team,season,age,games_played,games_started,minutes_per_game,points,rebounds,assists,steals,blocks,turnovers,fg_pct,three_pt_pct,ft_pct,usage_rate,per,true_shooting_pct,bpm,vorp
DeAndre Collins,BOS,2000-01,19,57,50,28.7,4.5,1.5,4.4,1.5,0,1.1,0.456,0.397,0.862,29.3,,,,
Tyrese Young,NOP,2000-01,23,45,13,13.1,12.1,9.5,4.1,0.7,1.6,0.3,0.387,0.38,0.756,19.1,,,,
Anthony Green,SAC,2000-01,24,58,42,22.9,3.8,6.9,4.6,1.2,0.8,1.7,0.496,0.404,0.821,33.8,,,,
CJ Moore,DEN,2000-01,23,64,52,24.0,20.7,4.3,0.4,1.3,0.4,1.0,0.49,0.343,0.809,23.6,,,,
Darius Nelson,ORL,2000-01,21,37,13,20.5,10.9,0.5,3.1,1.0,0.6,2.1,0.516,0.408,0.836,33.4,,,,
Kevin White,LAC,2000-01,19,25,9,29.0,14.7,6.5,3.9,0.5,0,1.0,0.47,0.385,0.796,25.5,,,,
Zach Moore,LAL,2000-01,19,60,6,29.6,14.5,7.7,2.9,1.4,0.8,1.9,0.407,0.341,0.832,16.9,,,,
Jayson King,MIN,2000-01,23,74,9,21.3,8.5,9.3,0.2,1.3,0.9,0.5,0.433,0.409,0.773,30.1,,,,
DeAndre Nelson,ATL,2000-01,22,67,50,21.4,13.3,2.9,2.5,1.9,1.3,2.6,0.496,0.313,0.892,32.5,,,,
Kyle Allen,SAC,2000-01,20,51,30,18.6,3.3,1.6,1.5,1.1,0.3,1.5,0.514,0.337,0.829,18.3,,,,
Pascal Phillips,ORL,2000-01,23,36,28,11.5,18.9,7.0,3.3,0.9,0.7,1.9,0.391,0.345,0.759,32.1,,,,
Devin Turner,SAS,2000-01,22,80,44,16.9,23.7,0.5,0.2,0.5,0,1.6,0.542,0.328,0.795,34.3,,,,
Cade Collins,MEM,2000-01,22,82,68,35.0,14.6,1.2,1.9,0.8,1.3,1.3,0.465,0.297,0.737,21.1,,,,
Jaylen Martin,MIL,2000-01,19,55,10,21.8,11.8,1.6,3.8,1.6,0.9,5.2,0.506,0.406,0.666,16.2,,,,
Bam Mitchell,MEM,2000-01,21,66,47,36.9,16.6,4.2,3.8,1.2,0.3,1.5,0.467,0.348,0.799,31.8,,,,
Jayson Parker,BOS,2000-01,24,58,39,23.6,8.2,2.7,1.6,0.6,0.9,1.5,0.549,0.32,0.711,33.7,,,,
Kevin Reed,MIL,2000-01,20,64,62,20.5,21.6,6.2,1.8,1.7,0,3.8,0.512,0.328,0.871,30.5,,,,
Jayson Parker,OKC,2000-01,19,66,31,32.1,4.1,4.4,0.5,0.5,0.3,0.8,0.496,0.305,0.829,19.5,,,,
CJ Mitchell,CHI,2000-01,21,72,60,22.1,14.0,2.9,1.3,1.6,1.3,3.5,0.51,0.366,0.884,23.7,,,,
Khris Williams,WAS,2000-01,23,76,68,29.3,9.5,6.1,3.1,1.7,0.3,3.2,0.419,0.377,0.874,26.3,,,,
Andre Allen,UTA,2000-01,21,66,41,17.8,5.5,4.3,5.5,0.6,0.1,2.0,0.403,0.38,0.912,27.5,,,,
Brandon Turner,CLE,2000-01,21,27,24,7.6,10.8,0.5,2.4,0.8,0.6,2.6,0.508,0.327,0.716,30.3,,,,
Julius Miller,PHI,2000-01,21,61,40,24.3,18.2,10.9,0.2,1.8,0.2,1.3,0.55,0.346,0.68,32.6,,,,
Zach Reed,DAL,2000-01,21,43,27,21.7,17.9,6.9,3.3,0.7,0.9,1.6,0.407,0.287,0.849,30.9,,,,
Ja Evans,OKC,2000-01,19,58,37,17.4,20.6,1.7,7.5,0.5,0.4,2.8,0.415,0.374,0.726,22.4,,,,
LaMelo Reed,OKC,2000-01,23,68,59,28.0,9.9,7.5,0.2,0.2,0.1,2.0,0.499,0.399,0.663,18.9,,,,
Malik Allen,GSW,2000-01,23,55,12,18.4,19.4,9.8,0.8,1.2,1.1,1.9,0.426,0.377,0.832,17.3,,,,
Marcus Mitchell,MEM,2000-01,22,32,6,23.6,19.2,8.4,6.5,0.5,0.7,0.3,0.426,0.365,0.69,16.2,,,,
Jrue Phillips,ORL,2000-01,22,73,6,38,9.9,6.0,3.7,0.6,0.9,0.4,0.469,0.387,0.788,32.9,,,,
Domantas Stewart,CHI,2000-01,21,69,62,35.2,16.0,3.3,2.2,1.1,1.5,0.3,0.513,0.403,0.69,20.1,,,,
Zion Parker,HOU,2000-01,21,82,41,25.0,19.6,7.2,3.5,0.5,0,0.9,0.411,0.417,0.899,22.3,,,,
Andre Wright,HOU,2000-01,21,79,31,21.2,30.1,6.0,4.3,0.7,1.7,2.3,0.499,0.321,0.756,19.1,,,,
Cade Young,NYK,2000-01,24,74,22,25.0,12.7,7.7,6.3,1.0,1.4,2.8,0.454,0.3,0.722,30.8,,,,
DeMar Miller,CHA,2000-01,21,44,34,29.5,8.0,4.8,6.9,1.3,0,2.0,0.443,0.292,0.773,24.3,,,,
Fred Davis,DEN,2000-01,19,34,16,15.2,11.1,1.3,4.3,1.3,0,2.3,0.42,0.337,0.866,16.3,,,,
Giannis Nelson,OKC,2000-01,19,31,20,24.0,11.4,5.3,3.2,0.1,1.4,1.8,0.522,0.384,0.666,29.5,,,,
DeAndre Reed,BOS,2000-01,22,78,56,31.6,2.8,6.6,1.2,0.9,1.0,1.3,0.526,0.316,0.658,31.2,,,,
Donovan Baker,MIN,2000-01,21,35,21,25.6,9.9,6.0,0.2,0.2,0,0.6,0.505,0.293,0.711,28.4,,,,
Khris Reed,MEM,2000-01,22,39,23,15.0,23.0,8.4,3.6,0.2,1.0,1.6,0.472,0.339,0.908,24.8,,,,
Chris Edwards,HOU,2000-01,21,31,8,26.7,20.4,5.4,4.5,0.7,0.6,0.8,0.522,0.306,0.786,18.1,,,,
CJ Mitchell,TOR,2000-01,21,64,58,33.9,23.6,4.4,3.1,1.1,1.2,1.1,0.392,0.406,0.682,15.2,,,,
Fred Wright,ORL,2000-01,22,66,44,38,20.4,3.3,9.5,1.4,0.1,0.3,0.402,0.32,0.881,15.1,,,,
Kevin Brown,CHI,2000-01,19,22,3,31.9,17.0,0.5,5.2,1.1,0.9,1.4,0.464,0.376,0.815,17.6,,,,
DeAndre Anderson,MIN,2000-01,20,49,32,25.6,16.8,6.2,3.8,1.0,0.5,2.8,0.493,0.312,0.687,17.7,,,,
Brandon Jackson,BOS,2000-01,22,61,19,23.5,12.2,3.3,8.1,0.8,0.3,1.9,0.524,0.321,0.844,16.4,,,,
Luka Adams,OKC,2000-01,20,32,21,30.1,2,5.4,4.8,0.7,0.6,2.9,0.503,0.359,0.686,16.6,,,,
Malik Mitchell,HOU,2000-01,22,27,9,5.6,20.2,5.5,4.1,0.7,0.6,1.9,0.501,0.352,0.783,17.1,,,,
Kevin Moore,MIA,2000-01,23,49,31,28.3,12.0,6.3,2.2,0.9,0.9,2.5,0.491,0.293,0.675,29.0,,,,
Julius Miller,MIL,2000-01,24,24,6,26.0,17.6,11.3,0.9,0.5,0.5,2.2,0.436,0.4,0.775,32.8,,,,
DeAndre Collins,SAS,2001-02,22,67,38,21.4,15.8,3.3,6.3,0.6,1.0,1.7,0.479,0.332,0.765,27.7,,,,
Tyrese Young,CHA,2001-02,24,78,7,32.4,18.2,7.2,6.7,0,0.9,2.5,0.398,0.344,0.745,21.5,,,,
Anthony Green,MIA,2001-02,22,30,2,20.0,9.6,6.1,4.2,0.9,0.9,2.6,0.53,0.379,0.841,33.7,,,,
Kyle Moore,MIA,2001-02,20,71,20,22.3,18.1,2.1,6.0,1.4,0,2.3,0.438,0.315,0.785,20.7,,,,
CJ Moore,HOU,2001-02,24,48,5,17.5,16.8,8.0,3.3,1.4,0.3,3.8,0.501,0.387,0.85,22.2,,,,
Darius Nelson,PHX,2001-02,25,75,51,25.0,19.9,8.4,7.0,0.3,0.3,2.7,0.392,0.387,0.919,16.3,,,,
Kevin White,PHI,2001-02,22,64,3,38,11.1,10.8,4.1,0.4,0.4,2.5,0.449,0.334,0.681,34.3,,,,
Zach Moore,NYK,2001-02,21,31,23,22.9,23.1,10.8,2.3,1.6,0.5,1.9,0.507,0.398,0.803,23.7,,,,
Jayson King,CHI,2001-02,24,53,4,22.3,26.1,10.3,5.6,0.3,0,1.0,0.546,0.302,0.792,22.9,,,,
CJ Johnson,SAS,2001-02,20,55,15,22.7,18.4,6.9,4.6,0.9,0.4,3.2,0.504,0.288,0.701,19.1,,,,
DeAndre Nelson,MIN,2001-02,22,52,12,24.0,17.9,9.3,4.7,1.0,0.6,2.4,0.526,0.322,0.736,28.7,,,,
Kyle Allen,WAS,2001-02,21,20,12,9.8,17.7,2.9,3.9,1.7,1.7,3.1,0.392,0.367,0.77,30.1,,,,
Pascal Phillips,SAS,2001-02,21,47,45,36.8,11.7,5.6,0.2,0.5,0.9,2.2,0.476,0.357,0.737,21.5,,,,
Devin Turner,NYK,2001-02,23,52,16,20.7,7.4,5.4,0.2,1.2,0.7,2.7,0.447,0.282,0.683,19.1,,,,
Cade Collins,HOU,2001-02,20,43,38,20.7,22.5,6.6,3.2,0.8,0.3,1.2,0.415,0.303,0.897,15.7,,,,
Jaylen Martin,PHX,2001-02,22,47,30,23.2,8.2,2.7,2.1,0.9,0,0.3,0.534,0.365,0.801,26.1,,,,
Bam Mitchell,PHI,2001-02,23,81,19,29.9,15.1,2.3,6.8,0.8,0.2,2.4,0.545,0.397,0.807,30.6,,,,
Jayson Parker,PHI,2001-02,22,64,2,15.2,23.9,0.9,5.2,0.1,0.8,1.8,0.457,0.354,0.708,25.4,,,,
Malik Parker,BKN,2001-02,21,51,44,29.4,6.5,8.5,2.6,0.6,0.5,1.5,0.509,0.361,0.917,28.6,,,,
Kevin Reed,MIA,2001-02,21,38,28,22.9,12.0,13.0,9.0,0.9,0.7,1.0,0.416,0.378,0.742,16.8,,,,
Jayson Parker,HOU,2001-02,22,61,16,34.9,21.5,4.1,2.3,0.5,0.1,1.1,0.437,0.339,0.717,30.4,,,,
Luka Hill,PHI,2001-02,20,53,25,22.5,10.1,7.5,2.8,1.7,0.1,1.8,0.488,0.304,0.899,15.3,,,,
CJ Mitchell,MIL,2001-02,23,30,18,29.1,2.8,0.5,0.2,0.4,0.2,0.8,0.412,0.339,0.818,15.1,,,,
Tyrese Mitchell,LAC,2001-02,22,24,13,31.9,9.2,5.3,2.4,1.3,0.6,2.7,0.454,0.335,0.765,22.2,,,,
Brandon Taylor,DEN,2001-02,20,46,13,29.8,20.3,2.9,0.5,1.2,0.8,2.6,0.487,0.29,0.71,22.1,,,,
Khris Williams,TOR,2001-02,24,77,40,29.6,14.1,8.4,0.2,0.8,1.4,3.5,0.431,0.4,0.72,25.3,,,,
Andre Allen,PHI,2001-02,21,67,58,28.2,24.3,3.5,4.7,1.0,0,0.5,0.388,0.373,0.735,33.2,,,,
Brandon Turner,CHI,2001-02,23,29,5,21.7,20.4,5.0,7.2,2.3,1.3,1.9,0.422,0.352,0.905,31.8,,,,
Julius Miller,NYK,2001-02,20,76,76,28.0,10.0,6.9,6.8,1.7,0.6,1.3,0.397,0.401,0.679,21.2,,,,
CJ Baker,CLE,2001-02,21,46,29,22.0,23.6,3.5,4.1,0,0.5,2.5,0.503,0.349,0.749,16.4,,,,
Zach Reed,SAS,2001-02,21,55,22,11.1,7.8,3.4,2.8,0.4,0.5,2.3,0.548,0.394,0.763,34.2,,,,
Jaylen Young,NOP,2001-02,19,64,2,38,15.6,4.2,6.8,1.3,0.6,0.6,0.414,0.414,0.872,23.3,,,,
Ja Evans,DEN,2001-02,22,52,10,27.5,6.2,9.4,3.7,1.3,0.9,2.3,0.491,0.337,0.794,19.5,,,,
LaMelo Reed,SAC,2001-02,21,73,48,20.5,17.1,6.4,1.5,0.7,0.5,2.7,0.506,0.384,0.696,19.7,,,,
Malik Allen,CHA,2001-02,24,56,1,23.8,3.6,11.2,0.2,1.6,0.7,0.3,0.42,0.321,0.762,34.5,,,,
Marcus Mitchell,PHI,2001-02,23,67,55,16.8,7.5,9.2,0.4,1.3,0.8,0.3,0.406,0.335,0.892,30.9,,,,
Zion Lopez,OKC,2001-02,21,29,4,28.4,2.7,9.1,4.9,1.5,0.4,2.0,0.464,0.299,0.693,23.7,,,,
Jrue Phillips,OKC,2001-02,20,75,70,22.1,18.3,3.3,2.3,1.0,0.8,0.3,0.396,0.394,0.702,26.1,,,,
Domantas Stewart,CLE,2001-02,25,42,39,19.2,18.7,5.0,1.9,1.4,0.8,3.5,0.445,0.284,0.664,17.1,,,,
Brandon Harris,SAS,2001-02,19,38,24,32.6,6.5,4.1,3.5,1.4,1.5,1.9,0.443,0.395,0.723,23.7,,,,
Zion Parker,PHI,2001-02,25,78,63,6.2,8.0,1.1,4.7,1.1,0.5,2.0,0.397,0.281,0.794,15.8,,,,
Domantas Stewart,UTA,2001-02,19,50,8,23.8,10.1,7.2,4.3,1.8,0.9,1.7,0.541,0.316,0.704,29.2,,,,
Devin Anderson,IND,2001-02,22,59,46,25.0,19.0,1.2,6.2,1.5,1.5,1.2,0.475,0.349,0.742,31.1,,,,
LaMelo Campbell,GSW,2001-02,21,76,18,21.1,14.0,0.5,1.3,1.1,0.7,2.6,0.436,0.322,0.67,23.8,,,,
Andre Wright,MIN,2001-02,21,76,29,20.1,17.3,6.7,5.2,0.8,0,2.0,0.496,0.311,0.883,29.6,,,,
Cade Young,UTA,2001-02,25,56,15,13.9,21.5,3.6,1.2,1.2,1.3,1.3,0.505,0.309,0.828,22.3,,,,
DeMar Miller,NYK,2001-02,21,67,20,25.2,5.2,1.5,0.2,1.2,0.7,0.7,0.396,0.341,0.756,33.8,,,,
Fred Davis,LAL,2001-02,21,55,17,30.1,16.8,6.8,5.8,1.4,0.1,1.8,0.468,0.309,0.712,28.4,,,,
Giannis Nelson,MEM,2001-02,22,58,18,23.9,3.5,1.7,2.6,0.3,0.2,3.2,0.53,0.299,0.812,34.3,,,,
DeAndre Reed,TOR,2001-02,22,76,50,20.1,24.9,6.7,1.7,1.1,0.4,2.0,0.518,0.332,0.666,18.6,,,,
Donovan Baker,LAL,2001-02,21,39,32,24.3,19.4,5.9,4.5,0.7,0,2.2,0.538,0.318,0.826,23.5,,,,
Khris Reed,GSW,2001-02,21,77,32,38,13.3,5.3,3.8,0.7,1.5,1.2,0.426,0.392,0.669,16.5,,,,
Chris Edwards,NYK,2001-02,22,51,35,16.3,8.5,3.1,3.1,1.6,1.2,1.2,0.483,0.369,0.753,26.1,,,,
Fred Wright,PHI,2001-02,22,62,51,22.9,14.5,11.4,4.3,0.9,0.7,2.7,0.426,0.412,0.828,26.8,,,,
Kevin Brown,CLE,2001-02,23,56,25,23.6,14.6,4.5,2.2,0.3,0.5,0.7,0.406,0.368,0.803,23.9,,,,
DeAndre Anderson,CHA,2001-02,20,24,10,24.3,15.3,5.2,3.5,0.9,1.6,1.8,0.49,0.365,0.737,17.3,,,,
Nikola Baker,CLE,2001-02,19,53,19,19.3,17.4,2.4,5.1,1.5,0.7,1.3,0.422,0.376,0.895,21.7,,,,
Khris Wilson,CLE,2001-02,19,71,61,38,18.9,1.1,3.9,0.8,0.7,0.8,0.39,0.316,0.7,34.6,,,,
DeAndre Johnson,TOR,2001-02,21,63,24,25.8,27.1,3.7,6.1,0.7,0.8,1.3,0.426,0.302,0.831,29.3,,,,
Ja Campbell,TOR,2001-02,22,70,32,28.6,16.5,0.9,0.2,0.9,1.1,2.0,0.413,0.295,0.917,16.9,,,,
Nikola Murphy,LAC,2001-02,19,58,27,23.1,13.0,3.3,0.8,1.0,0.2,1.8,0.435,0.364,0.695,20.1,,,,
Zion Lopez,OKC,2001-02,19,23,10,21.4,7.2,3.0,5.9,0.7,0.7,2.0,0.544,0.336,0.887,19.2,,,,
Brandon Jackson,LAL,2001-02,20,53,9,33.2,17.3,6.7,0.7,0.8,0.7,3.9,0.499,0.323,0.911,19.8,,,,
Luka Adams,DET,2001-02,23,75,21,37.8,25.1,3.0,1.7,0.2,0,1.3,0.389,0.408,0.849,28.0,,,,
Malik Mitchell,MIL,2001-02,23,70,66,23.1,6.0,8.5,1.6,1.4,0.2,3.1,0.386,0.327,0.657,15.4,,,,
Bam Williams,BKN,2001-02,21,56,3,28.4,13.9,6.6,1.2,1.4,0.8,1.7,0.408,0.381,0.797,26.8,,,,
Kevin Moore,ATL,2001-02,25,43,6,29.7,8.4,6.5,3.7,1.4,1.3,2.1,0.455,0.386,0.874,31.3,,,,
Julius Miller,MIA,2001-02,25,81,63,25.1,13.1,11.6,0.4,0.4,0.3,1.5,0.393,0.396,0.682,31.2,,,,
DeAndre Collins,UTA,2002-03,22,42,4,23.8,15.3,2.2,2.9,1.4,1.2,0.3,0.526,0.391,0.716,22.1,,,,
Chris Taylor,NOP,2002-03,22,54,4,27.0,14.3,2.4,2.1,0.8,1.4,1.8,0.523,0.3,0.665,32.6,,,,
Tyrese Young,PHX,2002-03,23,22,4,38,15.8,1.2,5.4,1.3,0.9,3.5,0.466,0.419,0.836,17.1,,,,
Anthony Green,HOU,2002-03,25,22,22,25.1,21.6,10.4,4.2,1.2,1.5,2.4,0.464,0.386,0.767,22.6,,,,
Kyle Moore,UTA,2002-03,20,60,12,38,19.9,7.0,0.8,0.4,0,2.0,0.548,0.381,0.845,25.2,,,,
Darius Nelson,NOP,2002-03,26,49,17,32.5,12.3,11.7,3.6,0.8,0,3.0,0.543,0.339,0.709,20.8,,,,
Kevin White,DET,2002-03,22,38,21,36.2,7.7,2.8,4.9,1.2,1.1,2.3,0.525,0.37,0.88,18.5,,,,
Zach Moore,SAC,2002-03,22,51,46,27.6,21.7,0.5,3.9,1.1,1.4,2.5,0.481,0.314,0.861,17.4,,,,
Tyrese Moore,BKN,2002-03,22,49,9,21.4,10.1,0.5,7.1,1.1,0.7,1.3,0.513,0.332,0.672,17.1,,,,
CJ Johnson,DEN,2002-03,22,55,24,18.7,6.9,1.8,4.2,2.0,1.3,2.2,0.498,0.368,0.709,27.4,,,,
DeAndre Nelson,WAS,2002-03,23,42,37,13.0,22.2,4.7,3.5,2.2,0.3,3.0,0.487,0.287,0.765,22.9,,,,
Kyle Allen,CHA,2002-03,23,22,0,23.0,6.4,9.2,5.4,1.7,1.2,1.6,0.486,0.311,0.669,20.2,,,,
Shai Stewart,NYK,2002-03,20,41,16,28.7,19.2,9.4,6.1,1.8,1.1,2.8,0.386,0.383,0.729,33.3,,,,
Pascal Phillips,CLE,2002-03,25,55,37,38,22.0,3.8,4.1,1.9,0.8,1.5,0.426,0.337,0.798,32.1,,,,
Devin Turner,BKN,2002-03,22,45,20,32.0,19.0,10.7,0.2,1.0,0.7,0.8,0.428,0.288,0.863,27.9,,,,
Cade Collins,BKN,2002-03,24,28,9,31.1,10.3,2.5,5.0,1.2,0.1,3.0,0.466,0.392,0.709,16.4,,,,
Jaylen Martin,BKN,2002-03,24,29,23,25.5,17.2,2.5,10.2,1.2,0.9,1.9,0.386,0.345,0.671,27.4,,,,
Bam Mitchell,LAL,2002-03,22,23,10,27.6,2,8.2,3.9,0.7,1.0,1.9,0.448,0.38,0.89,23.5,,,,
Jayson Parker,NOP,2002-03,23,64,23,38,14.2,5.1,6.1,0.3,0,2.6,0.487,0.416,0.69,20.0,,,,
Marcus Cook,GSW,2002-03,19,81,69,29.4,10.5,7.5,1.5,0.8,0.7,2.1,0.424,0.348,0.711,26.0,,,,
Malik Parker,BKN,2002-03,21,41,22,18.0,7.5,6.8,2.7,1.3,0.8,3.1,0.525,0.39,0.753,28.8,,,,
Chris Thomas,UTA,2002-03,21,59,43,29.3,20.2,1.8,0.8,1.5,0.8,3.0,0.463,0.292,0.907,21.0,,,,
Kevin Reed,CHA,2002-03,25,71,49,12.0,3.8,5.4,1.5,0.8,0,0.5,0.411,0.328,0.701,26.8,,,,
Jayson Parker,DAL,2002-03,21,80,55,23.8,16.4,5.3,6.0,0.7,1.0,3.4,0.392,0.365,0.773,34.0,,,,
Luka Hill,PHI,2002-03,21,54,42,34.0,20.5,3.3,6.2,1.4,0.3,1.3,0.389,0.282,0.695,17.4,,,,
CJ Mitchell,OKC,2002-03,24,22,5,8.8,19.1,7.0,3.1,1.2,0.7,3.7,0.531,0.281,0.812,16.3,,,,
Bam Miller,LAC,2002-03,20,71,41,34.5,7.5,5.5,1.2,1.1,0.3,4.0,0.489,0.388,0.658,29.6,,,,
Tyrese Mitchell,UTA,2002-03,23,28,16,23.8,18.6,5.0,1.6,1.7,1.0,1.9,0.496,0.398,0.757,24.8,,,,
Brandon Taylor,NOP,2002-03,21,30,21,30.1,7.8,7.0,2.5,0.6,0.2,2.5,0.514,0.283,0.868,31.0,,,,
Khris Williams,MEM,2002-03,24,54,2,21.7,19.5,6.6,3.2,0.2,0.6,1.8,0.53,0.41,0.882,16.0,,,,
Andre Allen,SAC,2002-03,24,58,33,19.2,12.8,4.0,2.3,1.2,0.7,2.9,0.464,0.3,0.859,15.2,,,,
Brandon Turner,ATL,2002-03,24,66,26,24.0,11.3,3.2,5.2,0.7,0.4,2.6,0.542,0.338,0.891,31.1,,,,
Julius Miller,PHI,2002-03,22,49,8,11.1,8.4,4.4,2.6,1.0,0.2,0.4,0.39,0.341,0.66,33.1,,,,
CJ Baker,HOU,2002-03,21,24,15,26.4,12.8,9.4,7.5,0.3,1.3,1.0,0.464,0.285,0.716,16.3,,,,
James White,DAL,2002-03,19,51,10,34.9,2,5.1,3.0,1.3,0.1,0.8,0.498,0.31,0.854,17.9,,,,
Zach Reed,LAC,2002-03,21,82,42,30.7,11.8,4.4,0.9,0,1.0,1.8,0.503,0.299,0.68,19.0,,,,
Jaylen Young,BOS,2002-03,21,71,20,38,15.6,8.0,5.6,1.0,0.4,1.0,0.406,0.355,0.73,22.2,,,,
Ja Evans,ORL,2002-03,22,51,49,26.7,17.2,9.6,0.2,0.9,0.5,2.5,0.395,0.326,0.777,16.2,,,,
LaMelo Reed,PHX,2002-03,23,41,17,38,17.5,6.0,6.5,1.7,0,1.8,0.441,0.381,0.866,22.2,,,,
Malik Allen,CLE,2002-03,25,63,2,22.1,22.4,9.3,3.3,0.7,1.2,0.3,0.51,0.321,0.764,24.0,,,,
Marcus Mitchell,UTA,2002-03,23,49,36,20.3,18.7,8.6,3.8,0.8,0.4,3.0,0.544,0.311,0.782,22.9,,,,
LaMelo Thomas,PHX,2002-03,22,30,21,19.2,22.7,0.5,5.1,0.8,1.4,3.5,0.5,0.334,0.694,17.8,,,,
Zion Lopez,PHX,2002-03,20,52,43,21.5,20.1,5.7,4.7,0.5,0,1.2,0.525,0.297,0.893,28.0,,,,
Jrue Phillips,HOU,2002-03,22,31,17,28.4,7.2,5.2,0.2,0.5,0.8,0.5,0.505,0.337,0.669,32.1,,,,
Domantas Stewart,ORL,2002-03,24,28,11,29.5,23.7,6.0,4.8,0.3,0,4.2,0.53,0.328,0.83,19.6,,,,
Donovan Brown,WAS,2002-03,19,57,39,29.1,20.4,1.3,3.7,0.8,0,1.9,0.534,0.409,0.758,17.4,,,,
Brandon Harris,BKN,2002-03,20,48,11,20.8,19.7,3.3,1.5,1.7,1.6,3.2,0.395,0.41,0.868,19.0,,,,
Zion Parker,MIL,2002-03,24,20,12,20.1,15.7,3.1,1.6,0.8,1.0,0.5,0.55,0.355,0.88,32.9,,,,
Bam Stewart,GSW,2002-03,20,29,1,17.5,6.8,7.0,1.2,1.2,1.0,1.1,0.453,0.317,0.908,26.4,,,,
Jordan Edwards,OKC,2002-03,20,32,31,35.0,14.2,5.8,5.8,1.7,0.3,2.9,0.485,0.346,0.7,24.9,,,,
CJ King,NYK,2002-03,20,41,30,35.5,10.1,1.6,7.7,0.7,0.6,0.3,0.54,0.315,0.787,15.2,,,,
Domantas Stewart,POR,2002-03,20,23,2,15.2,18.4,5.7,7.9,1.3,1.6,1.1,0.414,0.367,0.759,30.2,,,,
DeAndre Roberts,SAC,2002-03,21,70,7,28.2,12.3,4.0,5.1,1.6,0.9,0.9,0.517,0.41,0.674,20.6,,,,
Cade Mitchell,HOU,2002-03,20,70,6,15.8,14.3,3.0,2.9,2.0,0.6,2.6,0.527,0.343,0.802,17.0,,,,
Devin Anderson,NYK,2002-03,23,27,22,21.1,2,3.1,0.2,1.5,0.8,1.4,0.434,0.306,0.658,16.1,,,,
LaMelo Campbell,CLE,2002-03,22,39,7,33.4,9.7,8.5,3.0,0.8,0.4,1.6,0.548,0.376,0.819,34.1,,,,
Cade Young,CHI,2002-03,26,82,31,22.3,18.4,10.6,4.9,0.3,1.9,0.3,0.517,0.36,0.867,26.5,,,,
DeMar Miller,MIN,2002-03,24,20,14,27.3,14.7,8.4,3.4,1.1,0.7,0.5,0.495,0.368,0.703,33.0,,,,
Fred Davis,LAC,2002-03,21,32,8,10.1,11.6,3.0,1.0,0.9,0.4,2.7,0.39,0.313,0.653,21.0,,,,
Giannis Nelson,DAL,2002-03,21,24,14,38,12.6,6.7,0.2,1.5,0.9,1.1,0.434,0.413,0.658,22.9,,,,
DeAndre Reed,CLE,2002-03,25,82,19,25.9,16.6,6.1,0.4,1.2,0.7,4.5,0.407,0.375,0.712,29.2,,,,
Donovan Baker,LAL,2002-03,22,53,9,25.8,11.6,10.2,7.5,1.9,1.0,0.3,0.462,0.379,0.807,20.3,,,,
Khris Reed,ORL,2002-03,23,39,30,17.6,15.5,1.2,1.1,0.4,0.7,1.5,0.533,0.35,0.871,20.6,,,,
Ja Jackson,HOU,2002-03,20,60,55,13.3,9.6,3.7,1.8,1.3,1.5,2.0,0.459,0.343,0.914,19.9,,,,
Chris Edwards,CLE,2002-03,24,31,13,33.6,15.9,5.3,2.3,0.8,0.8,1.7,0.397,0.354,0.701,25.3,,,,
Fred Wright,HOU,2002-03,24,49,13,23.7,7.8,3.7,0.2,0.6,0.5,1.8,0.431,0.394,0.789,34.8,,,,
Kevin Brown,UTA,2002-03,21,21,13,33.4,18.1,7.4,2.5,0.6,0.4,0.5,0.498,0.323,0.662,26.0,,,,
Jalen Murphy,ATL,2002-03,20,75,75,27.9,16.9,3.0,0.2,1.4,1.5,0.6,0.503,0.321,0.82,25.2,,,,
DeAndre Anderson,DAL,2002-03,23,73,43,29.2,16.5,2.1,1.9,1.1,0.9,1.6,0.519,0.302,0.684,32.4,,,,
Nikola Baker,OKC,2002-03,22,63,22,35.5,7.1,8.8,0.2,1.3,0.9,2.3,0.538,0.405,0.826,31.1,,,,
Khris Wilson,GSW,2002-03,23,45,32,29.3,17.5,4.3,5.7,1.5,0.4,2.1,0.436,0.347,0.838,29.6,,,,
DeAndre Johnson,NYK,2002-03,20,67,2,22.6,19.7,3.7,3.4,2.2,0.1,1.3,0.487,0.398,0.69,27.7,,,,
Ja Campbell,CHI,2002-03,22,74,51,14.1,5.2,4.5,3.8,1.7,0.5,1.9,0.39,0.392,0.893,20.7,,,,
Nikola Murphy,BKN,2002-03,22,80,42,23.8,7.1,8.4,4.6,0.5,0.2,3.5,0.424,0.339,0.817,19.9,,,,
Zion Lopez,NOP,2002-03,20,43,15,28.0,21.5,3.5,4.2,1.0,0.9,0.5,0.471,0.378,0.655,33.9,,,,
Brandon Jackson,CHI,2002-03,21,53,15,19.0,4.7,7.7,2.9,1.4,0.4,2.0,0.463,0.361,0.827,24.3,,,,
Luka Adams,BKN,2002-03,24,42,36,27.1,12.5,4.0,5.0,0.9,0.4,2.9,0.382,0.321,0.889,23.5,,,,
Darius Cook,DAL,2002-03,19,45,26,19.8,17.1,4.3,2.9,1.6,0.8,2.2,0.526,0.292,0.916,27.3,,,,
Malik Mitchell,PHX,2002-03,22,72,8,29.1,11.8,6.2,4.7,1.8,0,1.9,0.52,0.301,0.705,33.6,,,,
Nikola Parker,NOP,2002-03,20,48,17,14.6,10.5,5.9,4.9,1.7,0.8,1.4,0.497,0.388,0.676,28.0,,,,
Bam Williams,MIL,2002-03,23,53,6,29.4,20.4,0.5,4.4,0.7,0.9,1.4,0.49,0.41,0.653,20.9,,,,
Kevin Moore,POR,2002-03,24,47,45,19.1,19.2,0.5,3.7,0.9,0.4,3.6,0.488,0.407,0.861,30.9,,,,
Julius Miller,POR,2002-03,26,54,54,29.6,14.1,2.6,2.5,1.6,0.1,2.1,0.417,0.412,0.678,21.0,,,,
Fred Cook,DEN,2002-03,22,59,20,19.6,12.5,0.5,2.4,1.7,1.2,3.2,0.41,0.391,0.705,15.7,,,,
DeAndre Collins,TOR,2003-04,23,35,27,24.7,5.9,4.1,3.3,0.8,0.4,3.0,0.45,0.299,0.809,31.4,13.0,0.538,2.1,-1.3
Chris Taylor,NYK,2003-04,22,78,40,5,29.9,9.8,3.0,0.9,0.3,2.2,0.473,0.332,0.755,33.8,7.2,0.496,-4.9,1.7
Tyrese Young,MIL,2003-04,24,53,1,37.3,20.2,7.1,4.6,0.7,0.1,1.5,0.477,0.395,0.773,19.8,4.5,0.609,-0.8,0.1
Anthony Green,LAL,2003-04,25,39,39,30.1,17.5,4.3,8.3,0.6,1.1,0.3,0.503,0.414,0.729,21.7,16.6,0.519,-0.7,0.1
Kyle Moore,HOU,2003-04,22,36,10,25.6,8.5,4.2,6.2,1.1,1.0,4.0,0.44,0.331,0.877,33.8,19.9,0.616,-0.4,0.3
Darius Nelson,MIL,2003-04,27,70,46,31.3,10.7,7.3,4.1,1.5,0.7,2.2,0.523,0.296,0.885,22.4,24.5,0.534,2.8,2.3
Kevin White,TOR,2003-04,24,23,10,32.9,12.3,2.8,8.3,0.5,0,2.8,0.502,0.409,0.906,18.9,12.3,0.49,-0.2,0.2
Zach Moore,GSW,2003-04,22,46,32,26.9,6.4,7.7,1.9,0.3,0,0.5,0.506,0.333,0.817,29.3,17.1,0.544,-1.9,-1.3
Tyrese Moore,DEN,2003-04,20,53,47,27.2,18.4,5.2,4.2,0.5,0.8,0.7,0.437,0.374,0.824,26.1,17.2,0.548,-6.1,1.7
CJ Johnson,MIA,2003-04,21,22,17,27.2,7.6,8.8,2.9,1.3,0,0.6,0.516,0.284,0.836,32.8,25.5,0.503,-4.3,3.7
DeAndre Nelson,PHX,2003-04,24,65,16,34.4,10.7,2.7,0.2,0.9,0.2,4.1,0.458,0.381,0.864,23.6,16.3,0.523,-8.8,-0.6
Kyle Allen,IND,2003-04,24,36,24,30.1,14.3,5.2,5.9,1.2,1.3,2.4,0.415,0.404,0.85,23.3,17.5,0.637,-3.3,5.2
Shai Stewart,PHI,2003-04,22,73,20,17.7,10.4,6.4,3.4,1.3,0.9,1.9,0.471,0.418,0.912,34.3,12.5,0.59,1.5,-1.1
Pascal Phillips,DET,2003-04,24,26,10,17.8,5.7,0.5,3.8,0,0,3.2,0.49,0.31,0.816,22.1,7.0,0.623,2.4,2.7
Devin Turner,MIL,2003-04,25,36,19,35.3,16.8,2.9,5.0,1.3,0.6,1.7,0.417,0.371,0.702,28.2,18.0,0.551,-0.7,4.9
Cade Collins,BKN,2003-04,25,77,14,37.9,12.8,3.3,3.8,0.9,0.9,2.8,0.445,0.384,0.906,17.2,19.3,0.505,-1.3,0.9
Jaylen Martin,SAC,2003-04,23,24,4,23.8,8.1,9.1,3.7,1.1,0,0.6,0.524,0.352,0.812,26.3,14.2,0.622,6.6,4.0
Bam Mitchell,UTA,2003-04,24,34,11,28.9,21.9,4.1,0.5,0.6,0.4,1.2,0.48,0.304,0.822,28.1,17.7,0.554,0.4,-2.2
Jayson Parker,DET,2003-04,26,77,74,21.3,17.2,7.3,3.9,0.6,0,1.9,0.452,0.378,0.918,26.2,20.9,0.598,0.2,-1.6
Malik Phillips,DEN,2003-04,21,73,44,30.7,11.4,1.4,4.2,0.5,0,1.8,0.549,0.323,0.848,32.5,14.2,0.597,-1.1,-1.6
Marcus Cook,MEM,2003-04,23,26,26,25.0,11.0,5.9,7.5,1.6,1.7,2.1,0.534,0.336,0.803,17.2,18.1,0.487,-0.2,1.1
Malik Parker,HOU,2003-04,21,38,29,28.8,7.7,12.9,2.5,0.9,0.1,4.0,0.399,0.337,0.74,26.0,15.7,0.613,0.2,4.7
Chris Thomas,LAC,2003-04,22,59,37,12.8,9.8,2.9,4.4,0.3,1.0,1.3,0.531,0.356,0.845,32.9,25.6,0.499,3.3,3.3
Luka Wilson,NOP,2003-04,21,39,16,38,20.3,5.1,5.3,1.2,1.4,1.1,0.395,0.34,0.752,24.6,25.1,0.617,-4.8,3.3
Kevin Reed,SAC,2003-04,25,37,1,29.3,2,3.1,5.0,0.8,1.0,1.2,0.502,0.413,0.823,33.6,12.3,0.555,0.2,1.0
Jayson Parker,MIN,2003-04,22,71,46,28.6,16.7,5.8,7.5,1.3,1.0,2.5,0.451,0.403,0.674,32.1,4.1,0.537,1.6,3.5
Cade Moore,NYK,2003-04,20,31,23,28.6,5.2,0.5,5.0,1.5,0.8,2.8,0.381,0.318,0.671,32.4,24.1,0.541,-3.9,5.8
Luka Hill,TOR,2003-04,21,34,6,6.6,16.8,8.5,5.7,2.1,0.8,0.6,0.396,0.327,0.834,15.5,13.1,0.559,1.3,0.8
CJ Mitchell,MEM,2003-04,22,52,18,8.1,7.9,3.8,1.3,1.3,1.3,2.0,0.386,0.364,0.765,20.7,11.1,0.628,-1.6,-2.3
DeAndre Turner,OKC,2003-04,19,58,28,32.0,10.4,5.7,3.1,1.2,0.4,2.4,0.464,0.367,0.778,33.0,19.3,0.52,-3.0,-0.2
Bam Miller,ORL,2003-04,22,41,13,38,23.7,5.2,2.6,0.9,0.3,4.3,0.437,0.289,0.725,30.5,15.3,0.615,0.3,-1.5
Tyrese Mitchell,SAC,2003-04,24,80,19,13.3,11.0,7.1,5.0,0.1,0.4,2.9,0.384,0.333,0.848,26.1,23.5,0.647,0.2,-3.2
Brandon Taylor,GSW,2003-04,23,29,11,35.6,16.4,6.1,0.2,1.3,0.9,2.0,0.497,0.3,0.786,18.4,14.7,0.597,4.7,-1.0
Khris Williams,GSW,2003-04,26,39,37,25.0,5.8,6.4,0.2,0.7,0.6,3.7,0.524,0.37,0.657,22.2,8.8,0.648,1.5,1.6
Andre Allen,BKN,2003-04,26,28,1,29.3,11.1,1.3,2.3,0.7,0.2,3.4,0.461,0.408,0.696,31.6,21.9,0.53,3.3,3.2
Brandon Turner,DEN,2003-04,23,20,5,26.7,21.0,9.2,1.1,0.7,0.5,1.4,0.447,0.303,0.75,28.7,10.7,0.487,4.2,1.2
Julius Miller,TOR,2003-04,24,37,21,19.6,5.4,6.4,0.4,0.2,0,2.5,0.425,0.282,0.742,27.2,23.7,0.552,4.4,2.8
CJ Baker,DEN,2003-04,24,21,10,19.3,22.4,0.5,2.8,1.2,0.4,2.1,0.546,0.336,0.762,31.8,13.4,0.547,-2.8,0.0
Devin Williams,ATL,2003-04,19,78,76,18.6,16.3,5.9,2.2,0.7,0.7,3.1,0.405,0.391,0.906,34.0,11.6,0.544,0.3,4.3
James White,PHX,2003-04,21,79,56,26.5,14.7,2.8,4.4,1.1,1.3,2.1,0.42,0.364,0.847,29.1,25.5,0.539,-0.9,1.2
Bam Green,CHA,2003-04,21,23,15,23.4,7.7,3.8,0.2,0.9,0,2.5,0.447,0.361,0.759,27.5,18.4,0.592,-0.3,-0.4
Zach Reed,DEN,2003-04,25,68,31,37.5,19.3,4.8,2.8,1.2,0,2.2,0.487,0.291,0.804,21.1,18.6,0.54,1.1,2.0
Marcus Hill,DET,2003-04,22,80,1,23.1,14.8,8.1,4.7,1.1,0.6,1.8,0.414,0.32,0.673,34.8,11.8,0.572,1.1,-3.6
Jaylen Young,MIA,2003-04,22,63,6,31.1,13.0,4.3,2.2,0.7,0.7,1.8,0.47,0.319,0.911,28.2,16.8,0.503,2.3,1.0
Ja Evans,MIA,2003-04,23,58,56,21.7,15.6,4.2,5.5,1.7,1.1,1.9,0.482,0.39,0.721,20.3,25.3,0.515,1.7,1.3
LaMelo Reed,TOR,2003-04,26,61,32,18.7,19.6,5.7,4.2,0.5,0.3,2.0,0.4,0.414,0.679,33.2,14.0,0.549,1.6,1.0
Giannis Thomas,ORL,2003-04,19,81,17,25.6,5.4,3.8,3.7,1.1,0.8,0.8,0.384,0.302,0.724,21.6,20.0,0.577,-4.4,1.3
Malik Allen,OKC,2003-04,25,22,12,21.6,17.8,4.1,11.2,1.5,0.5,0.6,0.53,0.316,0.745,27.9,8.6,0.535,2.5,3.9
Marcus Mitchell,HOU,2003-04,23,33,12,29.9,18.3,4.4,1.3,1.8,0,1.2,0.446,0.345,0.659,23.4,10.7,0.538,2.6,-1.7
LaMelo Thomas,TOR,2003-04,23,51,3,19.8,7.3,6.2,3.9,0.4,1.2,1.5,0.418,0.294,0.88,24.8,14.0,0.503,-1.2,0.4
Zion Lopez,LAL,2003-04,24,23,12,26.0,5.6,4.2,2.6,1.7,1.5,2.1,0.405,0.416,0.877,15.8,20.8,0.639,1.0,6.2
Jrue Phillips,BKN,2003-04,22,47,43,23.4,13.2,4.3,1.8,0.8,0.8,2.3,0.529,0.348,0.776,26.3,7.5,0.632,-2.6,2.5
Domantas Stewart,ORL,2003-04,25,71,29,29.7,12.0,8.0,2.1,2.2,0.1,0.3,0.458,0.284,0.866,20.5,18.8,0.638,-2.8,3.1
Donovan Brown,HOU,2003-04,20,53,14,33.7,7.8,8.1,8.4,1.6,1.4,3.5,0.49,0.28,0.903,29.6,15.1,0.549,-2.1,0.4
Brandon Harris,LAC,2003-04,22,59,16,20.6,13.1,8.0,1.1,1.0,0.1,2.7,0.393,0.411,0.849,20.1,14.9,0.527,2.3,4.6
Zion Parker,LAL,2003-04,24,48,44,21.2,17.5,7.6,0.2,0.8,0,1.5,0.399,0.381,0.77,16.2,19.3,0.648,-0.8,2.9
Bam Stewart,CLE,2003-04,23,31,21,19.8,6.9,5.8,4.7,1.3,0.8,1.7,0.396,0.308,0.832,17.6,19.3,0.645,3.9,-0.5
CJ Murphy,DEN,2003-04,22,50,14,26.2,17.0,9.0,5.0,0.4,0.3,1.7,0.525,0.3,0.77,20.7,17.6,0.502,-0.2,3.9
Jordan Edwards,CHA,2003-04,22,48,11,37.3,16.4,6.6,0.2,1.5,0,3.7,0.518,0.384,0.864,28.8,6.0,0.597,0.0,-1.6
CJ King,CHA,2003-04,22,67,34,24.3,17.2,4.3,7.1,0.6,0.7,3.1,0.496,0.321,0.656,22.0,11.9,0.489,2.6,1.4
Domantas Stewart,DAL,2003-04,21,77,42,15.0,14.7,9.2,4.4,1.2,0.6,2.4,0.47,0.402,0.727,27.1,15.1,0.633,1.9,-0.4
DeAndre Roberts,IND,2003-04,20,54,42,26.1,22.6,9.4,0.2,1.3,0.7,3.4,0.406,0.291,0.725,25.6,13.9,0.626,-1.6,1.8
Cade Mitchell,PHI,2003-04,22,43,43,38,16.4,4.3,3.4,1.9,1.4,1.0,0.397,0.369,0.662,26.6,13.4,0.529,-0.7,2.8
Devin Anderson,LAC,2003-04,21,37,31,17.7,10.9,6.2,2.2,0.2,0.2,1.4,0.42,0.338,0.759,33.6,24.7,0.589,-8.2,2.4
LaMelo Campbell,LAC,2003-04,24,47,33,26.1,10.8,5.3,4.5,0.6,0.1,2.5,0.535,0.307,0.835,32.6,20.6,0.601,0.8,0.5
Andre Mitchell,IND,2003-04,19,66,61,10.1,11.1,11.8,6.0,2.4,0.3,2.6,0.409,0.294,0.658,15.7,23.5,0.54,-3.8,1.6
Cade Young,UTA,2003-04,25,30,15,17.3,7.9,4.0,0.5,0.5,0.8,2.7,0.421,0.305,0.836,23.0,15.5,0.563,-0.4,2.5
DeMar Miller,PHI,2003-04,25,73,11,28.1,16.7,4.3,2.4,1.3,0.4,1.9,0.483,0.359,0.814,32.2,15.5,0.486,-2.3,2.1
Fred Davis,DAL,2003-04,24,81,52,38,19.0,3.3,7.0,0.2,0.2,3.2,0.449,0.359,0.713,33.8,5.4,0.505,0.0,-1.8
Giannis Nelson,PHI,2003-04,25,61,49,34.4,2,7.6,0.2,1.3,0.7,1.9,0.51,0.323,0.92,33.3,14.1,0.528,2.5,0.2
DeAndre Reed,ORL,2003-04,25,63,40,13.5,2,4.2,2.6,1.0,0.9,3.2,0.503,0.41,0.874,18.5,9.3,0.53,-4.9,1.4
Donovan Baker,NYK,2003-04,25,49,44,5.5,13.4,5.2,3.7,1.0,0,0.4,0.51,0.389,0.76,34.4,15.0,0.584,3.1,3.8
Khris Reed,PHI,2003-04,23,69,0,22.4,12.3,5.5,2.6,1.4,0.4,0.3,0.465,0.395,0.651,34.3,15.3,0.599,2.3,4.1
Ja Jackson,LAL,2003-04,20,49,40,28.5,9.5,3.1,0.2,1.0,1.0,2.7,0.528,0.348,0.903,23.8,18.3,0.628,8.3,0.2
Chris Edwards,HOU,2003-04,23,31,17,22.7,20.2,3.7,2.8,1.8,1.0,4.5,0.495,0.378,0.885,23.5,18.1,0.517,2.5,3.0
Fred Wright,PHI,2003-04,27,35,17,33.0,17.6,7.5,6.9,1.0,1.4,1.0,0.474,0.354,0.819,31.6,12.9,0.515,1.0,-1.6
Kevin Brown,MIL,2003-04,22,73,72,34.0,22.9,8.3,3.2,1.0,0,1.0,0.474,0.322,0.896,24.7,4.6,0.577,-0.0,-0.8
Jalen Murphy,WAS,2003-04,23,38,8,25.0,20.7,9.4,5.0,1.2,0.9,3.2,0.467,0.402,0.908,18.6,14.7,0.636,2.8,2.0
DeAndre Anderson,DET,2003-04,22,70,62,26.4,25.8,2.9,8.3,1.1,0.8,1.6,0.47,0.349,0.778,21.7,20.5,0.534,-2.0,5.9
Nikola Baker,CHI,2003-04,21,24,16,29.0,23.3,7.4,5.9,1.0,0.7,1.7,0.394,0.354,0.765,28.3,15.3,0.578,1.3,-0.1
Khris Wilson,DET,2003-04,22,52,3,27.4,9.8,7.4,1.5,1.2,0.3,4.1,0.443,0.403,0.696,15.9,19.9,0.523,-1.1,4.9
DeAndre Johnson,SAS,2003-04,21,21,7,23.0,22.6,7.8,4.7,0.8,1.5,2.4,0.428,0.303,0.855,20.6,13.4,0.594,0.9,5.8
Ja Campbell,WAS,2003-04,23,60,17,25.5,20.4,3.2,6.3,0.8,0.6,2.2,0.438,0.386,0.819,19.6,14.8,0.552,-3.4,-0.2
Nikola Murphy,DAL,2003-04,22,52,45,26.7,2,0.5,2.2,0.8,0.3,0.5,0.548,0.288,0.691,28.8,13.9,0.55,4.7,3.5
Zion Lopez,ATL,2003-04,21,46,29,38,13.5,11.6,7.2,1.0,1.2,2.5,0.521,0.286,0.849,33.3,12.1,0.507,-4.1,4.3
Shai Anderson,LAC,2003-04,22,48,4,17.3,2,9.2,7.0,1.5,0,1.6,0.476,0.389,0.89,29.9,14.2,0.512,-5.3,4.7
Luka Adams,LAL,2003-04,23,52,5,14.2,2,2.2,0.7,1.0,0,1.9,0.519,0.399,0.824,34.7,4.9,0.524,-0.1,0.7
Darius Cook,POR,2003-04,21,40,2,18.4,18.2,3.8,1.9,0.9,0.7,0.3,0.501,0.312,0.718,18.8,10.1,0.55,4.7,2.6
Malik Mitchell,MIL,2003-04,26,60,30,15.2,6.8,3.9,5.4,1.7,0.5,1.8,0.52,0.311,0.808,31.3,19.8,0.527,2.7,4.5
Nikola Parker,MIL,2003-04,23,45,27,29.8,7.1,2.7,2.5,0.7,1.0,2.3,0.512,0.307,0.694,34.6,10.2,0.553,-1.4,0.6
Bam Williams,NYK,2003-04,23,26,6,24.7,13.1,2.5,0.2,0.9,1.0,1.3,0.545,0.372,0.896,30.2,17.3,0.634,3.2,1.7
Kevin Moore,OKC,2003-04,24,72,16,19.8,14.4,2.5,4.1,0.7,0.9,1.4,0.385,0.316,0.833,31.5,20.6,0.643,0.4,-0.7
Fred Cook,SAS,2003-04,20,76,74,21.9,12.4,10.3,3.4,0.6,0,2.3,0.475,0.382,0.908,26.6,16.4,0.506,0.1,1.2
DeAndre Collins,LAL,2004-05,23,44,25,21.9,7.6,4.8,3.6,0.1,0.8,3.0,0.444,0.417,0.794,31.6,11.3,0.615,-3.0,2.8
Chris Taylor,NYK,2004-05,22,72,7,19.5,16.4,6.5,6.3,0.7,0.1,1.0,0.387,0.339,0.834,17.3,19.1,0.55,-4.6,-0.5
Tyrese Young,HOU,2004-05,27,30,7,32.0,9.1,4.0,3.1,0.6,0.9,3.8,0.533,0.375,0.787,28.3,12.5,0.625,-2.3,2.2
Anthony Green,CHA,2004-05,26,51,7,32.0,16.1,6.9,5.5,0,0.4,2.1,0.44,0.349,0.705,33.8,15.6,0.533,3.5,5.4
Kyle Moore,BOS,2004-05,24,28,10,24.5,16.7,3.7,4.6,0.8,1.2,0.3,0.454,0.389,0.798,26.2,19.5,0.549,-0.1,2.8
DeAndre Young,SAS,2004-05,20,42,32,30.0,16.4,1.2,1.5,1.9,0.7,0.9,0.467,0.314,0.825,28.6,19.5,0.565,-5.3,0.2
Darius Nelson,MEM,2004-05,25,71,24,16.7,11.1,4.0,6.2,0.4,1.4,1.5,0.548,0.365,0.702,18.3,14.8,0.602,-0.2,1.1
Kevin White,DAL,2004-05,25,65,11,30.3,17.1,5.4,0.2,1.6,0.3,2.5,0.457,0.28,0.807,17.7,14.6,0.648,-0.9,2.6
Zach Moore,PHI,2004-05,23,23,3,32.2,17.1,8.0,3.3,1.5,0.7,3.2,0.52,0.413,0.887,34.1,17.2,0.489,-1.5,0.8
Tyrese Moore,PHI,2004-05,22,29,13,38,5.5,5.5,3.6,0,0.1,3.2,0.478,0.31,0.763,29.5,4.5,0.552,10.1,2.9
CJ Johnson,POR,2004-05,25,75,28,12.8,12.8,2.1,1.1,1.3,0.5,0.3,0.516,0.392,0.836,35.0,6.6,0.588,-0.8,1.9
DeAndre Nelson,DET,2004-05,25,36,27,36.0,12.8,8.5,2.7,0.9,0.3,1.5,0.526,0.395,0.742,23.8,13.6,0.648,0.9,-1.4
Kyle Allen,WAS,2004-05,26,66,7,31.0,13.5,7.4,2.1,1.6,0.6,2.3,0.404,0.331,0.823,30.6,21.7,0.586,-3.6,3.6
Shai Stewart,CHI,2004-05,22,58,11,24.3,12.5,5.0,4.1,0.2,0.5,2.1,0.424,0.337,0.794,23.2,16.9,0.557,1.3,-4.0
Tyrese Wright,LAL,2004-05,21,66,19,38,26.6,3.6,2.1,0.9,0.5,3.4,0.546,0.313,0.825,27.2,12.0,0.535,1.5,0.1
Pascal Phillips,PHX,2004-05,27,42,5,28.7,14.9,7.0,5.0,0,0,3.6,0.531,0.409,0.719,17.1,10.3,0.617,3.6,-0.2
Devin Turner,OKC,2004-05,25,75,46,18.0,13.5,2.7,0.2,1.2,0.8,1.4,0.417,0.391,0.777,18.4,12.6,0.508,0.4,1.9
Cade Collins,HOU,2004-05,23,46,19,23.8,20.3,4.6,3.6,1.4,0,1.5,0.413,0.364,0.918,32.3,11.6,0.542,0.6,3.8
Jaylen Martin,PHX,2004-05,23,31,11,27.2,15.0,8.0,2.8,1.2,0.6,1.4,0.389,0.388,0.688,25.3,13.6,0.606,2.0,0.1
Bam Mitchell,MIA,2004-05,25,22,11,38,2,7.8,7.3,1.0,0,2.2,0.549,0.309,0.863,15.7,29.6,0.616,2.5,2.5
Jayson Parker,TOR,2004-05,27,74,32,33.6,19.7,7.9,4.9,1.1,1.9,1.8,0.387,0.366,0.664,22.2,15.3,0.574,-6.7,4.8
Malik Phillips,MEM,2004-05,23,59,48,20.0,23.6,3.0,1.3,1.3,0.7,2.3,0.381,0.347,0.886,30.6,13.5,0.491,-2.5,-0.9
Marcus Cook,ORL,2004-05,21,28,19,38,13.9,5.8,3.4,0.1,1.4,3.3,0.522,0.288,0.885,16.2,12.5,0.492,3.4,-3.7
Jordan Morris,WAS,2004-05,21,20,5,17.0,25.8,5.3,6.2,0.5,1.3,1.4,0.486,0.343,0.766,31.7,19.0,0.591,1.0,1.5
Chris Thomas,WAS,2004-05,22,24,15,25.1,10.5,9.1,3.2,1.0,0.8,3.5,0.462,0.334,0.83,26.5,16.9,0.498,-0.1,0.9
Luka Wilson,OKC,2004-05,20,51,48,21.7,23.9,4.0,8.4,1.6,0.5,0.5,0.381,0.321,0.828,24.6,21.1,0.551,-1.7,-1.5
Kevin Reed,PHI,2004-05,24,23,3,21.3,8.3,10.5,8.3,1.8,0.4,1.4,0.513,0.303,0.823,33.0,21.3,0.498,-0.8,2.0
Jayson Parker,GSW,2004-05,23,46,5,24.0,11.9,3.9,7.9,0.6,0.6,1.6,0.455,0.283,0.79,30.0,15.7,0.486,-3.2,3.0
Cade Moore,CHA,2004-05,21,43,26,31.0,18.9,0.5,1.8,1.4,0.9,2.3,0.55,0.318,0.871,34.1,11.9,0.611,-2.9,0.8
Luka Hill,IND,2004-05,25,75,61,9.2,7.4,8.9,2.5,1.4,0.5,4.0,0.522,0.396,0.707,24.5,24.1,0.55,4.5,3.0
CJ Mitchell,IND,2004-05,23,26,22,25.5,8.7,2.8,0.2,0.6,0.1,2.3,0.407,0.374,0.761,31.5,12.3,0.549,6.5,1.6
DeAndre Turner,MIN,2004-05,22,30,8,15.6,5.8,2.9,0.2,0.9,0,4.4,0.423,0.38,0.664,25.4,16.8,0.565,1.3,2.5
Bam Miller,MIN,2004-05,22,20,8,35.8,6.3,7.7,5.1,1.4,0.2,2.2,0.475,0.388,0.753,30.6,13.8,0.573,-0.3,0.5
Tyrese Mitchell,WAS,2004-05,23,62,60,28.3,19.9,5.4,1.1,1.0,0.7,2.7,0.428,0.301,0.697,17.0,12.2,0.646,-1.9,4.0
Brandon Taylor,BKN,2004-05,24,57,19,14.2,16.6,3.2,5.7,1.3,0.8,2.0,0.432,0.355,0.895,15.4,10.8,0.591,-0.9,-1.1
Khris Williams,OKC,2004-05,24,69,58,27.5,20.8,3.2,0.2,1.0,1.0,2.0,0.491,0.361,0.919,20.6,9.5,0.484,0.1,5.7
Andre Allen,GSW,2004-05,26,53,5,17.6,15.8,2.8,1.1,1.3,0.8,0.7,0.402,0.304,0.722,25.8,15.1,0.61,-2.2,1.4
Brandon Turner,PHX,2004-05,23,40,0,19.2,17.4,0.5,1.9,0.4,0.5,0.7,0.468,0.372,0.848,28.2,9.6,0.503,-3.6,0.8
Julius Miller,NYK,2004-05,26,45,32,28.0,14.0,9.2,4.4,1.0,0.8,2.9,0.447,0.347,0.841,19.1,16.2,0.495,1.6,1.7
CJ Baker,UTA,2004-05,23,26,8,29.2,6.9,2.4,2.4,0.9,0.3,3.2,0.539,0.384,0.883,18.4,10.8,0.648,-7.2,2.6
Devin Williams,MEM,2004-05,21,33,2,12.4,9.8,4.5,5.3,1.2,0.3,2.3,0.394,0.325,0.888,31.5,22.7,0.558,1.1,2.2
James White,IND,2004-05,21,63,47,37.2,8.7,3.6,5.4,0.8,0,3.5,0.483,0.357,0.876,15.4,13.6,0.515,0.5,0.6
Bam Green,SAC,2004-05,22,49,44,11.0,17.3,6.5,4.0,1.2,0.4,2.2,0.515,0.404,0.688,20.7,6.8,0.497,2.2,1.5
Marcus Hill,LAC,2004-05,20,22,10,8.9,24.4,6.1,8.1,1.4,1.5,1.0,0.436,0.287,0.919,27.1,11.7,0.612,-4.4,2.3
Jaylen Young,TOR,2004-05,24,23,18,15.9,18.1,6.4,0.6,1.6,0.5,2.2,0.491,0.339,0.731,28.3,20.3,0.571,2.3,-0.2
Ja Evans,DEN,2004-05,23,28,20,25.9,5.5,5.1,0.9,1.6,0.4,0.4,0.433,0.292,0.672,32.5,8.3,0.568,5.0,2.0
LaMelo Reed,MIN,2004-05,27,74,17,28.2,25.0,7.9,3.7,1.1,0.5,2.4,0.428,0.411,0.681,19.8,11.5,0.628,1.5,2.1
Giannis Thomas,TOR,2004-05,22,46,32,19.5,16.0,7.7,3.8,1.4,0.3,3.5,0.516,0.315,0.66,29.6,19.0,0.621,-5.4,3.1
Malik Allen,OKC,2004-05,25,75,28,27.5,17.0,0.5,6.5,0.3,0.7,2.8,0.383,0.356,0.879,18.8,12.5,0.525,-3.6,1.2
Marcus Mitchell,UTA,2004-05,27,34,0,38,2,3.2,6.2,1.4,0.7,3.2,0.387,0.351,0.709,20.3,10.3,0.528,-2.3,-0.5
LaMelo Thomas,OKC,2004-05,22,82,71,9.1,19.7,0.5,5.6,0.6,1.0,1.4,0.425,0.348,0.918,33.5,25.3,0.646,-0.5,2.0
Zion Lopez,DET,2004-05,25,55,41,29.0,21.7,4.9,4.4,0.8,1.7,1.6,0.45,0.335,0.676,22.2,13.0,0.624,-1.8,3.9
Jrue Phillips,IND,2004-05,26,32,3,13.3,12.6,4.7,8.9,1.9,1.4,2.1,0.388,0.385,0.782,15.4,13.1,0.559,-0.4,3.9
Domantas Stewart,MIN,2004-05,25,75,60,30.7,16.3,6.1,6.2,1.2,0.8,2.9,0.491,0.336,0.685,28.4,14.4,0.632,-4.3,2.1
Tyler Wright,POR,2004-05,19,24,11,20.1,9.6,4.4,0.5,1.4,0.6,2.0,0.42,0.418,0.871,24.3,10.7,0.573,2.0,2.3
Donovan Brown,CHA,2004-05,24,40,5,35.9,21.1,6.9,1.7,1.0,1.1,2.3,0.463,0.348,0.899,33.0,18.3,0.549,1.4,1.2
Brandon Harris,PHX,2004-05,25,26,25,24.5,16.8,5.0,0.5,1.1,0.6,1.7,0.452,0.296,0.836,18.1,13.0,0.638,-2.5,-0.4
Zion Parker,CLE,2004-05,26,76,75,20.6,17.4,0.5,6.9,1.3,0,2.0,0.407,0.408,0.886,29.1,24.9,0.481,-2.8,0.0
Bam Stewart,MIN,2004-05,24,66,47,32.8,19.6,3.8,4.2,1.7,0.9,3.6,0.407,0.406,0.818,18.0,11.0,0.547,-2.0,1.8
CJ Murphy,MIN,2004-05,23,27,2,22.9,12.0,0.5,7.3,1.2,0.1,1.9,0.382,0.313,0.686,17.0,14.7,0.646,-2.5,2.9
Jordan Edwards,NYK,2004-05,23,39,26,20.3,24.6,10.2,3.7,0.8,0.9,0.6,0.408,0.337,0.899,28.1,17.7,0.603,-0.6,-2.7
CJ King,CLE,2004-05,24,41,7,32.1,20.7,3.2,6.0,0,0.7,1.2,0.426,0.339,0.742,17.9,19.8,0.615,-0.1,0.7
Domantas Stewart,CHA,2004-05,22,26,7,33.2,20.7,4.2,1.3,1.3,0.5,1.5,0.415,0.292,0.842,20.2,11.3,0.635,-3.5,2.3
Bam Young,MIL,2004-05,19,67,23,17.7,9.7,7.5,4.5,1.2,0.4,3.8,0.456,0.288,0.691,21.5,9.2,0.648,-2.1,0.6
DeAndre Roberts,CHI,2004-05,24,42,20,24.1,17.3,4.4,1.3,0.3,0.6,1.4,0.5,0.397,0.904,29.6,12.9,0.606,-3.0,1.9
Cade Mitchell,HOU,2004-05,22,59,45,32.0,6.4,9.8,1.7,0.9,0.9,3.1,0.473,0.351,0.786,30.1,6.1,0.637,-2.9,3.9
Luka Campbell,BKN,2004-05,20,33,32,30.8,10.3,5.8,0.4,0.1,0.7,1.0,0.507,0.321,0.828,33.2,12.7,0.563,-1.1,2.1
Devin Anderson,CHA,2004-05,22,26,13,21.5,13.3,5.5,3.7,1.0,0.5,0.3,0.43,0.403,0.775,21.3,14.4,0.543,-2.9,1.5
LaMelo Campbell,LAC,2004-05,23,30,22,19.1,4.0,3.3,3.9,0.7,0.2,1.7,0.52,0.345,0.895,24.6,12.5,0.564,3.5,-0.5
Andre Mitchell,MIN,2004-05,23,70,38,36.7,15.3,7.3,6.6,1.2,0.6,2.3,0.472,0.399,0.831,15.7,15.8,0.631,0.7,1.0
Cade Young,MIN,2004-05,25,77,32,28.0,10.1,3.4,0.2,0,0,2.2,0.414,0.283,0.798,15.8,10.9,0.52,-0.6,-2.5
DeMar Miller,HOU,2004-05,24,29,11,38,22.1,2.4,5.0,1.0,1.0,2.9,0.476,0.392,0.702,27.8,12.9,0.525,1.2,2.3
Fred Davis,PHX,2004-05,25,40,25,29.5,16.3,9.2,7.2,0.4,0.7,2.2,0.431,0.296,0.694,17.7,9.2,0.649,1.2,0.6
Giannis Nelson,IND,2004-05,24,32,16,19.8,11.2,8.3,5.8,2.2,1.2,1.8,0.402,0.29,0.708,25.9,11.3,0.6,-0.3,-0.7
DeAndre Reed,DAL,2004-05,25,71,26,22.3,4.1,4.9,6.7,0.6,0.4,2.7,0.544,0.414,0.877,21.0,16.4,0.545,1.6,0.1
Donovan Baker,MEM,2004-05,24,22,10,8.3,13.0,0.5,4.7,1.0,0.8,4.0,0.446,0.409,0.916,17.6,5.8,0.623,-2.4,0.0
Ja Jackson,IND,2004-05,23,48,12,33.0,14.3,5.2,6.1,0.9,1.0,0.7,0.526,0.32,0.683,34.2,3.5,0.627,-2.9,1.7
Fred Wright,BOS,2004-05,26,74,27,27.2,7.7,5.9,3.8,1.5,0.2,0.8,0.498,0.363,0.702,23.2,2.1,0.484,-0.7,4.5
Kevin Brown,LAC,2004-05,23,64,57,13.3,14.7,4.4,4.2,1.8,1.3,2.1,0.387,0.287,0.879,21.4,11.3,0.628,-0.9,2.6
Jalen Murphy,ORL,2004-05,22,82,41,27.8,4.3,8.3,3.4,1.2,0.5,0.3,0.463,0.407,0.875,26.3,11.3,0.6,-4.5,1.3
DeAndre Anderson,NYK,2004-05,25,64,45,25.6,12.6,2.5,3.7,1.1,0.8,3.6,0.511,0.382,0.666,30.6,11.1,0.506,1.7,1.5
Nikola Baker,UTA,2004-05,24,41,30,33.0,13.0,4.9,2.6,1.8,1.3,1.9,0.445,0.416,0.907,18.8,20.0,0.521,-0.9,1.8
Khris Wilson,PHX,2004-05,23,27,23,27.9,8.3,9.0,2.5,0.7,0,3.5,0.387,0.321,0.713,31.8,6.9,0.608,3.4,0.2
DeAndre Johnson,LAL,2004-05,22,80,17,11.6,11.5,6.0,2.5,1.4,1.1,3.4,0.463,0.359,0.802,23.5,11.5,0.594,-2.0,0.1
Ja Campbell,CLE,2004-05,24,52,23,20.2,22.9,7.4,3.3,1.4,0.9,3.8,0.393,0.419,0.675,17.2,18.7,0.485,3.3,2.8
Nikola Murphy,CHI,2004-05,24,30,7,16.8,7.8,4.3,8.0,1.7,0.8,1.4,0.411,0.378,0.674,28.3,9.6,0.515,-6.6,0.5
Zion Lopez,BOS,2004-05,24,58,9,19.8,5.7,6.1,2.1,1.3,0.5,2.5,0.473,0.384,0.791,27.2,17.0,0.57,1.1,-1.8
Shai Anderson,MIN,2004-05,23,59,56,16.9,12.7,11.4,6.6,0.5,0.3,3.4,0.452,0.347,0.894,21.6,15.0,0.623,4.1,-1.9
Luka Adams,WAS,2004-05,23,66,8,31.1,16.0,4.1,4.6,0.9,0.4,2.6,0.512,0.328,0.813,18.2,15.9,0.623,2.5,4.4
Darius Cook,BKN,2004-05,24,33,6,31.0,14.5,6.7,3.9,0.9,0.1,0.9,0.511,0.283,0.661,25.9,16.6,0.612,2.2,3.2
Malik Mitchell,UTA,2004-05,26,20,2,25.2,18.6,7.8,0.2,0.9,1.2,1.9,0.452,0.312,0.716,18.9,9.2,0.574,-3.3,1.0
Nikola Parker,MIA,2004-05,24,78,13,26.1,25.3,1.4,3.8,1.0,0.5,0.9,0.509,0.38,0.829,33.5,8.9,0.512,-5.2,-0.3
Bam Williams,NYK,2004-05,24,67,19,26.4,5.0,6.0,4.1,0.8,0.3,1.3,0.526,0.341,0.665,32.5,26.8,0.557,-0.4,3.3
Kevin Moore,PHI,2004-05,26,62,37,19.7,13.7,3.1,2.6,1.2,0,1.2,0.456,0.379,0.895,24.8,10.3,0.553,-4.6,1.9
Khris Evans,MIA,2004-05,20,24,19,27.3,14.3,10.0,3.9,0.7,0.6,2.4,0.423,0.376,0.72,23.8,7.7,0.589,2.4,-0.3
Fred Cook,POR,2004-05,22,39,36,5,19.2,8.2,2.7,1.1,0.2,1.6,0.457,0.419,0.736,31.6,16.9,0.544,-4.8,1.8
DeAndre Collins,DEN,2005-06,24,51,43,15.9,2.4,0.5,3.9,0.7,0.3,1.3,0.473,0.392,0.778,26.8,21.1,0.586,3.5,4.3
Fred Mitchell,SAS,2005-06,21,61,51,29.3,16.9,5.3,2.6,0.6,0.5,1.8,0.498,0.361,0.883,28.1,7.5,0.494,-5.1,0.6
Devin Stewart,GSW,2005-06,20,76,37,18.8,9.1,1.6,5.5,0.3,0.7,1.0,0.461,0.327,0.804,22.0,16.1,0.538,-3.5,4.5
Nikola Baker,CLE,2005-06,19,63,13,25.8,11.9,9.9,1.2,1.3,1.8,2.2,0.494,0.356,0.893,21.3,12.6,0.509,5.0,4.1
Chris Taylor,NYK,2005-06,25,58,56,12.4,27.0,4.1,5.9,1.1,0.4,1.4,0.403,0.404,0.689,17.5,10.3,0.531,3.3,0.8
Tyrese Young,DAL,2005-06,26,21,1,19.5,2.8,3.7,5.5,1.7,0.2,3.2,0.543,0.339,0.696,29.6,17.0,0.54,3.2,1.0
Anthony Green,DET,2005-06,27,21,14,29.3,14.1,5.7,3.5,1.5,1.3,1.4,0.538,0.283,0.708,16.3,23.3,0.486,-7.2,1.1
Anthony Davis,DET,2005-06,19,54,45,29.9,23.3,5.3,0.6,1.5,0.5,2.6,0.421,0.319,0.67,18.5,12.6,0.599,-0.7,-0.8
Kyle Moore,LAC,2005-06,26,39,16,23.4,13.1,5.7,0.2,2.3,0.4,2.0,0.459,0.414,0.755,28.3,17.0,0.516,2.8,5.4
DeAndre Young,POR,2005-06,23,21,14,28.6,10.2,3.6,0.2,1.2,0.1,2.8,0.412,0.364,0.715,20.1,11.7,0.488,-2.7,1.7
Darius Nelson,MIA,2005-06,28,82,72,16.6,23.4,6.7,6.3,0.5,1.0,2.5,0.443,0.381,0.674,16.9,14.2,0.505,1.4,2.2
Zach Moore,MIA,2005-06,27,48,28,20.1,7.8,8.7,4.2,1.2,1.0,0.3,0.457,0.281,0.906,18.3,17.2,0.606,3.6,2.7
Ja Miller,TOR,2005-06,20,71,5,14.9,8.5,2.0,1.5,0.6,0.7,1.7,0.441,0.372,0.687,26.5,11.8,0.588,0.3,0.2
Tyrese Moore,ATL,2005-06,22,50,0,28.9,16.8,1.7,5.7,1.8,1.6,0.6,0.428,0.303,0.877,22.0,16.8,0.569,-3.7,-4.2
CJ Johnson,WAS,2005-06,25,79,40,15.8,10.3,3.9,4.5,1.1,0.7,3.6,0.394,0.387,0.739,30.3,19.8,0.547,-2.5,-1.7
DeAndre Nelson,PHI,2005-06,25,35,1,38,17.0,1.1,4.6,0,0.4,1.1,0.406,0.364,0.863,15.8,18.0,0.63,0.1,-2.7
Kyle Allen,CHI,2005-06,26,37,21,26.4,14.5,4.9,6.5,1.8,0.4,2.2,0.499,0.307,0.904,20.3,17.5,0.563,-0.2,6.2
Shai Stewart,MIL,2005-06,25,50,4,15.6,10.1,6.2,3.4,0.9,1.4,2.0,0.486,0.364,0.878,30.4,12.1,0.53,-3.9,0.1
Tyrese Wright,TOR,2005-06,21,31,2,9.2,11.4,0.5,4.9,0.9,1.2,2.6,0.547,0.375,0.765,16.2,8.5,0.574,-2.7,4.7
Zion Lopez,IND,2005-06,19,67,59,33.6,14.8,7.8,3.3,1.0,0,1.2,0.478,0.352,0.717,19.6,16.0,0.535,-0.4,4.2
Pascal Phillips,PHX,2005-06,28,24,15,10.6,17.8,6.1,8.8,1.1,0.8,3.2,0.526,0.33,0.757,33.4,11.9,0.517,2.5,1.5
Devin Turner,SAC,2005-06,26,23,6,20.1,9.7,1.8,5.5,1.3,0.3,0.3,0.469,0.356,0.755,28.9,17.3,0.491,-1.0,1.9
Cade Collins,MIN,2005-06,26,60,29,38,17.9,3.2,4.7,0.9,0.5,1.1,0.537,0.388,0.776,34.0,8.6,0.58,-3.9,2.6
Jaylen Martin,LAL,2005-06,26,64,53,21.9,19.3,5.0,2.8,0.5,0,1.7,0.44,0.304,0.896,25.7,21.8,0.523,1.2,0.9
Bam Mitchell,CHI,2005-06,27,37,32,35.9,12.4,5.0,2.9,0.9,0.8,2.0,0.413,0.32,0.886,22.6,16.5,0.617,-1.0,2.8
Jayson Parker,SAC,2005-06,26,77,47,25.1,26.8,6.2,7.1,0.2,0.8,1.1,0.477,0.318,0.881,25.6,10.8,0.628,5.5,-1.2
Malik Phillips,LAL,2005-06,21,53,30,15.8,12.9,8.8,4.1,0.7,0.8,3.0,0.526,0.346,0.67,32.2,15.0,0.504,4.0,2.5
Marcus Cook,SAC,2005-06,24,44,44,38,7.4,10.7,4.6,0.3,0.7,1.9,0.536,0.334,0.765,31.5,17.3,0.649,1.7,1.9
Jordan Morris,HOU,2005-06,23,38,26,27.7,17.0,7.9,2.3,0.5,1.0,3.1,0.484,0.417,0.755,18.6,21.9,0.527,5.0,1.6
Devin Hill,OKC,2005-06,20,60,41,27.5,5.6,0.5,3.0,0.3,0.1,0.3,0.443,0.356,0.725,17.4,12.0,0.601,-0.4,0.1
Kyle Wilson,UTA,2005-06,22,35,19,24.8,13.3,4.1,4.3,1.2,1.5,3.5,0.496,0.285,0.836,32.6,13.2,0.493,-1.8,-0.4
Kyle Wright,CHI,2005-06,22,36,32,23.9,5.8,0.9,4.5,1.0,1.6,2.6,0.549,0.38,0.783,32.3,22.3,0.542,-3.1,2.7
Chris Thomas,DEN,2005-06,22,73,30,17.6,9.5,3.9,6.5,1.2,1.5,1.8,0.465,0.341,0.719,27.8,13.7,0.517,0.6,0.4
Luka Wilson,CLE,2005-06,24,21,18,20.6,18.6,6.0,1.3,0.8,0,1.8,0.542,0.305,0.879,18.4,12.0,0.531,-0.6,-0.3
Kevin Reed,ATL,2005-06,26,56,36,29.0,20.9,3.0,0.3,2.2,1.0,3.5,0.54,0.377,0.859,28.5,13.5,0.494,4.1,2.5
Marcus Wilson,PHI,2005-06,19,30,23,18.5,10.5,3.1,3.8,1.8,0.3,1.8,0.398,0.309,0.849,19.0,18.0,0.583,4.4,4.2
Jayson Parker,CHI,2005-06,25,39,3,27.9,2.3,1.9,5.2,0.9,0.7,2.0,0.507,0.346,0.718,24.5,12.9,0.536,-2.2,0.1
Cade Moore,UTA,2005-06,24,20,20,9.2,15.5,7.6,5.1,0.8,1.1,0.9,0.466,0.396,0.749,21.0,16.1,0.602,-3.8,-0.4
Luka Hill,HOU,2005-06,25,36,22,22.6,9.4,3.7,0.5,1.1,1.2,0.6,0.524,0.367,0.694,25.9,9.8,0.557,-0.9,-4.4
CJ Mitchell,CLE,2005-06,25,73,36,22.2,17.3,6.3,4.0,0.4,1.8,2.1,0.494,0.324,0.708,34.3,22.8,0.562,-1.9,5.5
DeAndre Turner,MIL,2005-06,22,63,60,25.4,5.6,0.5,0.6,0.8,0,1.6,0.525,0.306,0.735,18.7,8.2,0.597,-5.2,2.1
Bam Miller,LAC,2005-06,23,39,9,6.3,2.5,3.9,1.4,1.0,1.4,1.9,0.42,0.375,0.818,22.3,17.3,0.542,-0.8,-0.3
Tyrese Mitchell,LAL,2005-06,23,33,13,17.3,26.2,1.4,3.1,1.1,0.2,0.5,0.392,0.294,0.918,22.1,14.2,0.513,2.9,-0.1
Brandon Taylor,ATL,2005-06,24,27,6,24.7,10.6,5.6,4.6,1.1,0,2.1,0.505,0.306,0.861,16.7,13.5,0.488,-3.9,0.4
Khris Williams,ORL,2005-06,27,75,66,32.4,10.9,8.2,1.0,0.8,0.5,3.9,0.55,0.354,0.689,24.2,11.6,0.586,-0.1,2.7
Andre Allen,POR,2005-06,27,64,57,8.9,22.7,3.5,0.2,2.0,0.2,2.1,0.527,0.391,0.68,21.7,23.2,0.645,3.5,0.1
Donovan Evans,NOP,2005-06,21,47,20,23.2,18.1,4.8,6.0,1.2,0.5,2.0,0.416,0.355,0.757,31.8,13.9,0.481,-6.7,0.9
CJ Baker,MIL,2005-06,23,40,26,31.1,12.1,5.2,0.5,0.3,0.4,1.3,0.427,0.316,0.914,21.3,16.9,0.645,0.7,3.0
Devin Williams,ORL,2005-06,23,77,2,11.9,2.2,5.2,6.8,0.6,0.7,1.5,0.527,0.401,0.869,25.5,14.1,0.602,-2.1,-2.0
James White,NYK,2005-06,22,71,27,38,8.8,2.7,2.1,1.4,0.3,0.9,0.451,0.325,0.766,23.6,9.6,0.499,3.2,1.0
Bam Green,CHI,2005-06,22,59,32,36.2,12.9,7.8,10.8,1.0,0,3.7,0.544,0.35,0.706,16.0,13.9,0.617,-4.3,2.1
Marcus Hill,ATL,2005-06,23,23,23,28.5,4.2,3.5,6.7,1.3,0.6,2.0,0.534,0.377,0.86,26.0,15.3,0.602,0.5,4.5
Tyrese Green,GSW,2005-06,21,80,68,24.4,20.2,4.4,4.1,1.8,1.3,1.9,0.481,0.282,0.876,30.2,20.5,0.504,1.2,2.2
Jaylen Young,CLE,2005-06,23,64,18,26.0,2,6.4,3.6,2.1,0.5,2.6,0.518,0.311,0.814,24.8,19.3,0.49,-0.3,2.8
Ja Evans,BKN,2005-06,24,66,10,29.1,5.9,5.8,2.8,0.6,0,3.3,0.545,0.42,0.776,32.9,9.6,0.546,2.7,2.7
Andre Brown,MIA,2005-06,20,37,32,18.9,2.7,7.3,4.1,0.5,0.8,3.2,0.464,0.3,0.819,31.8,18.0,0.568,-2.5,4.3
LaMelo Reed,WAS,2005-06,27,21,10,28.8,12.3,7.7,4.7,1.0,0.4,0.3,0.458,0.288,0.7,23.7,20.3,0.517,-3.1,0.1
Giannis Thomas,DEN,2005-06,22,36,3,37.1,14.1,5.7,4.0,0.4,0,1.2,0.381,0.382,0.688,16.3,18.8,0.549,-1.1,2.1
Shai Turner,MIL,2005-06,21,26,25,17.3,23.1,6.4,4.6,1.0,1.3,2.7,0.457,0.321,0.676,20.5,16.3,0.554,2.0,1.7
Malik Allen,DEN,2005-06,28,43,0,21.9,14.6,4.8,3.5,0.8,0.5,2.5,0.513,0.377,0.721,15.3,6.2,0.503,6.0,1.1
Marcus Mitchell,MIN,2005-06,26,41,37,15.6,3.8,8.7,1.2,1.8,0,1.1,0.436,0.32,0.864,31.8,6.0,0.56,0.5,2.1
LaMelo Thomas,GSW,2005-06,24,74,9,9.3,5.3,3.5,0.2,0.6,0.7,2.0,0.417,0.317,0.843,34.3,13.1,0.623,1.0,-1.2
Jrue Phillips,GSW,2005-06,24,58,36,17.0,17.6,7.6,2.7,0.8,0.6,2.4,0.545,0.328,0.909,23.4,9.3,0.551,1.9,3.6
Domantas Stewart,HOU,2005-06,29,31,20,28.8,4.1,7.4,0.2,0,0.4,2.3,0.406,0.353,0.786,20.0,17.3,0.604,-4.7,4.2
Tyler Wright,ATL,2005-06,21,25,19,31.0,21.9,4.5,7.0,0.3,0.5,3.0,0.479,0.311,0.802,22.2,10.3,0.506,-0.5,3.3
Donovan Brown,LAL,2005-06,22,78,59,17.1,10.6,6.8,4.0,2.0,1.2,1.1,0.4,0.419,0.733,22.9,15.3,0.583,3.3,3.5
Brandon Harris,MIN,2005-06,24,57,10,25.6,12.0,5.4,4.4,1.2,0.9,2.9,0.466,0.315,0.895,20.1,19.3,0.594,4.5,3.5
Zion Parker,SAS,2005-06,29,50,15,38,14.2,8.7,0.2,1.0,0.7,0.4,0.39,0.316,0.807,24.6,11.5,0.553,-0.6,-1.3
Bam Stewart,DET,2005-06,25,79,78,38,17.9,6.7,4.2,0.3,0.1,1.9,0.549,0.314,0.737,17.7,10.1,0.563,6.2,1.2
CJ Murphy,SAC,2005-06,23,48,18,35.6,30.1,6.1,6.3,1.5,0.9,3.2,0.496,0.335,0.717,26.4,12.8,0.524,3.7,-2.6
Jordan Edwards,SAS,2005-06,22,76,42,22.3,9.1,5.6,3.0,1.1,0,2.2,0.411,0.288,0.694,18.6,8.7,0.595,-1.4,2.7
CJ King,NYK,2005-06,25,40,26,26.1,20.0,5.8,3.9,1.2,0,1.7,0.503,0.377,0.885,16.9,15.0,0.504,3.7,1.7
Domantas Stewart,ORL,2005-06,25,74,63,18.6,9.4,4.3,4.8,0.5,0,2.5,0.387,0.304,0.679,34.0,15.3,0.486,1.6,-0.1
Devin Turner,LAL,2005-06,21,39,36,37.2,3.5,7.0,2.1,0.3,0,2.7,0.476,0.419,0.667,19.2,14.8,0.546,-0.4,0.5
Bam Young,MIL,2005-06,21,40,17,38,14.3,8.4,3.8,0.4,0.6,4.2,0.425,0.284,0.678,33.3,4.8,0.512,-3.3,-1.9
DeAndre Roberts,CHI,2005-06,25,43,43,16.4,8.5,3.5,5.2,0.9,1.2,1.3,0.427,0.313,0.673,34.2,18.3,0.492,-2.9,-2.4
Cade Mitchell,NOP,2005-06,24,24,22,5.5,12.8,0.5,6.4,1.3,0.5,1.9,0.451,0.332,0.818,26.5,16.5,0.597,4.7,2.1
Luka Campbell,LAC,2005-06,23,57,50,21.8,21.2,1.3,4.3,0.7,0.9,1.7,0.465,0.286,0.896,19.6,14.7,0.49,7.2,1.7
Devin Anderson,CLE,2005-06,26,69,28,23.4,14.1,7.9,3.5,1.9,0.2,0.6,0.411,0.379,0.804,15.7,10.3,0.598,3.2,1.2
LaMelo Campbell,WAS,2005-06,24,32,17,11.2,18.5,3.0,2.8,2.0,0.2,1.9,0.547,0.36,0.659,18.4,7.4,0.482,-5.1,1.4
Andre Mitchell,ATL,2005-06,23,49,48,19.3,16.4,5.8,4.4,0.3,0.7,1.9,0.393,0.361,0.904,25.6,16.6,0.497,-5.5,0.4
Cade Young,MEM,2005-06,26,52,39,9.7,8.2,1.5,2.8,1.2,0.3,2.3,0.446,0.4,0.712,21.9,15.1,0.641,5.2,1.1
Damian Cook,PHI,2005-06,20,23,12,27.4,12.8,5.4,0.4,1.4,0.3,1.9,0.542,0.414,0.759,30.6,14.5,0.532,2.4,-0.2
DeMar Miller,ORL,2005-06,28,27,6,22.4,6.4,0.5,6.8,0.7,1.1,2.9,0.513,0.319,0.876,28.1,19.8,0.578,-2.0,-0.6
Fred Davis,MIL,2005-06,27,31,18,22.0,18.3,5.2,5.3,0.1,0.7,2.2,0.381,0.4,0.807,29.1,9.7,0.482,0.6,2.7
Giannis Nelson,PHX,2005-06,25,59,34,35.6,15.2,7.3,3.8,1.1,1.8,1.9,0.502,0.406,0.822,26.2,5.5,0.489,7.8,-0.8
DeAndre Reed,MIN,2005-06,27,50,39,38,12.3,3.5,0.2,1.6,0.7,1.9,0.541,0.379,0.829,25.0,28.6,0.52,1.7,-0.3
Julius Young,CLE,2005-06,22,58,25,37.6,20.8,2.9,4.1,0.2,0,2.7,0.543,0.314,0.888,26.5,22.3,0.596,-2.6,5.4
Donovan Baker,CHA,2005-06,24,38,24,16.5,10.3,0.5,5.2,0.5,0,2.0,0.525,0.393,0.783,20.8,9.7,0.487,-2.4,-1.0
Ja Jackson,MIN,2005-06,23,47,10,36.3,18.4,8.5,2.9,1.1,1.4,3.9,0.427,0.319,0.918,24.3,14.5,0.637,2.1,1.9
Fred Wright,DEN,2005-06,27,36,13,27.4,19.9,0.5,5.4,1.1,0.6,3.0,0.426,0.359,0.889,20.0,10.8,0.483,-0.7,0.5
Kevin Brown,DAL,2005-06,25,75,74,22.9,14.4,8.3,2.0,0.4,0.8,2.6,0.447,0.404,0.761,22.4,10.7,0.544,-4.5,4.8
Jalen Murphy,UTA,2005-06,25,76,71,26.5,5.3,0.5,9.0,1.1,0.6,2.1,0.41,0.396,0.671,31.6,14.9,0.546,4.5,1.3
DeAndre Anderson,LAC,2005-06,25,24,11,26.1,23.6,11.0,4.1,0.4,0.2,0.6,0.507,0.302,0.697,29.8,17.9,0.638,-1.4,0.8
Nikola Baker,HOU,2005-06,23,67,21,29.5,26.5,9.0,1.7,1.6,0,3.6,0.411,0.374,0.743,23.3,17.8,0.622,-1.2,1.2
Khris Wilson,ORL,2005-06,23,20,6,15.9,9.8,6.6,0.2,0.6,0.7,2.8,0.524,0.308,0.751,20.9,12.8,0.503,-2.1,4.5
DeAndre Johnson,MIL,2005-06,24,27,24,29.8,17.0,5.9,1.5,2.1,1.3,0.3,0.497,0.414,0.676,15.8,15.8,0.49,1.4,-0.3
Ja Campbell,CHI,2005-06,26,36,33,26.6,10.6,5.0,4.7,1.6,0,0.9,0.488,0.284,0.677,20.3,12.9,0.622,0.8,3.9
Nikola Murphy,LAC,2005-06,25,57,5,8.0,6.2,7.5,0.9,0.8,0.3,2.1,0.549,0.315,0.681,16.2,11.6,0.549,3.9,1.5
Zion Lopez,BOS,2005-06,23,52,22,33.7,20.9,6.8,7.7,0.8,0.5,3.3,0.535,0.287,0.818,28.0,22.3,0.582,3.2,0.8
Shai Anderson,HOU,2005-06,21,56,7,12.3,12.6,1.6,8.4,2.5,1.5,3.0,0.527,0.363,0.698,34.5,20.7,0.527,-6.4,2.8
Luka Adams,CHA,2005-06,25,28,21,13.7,19.9,2.7,0.2,1.3,0.7,2.1,0.448,0.357,0.783,23.9,7.3,0.617,-2.5,3.2
Darius Cook,CHI,2005-06,25,24,4,29.5,18.0,12.2,5.9,0.2,0.4,1.5,0.541,0.415,0.811,32.1,15.3,0.582,-0.8,1.9
Malik Mitchell,POR,2005-06,27,53,18,29.5,17.2,7.4,2.9,0.5,0.8,3.3,0.384,0.294,0.802,19.4,26.9,0.647,-2.7,3.0
Nikola Parker,DAL,2005-06,24,36,5,26.1,20.5,2.2,3.5,1.5,1.1,2.1,0.459,0.346,0.7,27.7,9.5,0.603,-3.7,-1.3
Bam Williams,UTA,2005-06,24,29,7,19.2,15.1,2.8,0.2,0.9,1.2,1.9,0.51,0.371,0.875,33.3,19.5,0.488,-3.9,1.4
Kevin Moore,GSW,2005-06,28,80,22,13.8,13.1,5.9,3.6,1.7,0.6,2.0,0.517,0.336,0.81,23.9,16.1,0.623,-1.5,1.5
Khris Evans,POR,2005-06,21,38,5,33.9,15.2,3.8,3.9,0.1,0.8,2.4,0.464,0.288,0.811,33.3,20.3,0.542,-3.0,-1.0
Fred Cook,LAC,2005-06,25,79,48,12.1,12.1,1.7,1.7,1.7,0.9,2.1,0.383,0.365,0.852,33.5,18.8,0.585,-3.1,-0.9
DeAndre Collins,MIL,2006-07,26,37,30,27.5,5.9,0.5,5.1,0.6,0,2.7,0.46,0.335,0.907,21.7,7.7,0.63,3.9,0.4
Fred Mitchell,CHA,2006-07,22,66,0,10.5,15.7,6.7,6.0,0.5,0.7,1.2,0.389,0.361,0.809,17.2,19.6,0.54,5.1,3.4
DeAndre Nelson,ORL,2006-07,21,64,1,26.7,8.1,1.5,4.6,0.7,1.2,2.9,0.443,0.336,0.738,26.2,14.9,0.558,1.4,2.0
Devin Stewart,LAL,2006-07,20,81,36,31.4,8.6,2.7,3.9,0.4,0,1.9,0.528,0.315,0.861,24.3,15.5,0.541,1.9,-0.4
Cade Carter,HOU,2006-07,20,75,32,27.5,12.0,10.1,1.0,1.6,1.6,1.1,0.53,0.315,0.708,15.0,19.5,0.627,5.3,1.0
Nikola Baker,LAC,2006-07,20,27,15,20.7,14.7,9.8,1.5,0.7,0,2.1,0.404,0.332,0.659,20.9,17.6,0.52,-0.6,6.8
Chris Taylor,SAS,2006-07,25,30,2,25.1,18.0,3.5,1.1,1.4,0,1.8,0.429,0.4,0.757,27.7,13.5,0.517,-0.2,1.7
Tyrese Young,MIA,2006-07,28,60,39,31.9,24.2,0.7,7.8,1.7,1.9,0.3,0.462,0.394,0.87,17.6,27.2,0.586,-0.4,-0.5
CJ Jackson,LAL,2006-07,20,71,45,25.6,11.7,4.6,0.9,1.3,0.3,1.8,0.5,0.42,0.704,25.3,18.3,0.523,-1.0,2.2
Anthony Green,SAC,2006-07,30,36,31,27.4,8.3,6.9,1.2,0.9,1.3,2.6,0.544,0.386,0.745,24.4,9.4,0.575,-0.9,3.8
Anthony Davis,MIA,2006-07,20,53,32,21.2,2,0.7,7.3,1.3,0,3.7,0.403,0.285,0.882,17.1,13.8,0.533,1.8,3.3
Domantas Young,MIN,2006-07,21,32,0,27.0,19.2,3.6,8.2,1.1,0,0.3,0.481,0.305,0.815,25.0,18.2,0.574,2.3,4.3
Kyle Moore,IND,2006-07,24,58,55,31.6,2,5.8,3.1,1.7,0.4,0.7,0.486,0.359,0.736,23.6,14.1,0.517,-0.9,0.6
DeAndre Young,SAS,2006-07,23,29,9,28.1,12.8,7.1,1.4,1.2,0.1,2.1,0.464,0.304,0.747,33.8,8.1,0.614,-2.0,2.9
Jayson White,TOR,2006-07,21,40,19,36.4,11.1,5.5,1.1,1.2,1.3,0.6,0.499,0.413,0.835,28.7,5.0,0.54,4.5,3.5
Darius Nelson,IND,2006-07,27,58,15,9.0,17.9,1.5,3.6,0.7,0,1.5,0.399,0.41,0.881,15.1,18.9,0.578,-1.0,3.6
Cade Young,IND,2006-07,21,39,32,25.2,11.0,0.5,3.1,0.5,0.3,3.1,0.431,0.298,0.704,33.8,17.6,0.525,-0.0,4.4
Zach Moore,OKC,2006-07,27,58,34,21.0,25.4,5.9,4.3,1.5,0,0.3,0.403,0.346,0.723,26.1,9.3,0.517,-5.8,4.5
Ja Miller,CLE,2006-07,21,31,7,28.7,8.9,9.8,2.2,1.1,0.5,1.2,0.446,0.388,0.916,15.2,17.5,0.542,-2.5,0.2
Tyrese Moore,PHX,2006-07,23,62,16,19.2,7.4,4.2,5.5,1.0,0.9,2.0,0.428,0.282,0.668,24.6,19.6,0.623,0.3,1.1
DeAndre Nelson,CHA,2006-07,28,76,40,24.2,14.8,0.5,2.8,1.6,0.5,1.4,0.387,0.377,0.762,17.3,16.4,0.519,0.4,1.1
Andre Murphy,ORL,2006-07,19,46,36,20.5,6.2,0.5,6.2,1.1,0.3,4.3,0.389,0.355,0.719,33.6,16.6,0.584,-4.1,2.0
Kyle Allen,ATL,2006-07,26,64,51,14.0,14.1,8.7,0.4,1.5,1.1,1.0,0.426,0.291,0.693,15.9,13.8,0.637,-0.8,2.2
Shai Stewart,MIL,2006-07,24,57,9,33.2,11.6,3.6,6.2,1.3,0.5,1.1,0.403,0.411,0.671,18.9,20.3,0.493,1.1,4.3
Tyrese Wright,POR,2006-07,24,22,5,23.1,13.5,4.4,2.9,1.1,0.8,3.0,0.511,0.321,0.818,27.6,13.1,0.613,2.7,0.4
Zion Lopez,BOS,2006-07,22,72,45,20.5,18.4,1.6,8.5,0.9,0.3,2.4,0.449,0.351,0.756,31.2,12.3,0.641,-6.8,-1.6
Pascal Phillips,PHX,2006-07,26,34,5,25.2,13.4,1.7,3.8,1.0,1.1,2.7,0.44,0.29,0.721,25.0,8.9,0.521,0.1,3.8
Devin Turner,CHI,2006-07,26,42,9,22.7,11.9,0.5,2.4,1.3,0.3,1.8,0.4,0.338,0.85,16.4,15.6,0.529,3.1,0.6
Cade Collins,DET,2006-07,28,72,68,28.0,6.5,1.2,3.2,1.3,1.5,0.3,0.409,0.337,0.913,30.5,6.3,0.51,-2.8,0.3
Jaylen Martin,MIN,2006-07,26,73,28,27.2,13.6,4.4,0.6,0.4,0.4,1.8,0.544,0.403,0.679,26.7,14.1,0.63,1.8,0.2
Bam Mitchell,CLE,2006-07,26,79,43,31.6,5.5,6.9,5.1,1.2,0.5,2.8,0.456,0.378,0.67,21.7,24.0,0.609,-0.6,0.4
Jayson Parker,SAC,2006-07,30,66,23,38,21.4,2.9,9.5,1.0,0.3,1.7,0.512,0.351,0.659,32.5,16.3,0.559,-0.4,-1.5
Malik Phillips,PHI,2006-07,22,34,30,30.2,16.5,0.7,4.0,0.6,0.6,1.6,0.479,0.407,0.877,34.0,17.7,0.579,4.1,-0.9
Marcus Cook,SAS,2006-07,25,74,41,37.9,14.9,5.7,0.2,0.9,0.8,2.1,0.525,0.346,0.917,30.7,10.0,0.579,1.9,2.2
Jordan Morris,LAL,2006-07,21,65,30,17.0,7.5,9.2,5.0,0,1.3,3.0,0.522,0.355,0.763,33.8,15.5,0.545,-2.2,2.9
Devin Hill,BKN,2006-07,20,55,36,20.5,12.3,3.7,3.3,1.9,0.9,2.6,0.453,0.332,0.666,33.6,10.2,0.595,-0.5,3.1
Kyle Wilson,NYK,2006-07,21,50,12,22.3,17.3,6.5,2.2,0.7,0,1.5,0.547,0.389,0.875,19.2,10.3,0.568,-1.6,-1.1
Devin Lopez,DET,2006-07,19,50,17,23.8,15.2,4.7,3.2,0.8,0.4,1.0,0.396,0.291,0.731,21.1,12.8,0.58,0.3,-1.1
Kyle Wright,PHX,2006-07,21,40,11,24.3,16.8,4.9,4.2,0.2,0.2,1.0,0.455,0.313,0.846,30.7,15.4,0.58,0.6,1.3
Fred Anderson,BKN,2006-07,22,33,32,33.6,15.0,5.3,0.9,0.4,0,1.9,0.453,0.383,0.747,32.1,11.5,0.583,0.5,2.1
Chris Thomas,UTA,2006-07,25,35,6,20.6,18.6,9.8,6.4,0.7,0,1.6,0.418,0.376,0.837,15.4,8.0,0.607,2.4,2.0
Luka Wilson,ORL,2006-07,23,80,32,25.1,11.2,7.7,6.4,1.0,0.8,2.4,0.538,0.36,0.896,32.7,18.0,0.493,1.5,-0.6
Trae Thomas,CLE,2006-07,19,32,0,18.5,23.4,2.2,8.4,1.4,0.6,1.7,0.388,0.355,0.653,25.8,15.4,0.481,-2.4,3.1
Tyrese Carter,BKN,2006-07,21,49,46,20.0,24.4,6.6,3.4,1.9,0.7,1.5,0.428,0.369,0.885,20.5,12.2,0.536,3.4,3.9
Kevin Reed,PHX,2006-07,26,72,38,35.8,13.6,12.8,3.3,0.9,1.0,1.8,0.428,0.289,0.905,28.5,18.5,0.554,-2.8,0.5
Marcus Wilson,TOR,2006-07,20,21,21,19.4,23.6,4.9,7.1,0.9,1.1,2.9,0.456,0.28,0.741,21.1,18.9,0.506,-0.4,0.2
Jayson Parker,LAL,2006-07,25,52,35,36.1,14.6,9.1,4.1,0.3,0.7,1.4,0.385,0.394,0.789,20.5,19.0,0.62,-1.4,0.2
Cade Moore,UTA,2006-07,24,68,54,37.3,7.9,2.5,5.0,0.7,1.0,1.1,0.398,0.349,0.813,29.7,10.8,0.541,1.7,-0.0
Luka Hill,MIL,2006-07,27,41,30,13.1,19.1,5.1,0.2,1.3,0,1.3,0.442,0.408,0.666,34.1,13.1,0.526,-2.7,-0.3
CJ Mitchell,NOP,2006-07,27,20,17,30.1,8.6,6.4,3.9,1.1,1.4,4.9,0.455,0.376,0.824,22.0,11.7,0.544,-3.1,1.3
DeAndre Turner,MIL,2006-07,23,44,10,27.1,7.6,3.5,3.4,1.6,0,0.3,0.426,0.318,0.659,33.6,26.1,0.495,-1.2,2.4
Bam Miller,MIL,2006-07,23,24,1,23.1,14.0,11.6,8.1,1.1,0.8,1.2,0.449,0.383,0.872,20.3,12.9,0.551,-0.6,0.4
Tyrese Mitchell,DET,2006-07,25,55,44,30.7,14.7,4.5,2.4,2.1,0.3,1.8,0.526,0.31,0.846,16.5,11.7,0.566,-2.1,-1.5
Brandon Taylor,WAS,2006-07,24,44,19,26.9,14.7,3.0,0.6,1.8,0.3,3.3,0.438,0.36,0.82,22.7,16.4,0.617,1.2,1.4
Khris Williams,IND,2006-07,27,80,58,35.1,18.6,8.2,5.9,0.7,0.5,2.5,0.521,0.394,0.846,15.5,15.0,0.508,5.1,3.2
Donovan Evans,PHX,2006-07,23,63,51,24.0,7.6,5.6,2.9,0.2,0.6,2.5,0.489,0.359,0.86,19.9,10.0,0.637,-3.9,2.3
Anthony Anderson,NOP,2006-07,20,47,2,17.7,20.5,5.1,5.9,0.2,0,3.9,0.394,0.385,0.851,27.1,14.0,0.498,5.2,0.4
CJ Baker,SAS,2006-07,25,67,49,31.2,13.4,5.2,2.1,0.8,0.4,2.4,0.419,0.294,0.686,24.2,3.4,0.487,-4.2,5.3
Devin Williams,IND,2006-07,25,45,1,8.5,17.2,5.2,1.8,1.2,0.9,3.0,0.401,0.325,0.89,19.9,18.3,0.503,-3.2,-0.9
James White,CHA,2006-07,26,82,40,21.4,19.1,0.5,7.6,0.7,1.0,0.9,0.505,0.336,0.845,15.4,20.4,0.637,-0.7,1.0
Bam Green,WAS,2006-07,22,35,23,25.4,12.5,5.6,5.0,0.5,0.1,2.0,0.461,0.328,0.888,22.7,11.2,0.484,-1.2,1.3
Chris Wilson,OKC,2006-07,21,64,50,23.5,11.5,1.5,6.7,0.5,0.5,0.7,0.448,0.325,0.851,27.6,17.3,0.598,-0.9,3.0
Donovan Mitchell,MIN,2006-07,22,44,15,17.9,8.6,6.3,7.5,0.6,0.2,0.6,0.425,0.38,0.663,25.0,13.7,0.554,1.4,0.7
Marcus Hill,CLE,2006-07,25,64,49,27.2,2,8.3,0.2,1.0,1.1,0.3,0.456,0.405,0.914,22.3,19.2,0.514,-0.5,4.1
Tyrese Green,PHI,2006-07,22,38,15,13.7,8.5,9.5,1.7,0,1.1,2.0,0.496,0.343,0.896,26.2,15.8,0.642,-5.2,0.3
Jaylen Young,CHA,2006-07,24,53,15,31.4,12.2,0.5,7.8,1.2,0.1,2.5,0.405,0.288,0.859,23.0,6.2,0.504,-0.9,0.5
Ja Evans,ORL,2006-07,26,63,29,26.2,24.3,3.4,2.1,1.4,0.4,0.8,0.539,0.314,0.804,20.9,13.7,0.485,1.0,1.5
Andre Brown,DET,2006-07,23,59,52,18.7,17.4,3.5,0.3,0.9,0.7,1.3,0.395,0.313,0.889,26.2,11.0,0.636,-2.4,-0.8
LaMelo Reed,PHX,2006-07,26,74,24,16.6,19.7,3.8,0.2,1.0,0.2,3.5,0.518,0.315,0.848,33.8,20.6,0.64,-4.3,-0.5
Giannis Thomas,MIA,2006-07,23,51,22,23.5,10.3,5.9,8.1,1.2,0.8,2.0,0.512,0.3,0.888,16.8,12.0,0.566,-1.7,2.2
Shai Turner,IND,2006-07,23,49,19,32.8,26.4,5.6,5.5,0.7,0.3,2.8,0.454,0.304,0.837,21.8,14.1,0.564,1.4,3.1
Malik Allen,SAS,2006-07,26,64,36,32.0,19.2,4.4,5.3,1.5,1.0,2.9,0.479,0.401,0.909,23.9,23.4,0.499,2.7,5.5
Marcus Mitchell,SAC,2006-07,26,31,29,38,9.3,0.5,5.8,0.7,0,3.0,0.483,0.416,0.914,18.5,9.3,0.554,-0.4,0.8
Domantas Stewart,PHX,2006-07,29,54,39,22.1,15.8,6.3,1.3,0.9,0.8,0.4,0.449,0.335,0.816,28.2,22.1,0.558,-0.2,0.9
Giannis Baker,MIN,2006-07,20,21,9,26.9,20.3,2.5,5.7,0.8,1.3,2.5,0.44,0.379,0.819,15.9,18.4,0.558,-4.2,-3.3
Tyler Wright,SAC,2006-07,23,39,31,26.3,15.0,4.7,6.1,0.8,1.0,1.5,0.468,0.296,0.787,26.7,10.1,0.531,-2.4,0.1
Donovan Brown,MIA,2006-07,24,40,16,32.2,11.6,0.6,4.9,0.6,1.0,0.6,0.393,0.404,0.915,26.5,21.3,0.535,0.3,0.7
Brandon Harris,PHX,2006-07,25,82,78,29.7,19.0,7.2,2.6,1.6,0.9,2.5,0.517,0.296,0.697,23.4,11.8,0.608,-1.3,4.4
Zion Parker,NYK,2006-07,28,77,52,27.6,13.6,6.8,2.0,1.6,0.4,2.6,0.412,0.356,0.741,27.1,20.0,0.526,3.0,-1.1
Bam Stewart,MIN,2006-07,24,38,32,30.4,11.6,0.5,0.3,0.7,0.2,0.4,0.391,0.419,0.85,19.7,17.7,0.51,0.0,0.5
CJ Murphy,MEM,2006-07,25,28,17,27.8,20.3,4.0,0.6,0,0.7,2.9,0.458,0.363,0.766,17.7,14.4,0.525,-3.0,0.4
Jordan Edwards,SAS,2006-07,26,68,17,16.7,8.9,3.2,1.4,0,1.6,3.3,0.423,0.334,0.702,31.5,8.7,0.628,0.1,2.1
CJ King,SAC,2006-07,26,59,3,30.4,14.0,7.6,2.3,0.2,1.7,0.3,0.47,0.391,0.692,22.4,10.3,0.498,-1.0,0.0
Domantas Stewart,MEM,2006-07,27,72,26,32.3,22.9,7.8,3.8,1.1,0.6,2.2,0.525,0.337,0.883,19.7,14.1,0.629,4.9,1.6
Devin Turner,MIA,2006-07,23,59,17,21.8,24.9,1.0,4.4,1.3,0.9,2.0,0.519,0.344,0.896,18.2,13.9,0.511,0.3,0.9
Bam Young,PHX,2006-07,22,76,71,10.7,13.7,8.5,1.7,0.8,0.2,2.8,0.489,0.359,0.792,30.5,15.4,0.487,4.8,2.8
DeAndre Roberts,IND,2006-07,25,80,72,19.2,9.1,3.2,6.3,1.6,0.8,2.3,0.515,0.358,0.905,28.2,13.5,0.554,0.2,2.4
Cade Mitchell,IND,2006-07,24,62,22,23.1,13.4,7.3,4.9,1.5,0,2.1,0.465,0.314,0.888,28.8,4.6,0.52,0.4,-1.5
Luka Campbell,CLE,2006-07,23,70,40,24.2,7.0,5.8,1.4,0.6,0,1.5,0.52,0.322,0.917,15.0,11.4,0.516,0.8,-0.8
Devin Anderson,DET,2006-07,25,59,27,29.4,21.2,0.5,5.1,1.6,0.6,2.0,0.436,0.397,0.86,16.3,12.5,0.612,-5.2,2.8
LaMelo Campbell,DEN,2006-07,26,56,46,13.2,2,1.0,0.8,1.0,0.5,1.8,0.402,0.389,0.883,32.7,20.8,0.601,6.6,0.3
Andre Mitchell,ORL,2006-07,24,82,0,38,24.1,3.7,4.4,0.7,1.6,2.4,0.541,0.325,0.811,22.4,10.8,0.56,-1.6,3.4
Cade Young,GSW,2006-07,29,50,10,31.6,9.5,7.0,4.4,0.8,0.7,1.7,0.405,0.345,0.762,15.2,12.3,0.482,-5.3,-1.0
Damian Cook,WAS,2006-07,22,62,60,33.3,16.0,1.8,2.3,1.3,0.6,0.3,0.442,0.282,0.737,33.5,15.8,0.481,-1.9,-2.0
DeMar Miller,WAS,2006-07,29,60,60,32.5,11.8,7.6,6.4,1.7,0.8,1.6,0.423,0.313,0.886,31.2,8.5,0.506,-1.4,6.9
Fred Davis,CLE,2006-07,27,38,10,33.4,15.5,6.8,4.1,1.9,0.3,2.7,0.526,0.397,0.701,34.6,25.1,0.543,-2.8,4.7
Giannis Nelson,TOR,2006-07,25,20,17,22.6,17.3,3.9,7.5,0.3,0.7,2.1,0.423,0.373,0.682,18.3,12.1,0.645,1.2,4.2
DeAndre Reed,SAC,2006-07,28,75,33,26.1,11.3,0.5,3.0,1.5,0.6,0.3,0.386,0.359,0.703,27.1,15.7,0.636,3.5,3.8
Julius Young,WAS,2006-07,20,31,19,18.9,6.1,9.5,3.9,0.4,0,2.8,0.393,0.387,0.657,31.4,18.6,0.629,-3.0,1.0
Giannis Young,GSW,2006-07,22,51,31,19.9,19.8,7.4,5.9,1.0,0,1.4,0.511,0.323,0.735,33.3,8.3,0.483,-3.1,0.6
Donovan Baker,SAS,2006-07,27,26,1,29.9,11.6,6.0,3.0,0.3,0.4,2.5,0.411,0.339,0.718,32.9,17.7,0.598,1.7,4.6
Jaylen Williams,ORL,2006-07,20,42,3,25.2,7.4,8.3,1.4,1.8,0,1.4,0.52,0.302,0.885,21.0,16.7,0.592,-2.5,1.2
Ja Jackson,LAL,2006-07,25,53,37,38,11.7,4.6,8.0,0.2,0.4,3.4,0.525,0.416,0.85,35.0,22.4,0.56,0.5,3.1
Fred Wright,IND,2006-07,29,77,24,19.1,13.4,7.9,2.7,1.3,0.7,2.4,0.445,0.41,0.833,34.9,14.6,0.487,3.8,1.7
Kevin Brown,UTA,2006-07,28,76,15,20.6,2.5,0.5,2.7,1.3,0.2,3.3,0.456,0.414,0.818,15.8,12.1,0.554,-4.3,-2.7
Jalen Murphy,GSW,2006-07,23,27,4,33.7,4.3,5.0,9.9,1.4,1.3,1.9,0.446,0.341,0.65,32.9,13.2,0.528,1.5,1.7
DeAndre Anderson,DAL,2006-07,28,52,5,21.2,21.3,1.5,0.2,1.2,1.2,0.3,0.391,0.412,0.659,19.6,24.0,0.633,1.8,1.8
Nikola Baker,LAL,2006-07,25,76,66,29.1,7.3,8.9,3.6,0.6,1.5,1.8,0.424,0.3,0.734,30.8,6.3,0.541,2.7,2.2
Khris Wilson,DAL,2006-07,26,46,11,24.9,17.5,2.4,2.4,0.9,0.3,1.3,0.409,0.38,0.765,23.0,9.4,0.497,-2.0,-0.9
DeAndre Johnson,NYK,2006-07,26,59,28,33.7,16.1,6.1,2.2,1.3,0.9,2.4,0.488,0.327,0.676,32.5,15.0,0.525,0.7,3.9
Ja Campbell,ORL,2006-07,27,45,16,28.9,19.8,7.3,1.7,1.1,1.2,2.1,0.457,0.358,0.808,19.9,7.7,0.571,-1.2,-0.8
Jalen Martin,MIL,2006-07,21,51,38,22.8,16.3,7.2,5.7,0.9,0.5,2.1,0.539,0.346,0.689,15.9,20.0,0.624,2.6,1.5
Nikola Murphy,POR,2006-07,27,29,12,27.1,8.7,7.8,4.4,0.3,0,2.5,0.454,0.298,0.876,20.2,13.0,0.583,-6.0,5.4
Zion Lopez,MIA,2006-07,24,51,1,17.4,6.9,0.5,5.3,0.3,0.2,1.1,0.448,0.309,0.783,23.2,18.4,0.586,1.3,1.3
Shai Anderson,OKC,2006-07,23,65,45,31.9,9.2,6.3,2.9,1.1,1.8,2.5,0.449,0.355,0.816,34.6,19.3,0.548,0.1,0.3
Luka Adams,TOR,2006-07,27,64,43,18.0,11.5,1.3,0.6,1.4,1.6,2.7,0.543,0.363,0.846,32.2,18.0,0.564,-1.6,4.9
Darius Cook,ORL,2006-07,24,59,15,24.9,19.7,9.8,2.6,0.7,0.7,1.9,0.392,0.404,0.741,18.4,11.1,0.57,1.9,-0.1
Malik Mitchell,NOP,2006-07,28,29,12,19.7,15.7,4.3,7.2,1.0,0.8,2.5,0.452,0.407,0.898,31.4,17.2,0.562,0.9,1.8
Nikola Parker,NOP,2006-07,25,35,1,19.5,20.4,0.5,3.3,0.3,0.6,2.4,0.431,0.362,0.796,24.9,8.0,0.637,3.6,0.5
Bam Williams,MIL,2006-07,27,35,0,15.5,17.2,1.6,9.1,0.7,1.1,2.5,0.533,0.331,0.745,27.3,15.8,0.518,-3.0,1.0
Kevin Baker,CHI,2006-07,22,31,11,38,20.2,3.8,3.7,0.4,0,1.6,0.498,0.334,0.725,31.9,17.6,0.518,-0.4,2.5
Kevin Moore,NOP,2006-07,27,40,14,35.0,20.4,0.5,4.8,1.0,0.7,3.6,0.452,0.345,0.802,23.3,14.3,0.507,1.4,0.5
Malik Young,GSW,2006-07,20,40,22,22.9,18.2,4.9,4.7,1.2,1.5,2.7,0.459,0.318,0.687,19.4,12.9,0.545,-2.8,0.4
Khris Evans,MIN,2006-07,22,55,28,22.7,2.3,3.3,1.6,1.2,0.3,1.1,0.541,0.296,0.703,24.6,12.3,0.615,-4.3,0.6
Fred Cook,DEN,2006-07,25,35,29,32.2,15.5,5.2,6.7,1.8,0.1,1.3,0.45,0.364,0.886,23.3,11.9,0.599,1.4,0.4
DeAndre Collins,ORL,2007-08,27,49,43,25.2,18.1,3.5,1.7,0.9,1.1,0.3,0.548,0.334,0.729,33.0,15.3,0.612,1.4,-0.0
Fred Mitchell,IND,2007-08,23,78,31,22.3,19.9,6.8,3.4,1.5,0.5,1.0,0.513,0.391,0.745,19.4,17.1,0.496,-3.1,0.2
Kevin Stewart,NYK,2007-08,22,28,7,30.5,5.7,0.5,0.6,0.7,0.5,0.3,0.531,0.359,0.65,27.5,15.3,0.517,1.5,2.0
DeAndre Nelson,PHI,2007-08,23,20,15,21.7,11.8,7.5,3.0,1.3,0.7,1.5,0.384,0.401,0.904,21.3,14.6,0.502,-1.8,-0.9
Devin Stewart,HOU,2007-08,21,81,17,22.4,5.1,4.3,4.7,1.2,0.6,1.4,0.396,0.408,0.791,25.7,14.4,0.53,0.2,-1.3
Cade Carter,SAC,2007-08,22,55,4,16.0,18.7,10.2,0.2,0.4,0.9,1.2,0.541,0.372,0.736,33.7,9.4,0.593,-0.8,-2.5
Nikola Baker,MIL,2007-08,21,78,71,18.6,11.7,6.4,5.8,1.1,0.6,1.4,0.514,0.351,0.66,27.0,23.4,0.601,3.2,1.1
Chris Taylor,CLE,2007-08,24,66,60,26.3,24.3,4.0,2.1,1.6,0.9,3.1,0.547,0.405,0.734,23.3,21.0,0.531,2.8,3.4
Tyrese Young,DAL,2007-08,30,72,17,24.0,14.5,3.5,5.1,1.0,0,1.8,0.481,0.408,0.677,17.5,10.5,0.597,-1.4,-1.4
CJ Jackson,SAC,2007-08,21,59,7,16.5,23.2,9.0,1.4,0.4,0.9,0.9,0.521,0.282,0.686,29.5,13.9,0.494,5.8,-2.0
Anthony Green,BKN,2007-08,29,44,7,27.1,9.2,7.7,5.1,1.1,0.3,3.4,0.45,0.354,0.836,17.0,14.6,0.578,0.7,-2.0
Anthony Davis,PHX,2007-08,23,50,35,25.4,11.0,4.6,8.1,0.6,0.6,0.3,0.516,0.394,0.813,31.3,20.5,0.578,0.3,-1.3
Domantas Young,BOS,2007-08,21,51,42,31.4,3.6,9.1,7.0,1.1,0.8,2.4,0.525,0.371,0.687,27.6,14.3,0.532,-1.8,3.8
Kyle Moore,CLE,2007-08,28,25,18,36.5,15.5,7.2,0.2,1.5,0.1,2.0,0.484,0.348,0.822,17.5,11.9,0.498,1.1,-2.3
DeAndre Young,CHI,2007-08,25,21,11,21.9,8.8,3.2,4.4,1.5,0.8,1.2,0.436,0.307,0.742,15.8,11.7,0.556,0.7,0.8
Jayson White,SAC,2007-08,22,35,15,12.9,4.7,10.9,3.1,0,0.2,1.5,0.493,0.344,0.673,22.3,8.6,0.548,-6.1,2.0
Darius Nelson,DET,2007-08,29,78,28,19.7,8.1,7.3,4.2,0.6,0.1,1.6,0.49,0.357,0.91,22.5,21.4,0.529,1.3,2.3
Cade Young,UTA,2007-08,23,31,6,29.1,8.6,2.7,6.7,0.8,0.4,3.1,0.478,0.4,0.888,28.3,3.9,0.592,-0.5,0.7
Zach Moore,BKN,2007-08,26,37,14,33.4,12.9,7.1,2.7,0.8,0.6,2.5,0.46,0.359,0.777,18.0,24.6,0.51,3.0,-1.1
Ja Miller,SAS,2007-08,23,34,8,19.1,18.2,4.4,5.7,1.5,0.5,2.1,0.515,0.32,0.795,27.1,21.7,0.577,-6.2,1.4
Tyrese Moore,HOU,2007-08,24,40,2,28.6,3.9,3.8,5.2,1.4,0.2,3.0,0.434,0.366,0.866,20.1,18.6,0.633,0.0,2.6
Jaylen King,POR,2007-08,21,52,7,5.9,8.4,5.6,5.5,0.4,0.3,3.0,0.457,0.382,0.659,22.2,11.7,0.638,-0.5,0.8
DeAndre Nelson,MIL,2007-08,27,64,32,20.2,30.3,8.4,1.8,1.5,1.4,1.0,0.429,0.409,0.824,18.5,15.0,0.612,-1.7,1.4
Andre Murphy,BOS,2007-08,23,38,20,38,14.3,3.5,1.3,1.4,0.5,2.3,0.532,0.29,0.849,15.3,19.9,0.584,1.8,3.0
Kyle Allen,PHI,2007-08,29,67,62,26.2,3.1,6.8,6.2,1.3,0.6,0.3,0.448,0.341,0.665,24.8,13.4,0.621,-3.3,-0.0
Shai Stewart,PHX,2007-08,24,28,22,37.0,8.9,8.9,1.7,0.7,1.5,3.7,0.528,0.284,0.874,28.5,9.5,0.613,1.5,-1.0
Tyrese Wright,MEM,2007-08,22,60,34,27.6,20.7,0.8,7.1,1.3,1.0,1.4,0.456,0.376,0.717,27.8,12.8,0.621,-1.9,3.4
Darius Wilson,MIA,2007-08,22,44,31,31.3,12.8,13.0,5.3,1.3,0.8,3.7,0.472,0.383,0.882,16.4,7.0,0.623,0.9,8.8
Zion Lopez,DEN,2007-08,21,30,29,24.3,11.9,3.7,0.7,1.7,0.1,1.3,0.493,0.324,0.828,32.7,12.4,0.532,1.6,0.3
Pascal Phillips,UTA,2007-08,30,33,26,27.1,21.1,6.9,2.1,0.7,0,2.9,0.443,0.387,0.765,33.4,14.6,0.648,-1.1,-2.5
Devin Turner,MIN,2007-08,28,50,22,19.7,19.6,6.9,4.7,1.0,1.1,1.9,0.458,0.329,0.689,28.9,15.5,0.625,0.2,-0.3
Jaylen Martin,NOP,2007-08,26,35,17,11.5,19.0,5.3,2.7,0.6,0,3.1,0.399,0.414,0.85,33.8,16.7,0.603,-5.3,2.4
Bam Mitchell,HOU,2007-08,30,42,18,17.1,18.5,2.8,4.8,1.0,0,2.0,0.427,0.332,0.909,32.1,17.5,0.617,-1.9,2.0
Jayson Parker,MEM,2007-08,28,26,23,35.3,23.8,8.7,3.5,0.9,1.6,0.4,0.392,0.317,0.701,18.6,24.3,0.639,-2.6,0.1
Marcus Cook,OKC,2007-08,26,56,31,12.8,17.8,6.0,5.0,1.7,1.1,1.4,0.392,0.34,0.848,24.6,15.3,0.594,3.1,3.7
Jordan Morris,DAL,2007-08,22,68,8,31.7,14.7,6.8,2.9,1.2,0.8,2.7,0.48,0.309,0.784,21.8,7.4,0.509,-4.0,3.4
DeMar Williams,SAS,2007-08,21,59,29,18.2,17.9,5.4,1.7,1.5,0.3,2.2,0.472,0.382,0.918,33.8,3.5,0.481,1.3,3.0
Devin Hill,GSW,2007-08,23,37,19,14.9,26.8,5.4,0.2,0.6,0.7,2.5,0.55,0.351,0.855,20.7,19.1,0.647,-0.2,0.9
Kyle Wilson,TOR,2007-08,23,70,42,30.2,10.7,5.2,1.4,1.3,1.3,2.1,0.52,0.394,0.906,31.5,23.9,0.498,1.0,-0.5
Nikola Young,HOU,2007-08,22,80,69,9.9,12.3,5.0,0.2,0.6,1.1,1.3,0.447,0.373,0.743,23.8,11.2,0.514,3.8,3.5
Devin Lopez,OKC,2007-08,22,59,44,19.8,15.2,8.0,2.5,0.9,0,3.4,0.513,0.294,0.873,18.2,18.5,0.574,1.5,-0.8
Kyle Wright,CHA,2007-08,22,41,3,35.8,18.4,6.9,0.2,1.1,0.7,2.6,0.513,0.337,0.76,33.4,13.5,0.494,1.0,2.9
Fred Anderson,POR,2007-08,22,61,13,32.4,16.4,2.3,3.4,0.8,0.3,1.1,0.431,0.292,0.759,32.8,20.0,0.5,0.1,-2.6
Chris Thomas,PHI,2007-08,24,63,33,32.8,9.8,10.2,7.7,0.6,1.0,2.1,0.509,0.415,0.715,25.8,18.3,0.593,-1.0,1.7
Luka Wilson,NYK,2007-08,25,28,15,16.9,14.9,6.1,5.3,0.2,0,0.3,0.512,0.359,0.898,22.7,18.9,0.559,-2.9,1.1
Tyler Thompson,HOU,2007-08,21,33,3,27.2,14.5,2.4,5.2,0.9,0,1.8,0.488,0.32,0.682,33.7,11.0,0.518,-2.4,1.6
Trae Thomas,PHX,2007-08,20,80,40,33.0,14.3,7.6,1.6,0.3,0,1.4,0.401,0.345,0.858,15.1,15.1,0.532,-0.3,2.2
Tyrese Carter,MIA,2007-08,21,22,10,38,7.4,10.0,4.5,0.9,0.6,3.4,0.399,0.282,0.656,18.2,19.4,0.542,2.5,2.5
Kevin Reed,NYK,2007-08,30,59,38,31.6,14.1,7.4,0.2,1.4,0.3,2.6,0.444,0.399,0.848,21.9,17.6,0.593,-4.3,3.4
Marcus Wilson,MEM,2007-08,23,24,12,38,19.1,2.7,2.5,0.8,0.4,1.6,0.511,0.389,0.795,23.1,22.4,0.529,0.1,0.8
Jayson Parker,CLE,2007-08,28,43,22,24.0,5.0,4.4,0.5,0.8,0.2,1.7,0.491,0.326,0.849,18.4,15.6,0.567,-5.9,0.9
Cade Moore,BKN,2007-08,25,71,20,7.1,8.2,3.6,5.9,0.7,0,2.6,0.493,0.383,0.863,17.9,14.2,0.618,-1.7,-0.4
Luka Hill,IND,2007-08,26,67,18,38,8.2,5.4,2.3,0.7,0.6,1.7,0.438,0.413,0.836,31.0,16.5,0.602,-3.2,1.8
CJ Anderson,DEN,2007-08,19,23,12,36.9,19.7,4.8,0.2,1.3,0.4,2.5,0.473,0.404,0.863,33.5,20.9,0.574,-4.9,-0.0
CJ Mitchell,SAC,2007-08,26,22,1,26.8,4.0,0.7,1.0,0.8,0.3,0.4,0.545,0.28,0.897,30.4,22.8,0.585,-0.3,-2.3
DeAndre Turner,DET,2007-08,25,79,59,25.2,14.1,8.0,6.6,0.6,0.2,2.5,0.498,0.359,0.873,18.2,15.3,0.614,4.8,0.8
James Phillips,HOU,2007-08,19,66,65,30.1,12.5,2.8,3.6,0.5,0.1,1.0,0.409,0.302,0.672,17.7,11.4,0.599,-2.2,0.4
Ja Morris,DEN,2007-08,22,44,8,28.4,8.4,0.5,4.4,0.8,0.7,2.2,0.477,0.41,0.794,32.1,14.2,0.589,0.4,-0.0
Malik Wilson,SAS,2007-08,19,38,0,24.7,17.6,0.8,5.7,1.3,0.5,2.6,0.497,0.375,0.67,32.2,17.7,0.599,0.5,1.3
Bam Miller,SAS,2007-08,26,44,2,30.9,8.9,6.9,7.1,1.2,0.4,0.5,0.501,0.294,0.745,29.5,17.6,0.646,0.0,3.1
Tyrese Mitchell,NYK,2007-08,27,77,27,33.1,9.8,1.6,5.2,0.3,0,2.9,0.451,0.365,0.75,16.8,9.4,0.635,-0.3,1.1
Brandon Taylor,POR,2007-08,26,77,12,12.6,2,7.6,0.2,0.9,0.2,3.1,0.384,0.382,0.816,18.6,12.8,0.615,1.9,2.0
Khris Williams,PHX,2007-08,28,32,2,26.8,13.9,3.0,2.6,1.4,1.1,0.8,0.388,0.289,0.907,34.4,14.8,0.492,1.0,-3.0
Donovan Evans,UTA,2007-08,23,23,16,18.8,6.8,4.5,7.4,1.2,0.8,1.7,0.418,0.291,0.9,26.6,13.7,0.628,-1.7,2.1
Anthony Anderson,TOR,2007-08,21,65,11,26.7,16.3,3.4,5.8,0.1,0.3,3.0,0.529,0.299,0.672,33.9,9.3,0.627,-1.6,-1.7
Shai Reed,MIL,2007-08,19,71,56,18.4,21.3,5.2,0.2,1.0,1.8,2.8,0.409,0.323,0.885,31.2,19.2,0.482,2.7,1.7
CJ Baker,ATL,2007-08,27,24,22,14.6,19.6,1.9,2.3,0.9,0,0.3,0.454,0.403,0.703,28.4,24.5,0.559,7.4,-0.9
Devin Williams,DAL,2007-08,23,71,63,14.5,18.2,4.3,6.9,1.2,0.9,1.5,0.476,0.311,0.65,17.2,12.8,0.571,-3.0,3.7
James White,BKN,2007-08,26,49,36,31.4,15.6,6.0,2.3,1.1,1.6,2.2,0.383,0.371,0.866,16.2,18.0,0.629,-1.2,-1.5
Bam Green,BKN,2007-08,23,74,29,12.7,16.6,5.4,6.2,0.3,1.1,3.1,0.425,0.4,0.792,16.6,14.8,0.632,-0.6,1.0
Chris Wilson,PHX,2007-08,23,69,23,26.5,21.4,5.2,4.7,0.8,0.7,0.9,0.519,0.4,0.794,17.2,20.7,0.603,-6.1,2.1
Donovan Mitchell,ORL,2007-08,20,21,10,38,15.8,3.8,4.9,0.7,0.8,1.2,0.42,0.404,0.859,30.2,22.8,0.486,3.9,-1.2
Jayson Taylor,OKC,2007-08,21,20,5,21.3,8.2,5.3,4.6,1.5,0.4,2.5,0.532,0.306,0.732,32.3,7.9,0.579,-2.7,-0.8
Marcus Hill,LAL,2007-08,24,30,16,26.8,21.0,1.8,3.2,1.2,1.3,0.3,0.387,0.362,0.751,30.2,5.6,0.569,3.5,1.7
Tyrese Green,MEM,2007-08,23,57,16,6.3,22.5,5.0,8.8,0.1,0,1.7,0.429,0.323,0.879,22.7,12.8,0.535,2.9,1.9
Jaylen Young,PHI,2007-08,25,65,4,13.4,14.3,0.5,0.6,0.6,0.7,0.9,0.5,0.406,0.811,31.5,12.4,0.591,0.9,-1.9
Ja Evans,TOR,2007-08,29,64,56,38,9.2,1.6,3.8,1.1,0.4,1.4,0.407,0.348,0.823,27.0,14.3,0.506,-1.2,4.0
Chris Baker,LAC,2007-08,22,46,31,23.9,26.6,4.6,3.5,1.0,0.8,1.7,0.485,0.36,0.804,32.4,19.3,0.565,-0.7,-1.7
Andre Brown,PHI,2007-08,23,73,37,35.5,13.6,3.7,6.6,0.9,1.1,2.4,0.447,0.283,0.666,26.4,18.6,0.496,-0.0,0.0
LaMelo Reed,DAL,2007-08,28,36,27,26.4,10.1,4.1,0.2,1.1,1.3,0.3,0.534,0.325,0.772,28.6,15.9,0.5,5.1,-1.5
CJ Nelson,LAC,2007-08,21,23,16,38,21.2,4.0,0.2,1.6,0.7,1.8,0.441,0.357,0.762,19.8,17.1,0.627,-2.3,1.6
Jaylen Miller,ORL,2007-08,20,69,38,21.5,7.7,4.0,2.7,0.1,1.4,1.4,0.53,0.363,0.718,32.1,16.8,0.57,-7.6,0.4
Giannis Thomas,MIN,2007-08,25,79,27,22.0,14.3,11.7,3.4,1.0,0.3,3.5,0.545,0.301,0.9,21.4,26.0,0.505,1.8,-0.4
Shai Turner,MEM,2007-08,23,43,17,31.2,19.7,5.8,0.2,1.1,0.8,2.7,0.527,0.385,0.728,25.2,17.3,0.487,2.8,0.7
Malik Allen,CHA,2007-08,30,52,33,21.5,13.3,1.2,2.5,0.8,0.7,4.3,0.506,0.306,0.664,23.1,17.4,0.552,0.3,-2.8
Pascal Taylor,NYK,2007-08,21,45,26,24.8,32.6,9.5,3.3,1.0,0.4,1.4,0.453,0.297,0.768,32.9,17.5,0.612,0.0,1.2
Marcus Mitchell,TOR,2007-08,27,45,27,21.3,20.5,9.2,1.6,1.2,0.3,4.2,0.444,0.346,0.859,19.6,12.1,0.596,-0.5,0.7
Domantas Stewart,MIA,2007-08,29,76,75,29.3,6.7,5.1,3.9,0.6,1.4,1.9,0.546,0.406,0.764,17.7,9.1,0.484,-6.8,1.6
Giannis Baker,BKN,2007-08,23,45,22,15.2,15.8,4.5,2.4,0.8,0,1.0,0.514,0.417,0.872,32.0,6.9,0.554,1.2,0.1
Tyler Wright,ATL,2007-08,23,77,46,37.6,11.1,5.6,0.2,1.0,0,2.0,0.432,0.374,0.695,27.7,14.8,0.508,0.8,0.9
Brandon Harris,DET,2007-08,26,52,31,18.3,2,2.3,5.7,0.3,0.1,4.8,0.383,0.364,0.833,30.4,10.7,0.578,-2.6,1.1
CJ Collins,BOS,2007-08,22,49,13,37.1,10.7,0.5,5.7,1.8,0.9,2.8,0.389,0.398,0.727,22.5,14.2,0.623,-0.3,1.9
Zion Parker,TOR,2007-08,28,46,16,15.4,18.4,10.4,2.3,1.7,0.7,3.8,0.417,0.295,0.687,26.9,26.1,0.646,-1.8,0.6
CJ Murphy,SAC,2007-08,25,50,24,18.3,9.1,3.7,4.0,2.3,0.2,2.4,0.529,0.377,0.689,26.4,12.6,0.542,1.3,-2.2
Jordan Edwards,ATL,2007-08,25,22,19,28.3,16.4,0.5,3.5,1.0,0.7,3.1,0.39,0.286,0.73,20.2,11.8,0.599,-5.4,4.4
CJ King,LAC,2007-08,27,63,13,12.0,22.1,9.9,2.8,0.2,1.2,3.2,0.503,0.305,0.66,30.7,6.9,0.573,-5.3,-2.2
Domantas Stewart,CHI,2007-08,28,27,13,32.1,13.4,3.6,5.3,0,1.0,1.5,0.414,0.416,0.724,21.9,12.5,0.605,-2.5,4.3
Devin Turner,GSW,2007-08,23,45,8,38,10.8,0.5,4.9,0,0.3,1.1,0.388,0.413,0.711,21.9,13.2,0.559,-6.3,-0.2
Bam Young,MIL,2007-08,22,68,27,29.7,23.8,6.2,0.2,0.8,0.6,0.3,0.505,0.298,0.871,29.3,12.8,0.583,-2.9,0.3
DeAndre Roberts,MIN,2007-08,25,32,7,25.5,14.6,1.3,2.6,1.5,0.4,0.3,0.442,0.322,0.745,18.9,15.3,0.518,1.7,1.9
Damian Stewart,BKN,2007-08,20,54,42,18.2,2,5.4,0.2,0.6,1.2,3.5,0.384,0.384,0.781,34.7,13.9,0.551,-3.4,-0.2
Cade Mitchell,HOU,2007-08,26,75,59,28.6,17.9,6.0,1.8,0,1.3,2.7,0.501,0.283,0.893,29.1,16.9,0.523,-2.9,-0.1
Tyrese Thompson,UTA,2007-08,19,25,9,15.8,15.2,2.3,2.2,1.2,1.0,1.8,0.525,0.289,0.684,18.6,9.5,0.5,4.9,1.1
Shai Brown,LAL,2007-08,19,29,0,24.2,16.2,6.4,1.0,0.7,0.7,2.4,0.546,0.303,0.868,23.0,16.3,0.489,5.2,4.8
Luka Campbell,BOS,2007-08,25,23,15,24.4,12.0,11.6,4.8,1.0,0.9,0.3,0.45,0.386,0.755,18.7,23.4,0.615,-1.3,3.7
Devin Anderson,DET,2007-08,27,81,52,31.0,5.5,4.8,3.6,0.8,0.7,3.1,0.456,0.325,0.886,30.8,18.3,0.595,-3.4,-1.1
LaMelo Campbell,BKN,2007-08,28,47,42,5,10.9,9.5,1.0,1.1,0,0.9,0.454,0.367,0.799,20.4,21.6,0.619,-1.9,0.0
DeAndre Green,CHI,2007-08,20,46,14,32.4,9.2,6.6,7.2,1.2,0,2.7,0.438,0.407,0.773,25.9,8.7,0.5,-6.2,0.8
Cade Young,POR,2007-08,30,35,11,21.8,9.3,0.5,0.2,1.1,0.8,2.7,0.411,0.378,0.677,17.8,24.9,0.619,3.2,1.2
Devin Green,WAS,2007-08,20,44,3,38,10.3,5.1,0.2,0.7,0.4,2.1,0.484,0.42,0.869,27.0,14.5,0.568,2.2,1.4
Damian Cook,CHA,2007-08,22,69,63,36.1,17.2,0.5,2.6,1.1,0,1.1,0.514,0.35,0.835,24.3,19.3,0.521,-0.8,2.4
DeMar Miller,SAC,2007-08,28,57,7,32.8,8.1,4.1,0.4,0.6,0.2,0.3,0.472,0.351,0.83,30.2,22.3,0.523,2.9,1.2
Fred Davis,ATL,2007-08,27,65,36,30.8,8.5,3.7,3.4,0.9,0.4,2.4,0.416,0.307,0.715,24.1,12.4,0.537,1.3,1.8
DeAndre Reed,BOS,2007-08,28,80,65,26.9,18.6,3.0,8.0,1.8,0.6,1.3,0.51,0.343,0.68,15.2,6.9,0.604,-1.8,2.0
Joel Thomas,GSW,2007-08,21,25,6,21.0,11.1,3.9,2.1,1.8,0.1,2.7,0.404,0.315,0.798,24.8,12.4,0.619,-2.8,1.7
Julius Young,CLE,2007-08,23,57,24,23.0,10.9,3.6,3.6,1.0,1.1,1.8,0.548,0.393,0.852,16.8,17.4,0.566,0.8,-2.1
Giannis Young,UTA,2007-08,20,24,6,8.7,2.1,4.9,0.2,1.4,0.1,2.6,0.489,0.401,0.754,18.8,14.0,0.626,3.0,1.9
Donovan Baker,BOS,2007-08,29,39,28,17.9,16.2,0.5,3.8,0.8,0.9,0.5,0.382,0.415,0.728,26.2,19.8,0.615,2.7,-0.4
Jaylen Williams,POR,2007-08,22,30,6,18.2,29.6,5.7,4.7,1.6,0.3,2.2,0.532,0.281,0.673,24.1,17.2,0.516,0.2,1.0
Ja Jackson,ATL,2007-08,26,39,9,19.5,26.2,8.4,3.4,1.6,1.3,3.7,0.395,0.353,0.667,20.4,9.3,0.509,-2.2,1.2
Fred Wright,HOU,2007-08,30,82,44,29.8,7.3,4.6,3.9,1.7,0,1.1,0.533,0.419,0.703,24.8,15.5,0.593,-4.1,-0.2
Kevin Brown,NYK,2007-08,29,63,50,23.8,11.6,10.5,6.1,1.7,0.2,3.3,0.463,0.355,0.666,16.0,13.0,0.514,-0.4,-0.2
Jalen Murphy,MIN,2007-08,24,73,22,15.2,20.7,0.5,0.8,1.5,1.0,1.5,0.522,0.402,0.684,29.2,18.9,0.622,-2.9,1.2
Kevin Johnson,LAC,2007-08,20,40,1,33.2,10.5,0.5,5.2,1.4,0.6,0.8,0.488,0.36,0.893,24.0,13.9,0.62,-1.1,1.6
DeAndre Anderson,TOR,2007-08,27,25,21,25.1,18.1,5.7,4.6,1.0,0.8,3.2,0.483,0.362,0.686,25.9,12.7,0.492,-1.3,-2.1
Devin Mitchell,ATL,2007-08,22,47,16,34.5,26.6,0.5,7.5,0.8,0,2.2,0.474,0.286,0.756,29.2,10.6,0.571,0.1,3.6
Nikola Baker,PHI,2007-08,27,70,56,20.2,8.6,5.9,4.1,1.0,0.7,2.5,0.42,0.291,0.867,29.9,25.0,0.542,-1.6,1.5
Khris Wilson,IND,2007-08,28,51,25,35.9,7.1,6.9,2.5,0.1,0.5,1.8,0.395,0.306,0.739,25.9,13.3,0.562,5.3,1.3
DeAndre Johnson,WAS,2007-08,28,42,39,25.6,14.9,0.7,2.6,1.7,0.4,0.3,0.45,0.32,0.908,19.5,13.2,0.529,0.1,1.1
Julius Moore,SAS,2007-08,22,65,35,27.7,7.0,3.3,4.9,0.9,0.7,2.8,0.516,0.29,0.698,31.7,12.8,0.572,-3.1,-1.0
Ja Campbell,HOU,2007-08,28,56,36,19.4,2,3.2,6.7,0.6,0,1.7,0.497,0.395,0.823,30.7,10.1,0.558,2.1,1.6
Jalen Martin,DAL,2007-08,20,76,66,20.1,24.0,7.8,4.4,0.5,0.7,2.1,0.395,0.348,0.758,15.8,22.2,0.504,1.5,2.3
Nikola Murphy,CHA,2007-08,25,75,9,29.2,6.3,4.6,2.6,0.6,0,1.1,0.455,0.321,0.848,27.5,10.8,0.587,-0.2,-2.0
Zion Lopez,POR,2007-08,28,49,24,15.7,7.2,7.8,5.2,1.0,0,3.3,0.531,0.328,0.694,20.1,11.9,0.542,-3.0,2.3
Shai Anderson,CLE,2007-08,23,26,24,30.5,23.4,0.7,4.3,1.1,2.2,1.6,0.392,0.306,0.882,30.0,19.1,0.485,-2.1,2.7
Luka Adams,BOS,2007-08,26,36,3,11.5,18.7,5.9,3.1,0.6,0.7,2.1,0.482,0.337,0.828,30.1,22.3,0.614,-5.4,-0.8
Darius Cook,UTA,2007-08,26,79,18,31.0,17.4,7.9,1.7,0.9,0.8,2.9,0.437,0.305,0.912,31.6,13.2,0.551,-0.9,2.2
Cade Wright,LAC,2007-08,22,20,1,15.6,13.3,4.1,0.2,0.4,0.1,1.2,0.425,0.335,0.808,23.8,11.4,0.648,-4.1,0.7
Malik Mitchell,TOR,2007-08,27,57,56,28.3,10.2,0.5,5.6,1.2,0.8,0.5,0.393,0.374,0.892,16.6,16.1,0.502,-1.4,3.3
Nikola Parker,LAC,2007-08,25,50,15,31.6,11.3,7.1,5.1,0.9,0.6,2.0,0.509,0.405,0.709,29.8,15.8,0.605,-2.0,4.0
Bam Williams,HOU,2007-08,28,57,32,27.7,4.2,7.6,7.9,0.6,0,2.4,0.46,0.407,0.702,23.0,17.9,0.64,1.1,3.0
Kevin Baker,MIN,2007-08,23,52,17,28.4,14.0,7.8,0.4,0.4,0.5,1.2,0.414,0.4,0.715,33.3,14.6,0.628,-0.0,-0.8
Malik Young,POR,2007-08,20,32,7,10.4,12.4,7.0,3.6,1.1,0.6,1.6,0.429,0.312,0.663,15.2,15.3,0.641,4.2,1.7
Khris Reed,IND,2007-08,21,37,18,23.9,19.2,9.3,5.7,1.4,0,1.9,0.541,0.371,0.726,26.7,9.8,0.603,-0.9,-1.2
Khris Evans,NOP,2007-08,23,54,43,19.9,16.2,7.3,2.2,0.8,0,0.3,0.455,0.301,0.797,30.6,13.8,0.506,-0.7,0.5
Fred Cook,DAL,2007-08,26,27,27,21.4,24.2,7.6,3.4,1.2,0,3.2,0.404,0.311,0.857,25.1,18.6,0.49,3.3,2.8
DeAndre Collins,OKC,2008-09,27,75,22,15.7,17.7,2.7,3.2,0.5,0.4,3.2,0.482,0.298,0.781,18.5,23.6,0.501,-3.6,0.2
Fred Mitchell,HOU,2008-09,25,72,71,18.3,17.3,2.8,5.3,1.4,0.9,2.7,0.524,0.298,0.804,30.0,25.5,0.581,-1.8,1.2
Darius Roberts,DET,2008-09,19,67,53,17.6,21.6,3.2,2.6,1.1,0,1.8,0.461,0.326,0.838,28.6,20.4,0.554,2.4,2.6
Kevin Stewart,PHX,2008-09,23,40,24,33.8,12.1,9.2,1.2,0.9,1.6,1.7,0.424,0.296,0.729,26.0,10.4,0.581,-2.4,0.6
DeAndre Nelson,LAL,2008-09,23,58,56,27.7,12.8,1.5,2.2,1.1,0.2,2.5,0.493,0.308,0.815,32.0,19.0,0.623,1.4,0.4
Devin Stewart,POR,2008-09,23,38,1,22.9,12.1,8.1,5.8,1.5,0,3.3,0.412,0.309,0.803,28.5,21.5,0.543,0.3,0.2
Cade Carter,OKC,2008-09,21,48,23,34.4,12.9,0.5,5.3,1.3,0.5,3.0,0.448,0.313,0.859,27.5,13.7,0.599,0.1,4.4
Nikola Baker,PHI,2008-09,23,45,31,32.1,28.3,5.8,4.0,1.7,0.5,1.7,0.476,0.322,0.839,20.1,17.1,0.558,1.9,1.0
Chris Taylor,MEM,2008-09,25,34,33,18.3,5.5,0.5,4.1,0.6,0,1.6,0.49,0.313,0.918,32.9,17.7,0.634,3.0,1.8
James Reed,BKN,2008-09,22,27,23,18.3,9.0,2.7,3.2,0.5,1.0,1.7,0.447,0.304,0.785,26.5,14.1,0.588,-8.7,0.8
Tyrese Young,CHA,2008-09,28,22,13,28.2,15.6,6.6,5.7,0.8,0.8,0.4,0.402,0.362,0.825,23.4,13.7,0.579,2.7,2.2
CJ Jackson,HOU,2008-09,22,27,8,23.2,9.2,4.3,1.6,1.0,0.2,1.8,0.428,0.29,0.793,29.5,12.6,0.626,3.7,2.8
Anthony Davis,POR,2008-09,22,22,10,16.2,4.2,5.6,2.9,1.4,0.7,2.6,0.405,0.407,0.864,29.9,18.9,0.645,1.4,-2.2
Domantas Young,GSW,2008-09,24,46,1,37.3,16.2,1.4,2.1,0.9,0.1,2.4,0.505,0.312,0.676,19.0,16.9,0.548,0.8,-0.5
Kyle Moore,LAC,2008-09,26,45,1,21.8,22.3,7.9,4.8,1.0,0.2,1.5,0.392,0.385,0.885,24.8,12.3,0.538,-0.5,0.9
DeAndre Young,LAC,2008-09,24,35,4,19.7,13.2,6.0,6.0,0.6,0.3,2.5,0.531,0.418,0.768,28.2,19.9,0.597,5.4,-0.3
Jayson White,WAS,2008-09,24,73,58,33.4,2,4.1,7.5,1.0,1.1,1.6,0.519,0.302,0.885,19.0,19.6,0.556,2.6,0.6
Darius Nelson,IND,2008-09,32,76,9,27.3,20.7,2.1,2.8,0.9,0.4,4.0,0.498,0.334,0.728,17.7,15.9,0.607,4.8,-1.7
Cade Young,OKC,2008-09,24,33,3,24.1,17.0,2.6,5.4,1.3,0.9,0.6,0.472,0.404,0.917,16.3,10.8,0.634,-2.3,-0.0
Tyrese Phillips,POR,2008-09,21,56,32,26.2,9.0,10.2,4.2,1.4,1.1,0.8,0.447,0.313,0.848,17.4,23.1,0.494,-1.9,3.4
Zach Moore,MIN,2008-09,29,57,31,29.7,14.3,5.1,2.3,1.2,0.1,1.5,0.547,0.328,0.784,25.5,16.0,0.592,-5.7,2.6
Ja Miller,NOP,2008-09,23,49,41,24.4,17.7,0.5,7.8,1.1,1.1,2.9,0.491,0.286,0.736,26.3,3.5,0.515,2.8,0.5
Tyrese Moore,NOP,2008-09,28,69,38,25.3,19.3,7.2,3.5,1.1,0.5,2.6,0.393,0.286,0.869,22.5,19.0,0.582,-1.8,-0.6
Jaylen King,PHX,2008-09,20,33,2,17.8,16.6,6.8,0.2,1.2,1.2,1.5,0.413,0.332,0.667,29.1,17.5,0.584,2.6,1.9
DeAndre Nelson,LAC,2008-09,30,54,10,24.8,10.0,2.3,0.2,1.5,1.4,1.4,0.499,0.289,0.85,30.2,6.2,0.561,-4.9,-0.1
Kyle Carter,MIL,2008-09,20,71,56,27.4,12.9,1.3,1.5,1.4,0.2,2.0,0.393,0.314,0.679,33.9,12.9,0.543,2.2,0.7
Andre Murphy,BOS,2008-09,22,63,63,13.3,20.2,5.4,5.3,0.7,0.2,1.1,0.458,0.322,0.776,29.7,17.9,0.636,-0.3,0.6
Kyle Allen,GSW,2008-09,28,50,21,5,17.8,8.1,4.8,0.4,0.2,0.5,0.436,0.393,0.676,29.9,10.3,0.534,-0.6,2.5
Shai Stewart,NOP,2008-09,26,29,27,38,17.3,8.2,4.4,1.1,0.7,2.2,0.533,0.372,0.896,20.2,13.9,0.627,3.9,4.9
Tyrese Wright,TOR,2008-09,25,45,3,20.8,10.8,6.2,3.7,1.5,1.3,2.3,0.529,0.416,0.874,22.1,16.8,0.639,1.4,2.2
Darius Wilson,WAS,2008-09,21,44,32,30.6,17.1,2.2,7.0,0.8,0.9,1.3,0.401,0.3,0.66,32.6,16.2,0.636,2.2,-1.1
Zion Lopez,UTA,2008-09,24,72,3,36.5,14.4,0.9,0.8,1.0,0.6,1.5,0.386,0.373,0.781,28.2,11.6,0.559,1.6,2.0
Pascal Phillips,ATL,2008-09,28,43,41,30.6,10.3,6.1,2.7,0.7,0.5,2.3,0.475,0.313,0.839,18.1,8.7,0.649,-3.2,3.0
Devin Turner,GSW,2008-09,27,82,19,32.6,8.2,6.5,2.4,0.8,0.7,1.7,0.479,0.395,0.817,19.9,17.3,0.623,-0.8,0.5
Jaylen Martin,LAL,2008-09,30,70,69,20.5,20.4,2.2,10.4,1.4,1.3,1.4,0.4,0.393,0.911,28.4,0.1,0.49,-1.2,1.5
Jayson Parker,DET,2008-09,30,81,23,30.4,8.3,12.0,0.9,1.1,1.3,2.9,0.473,0.366,0.874,33.9,14.8,0.601,-5.8,3.7
Jalen Phillips,WAS,2008-09,19,62,1,17.8,15.5,2.4,3.7,0.8,0.6,3.0,0.4,0.357,0.718,16.4,20.3,0.578,-7.2,3.2
Marcus Cook,IND,2008-09,28,31,11,27.3,2,1.2,4.3,1.5,0.6,3.2,0.524,0.342,0.667,27.1,13.9,0.547,0.2,-0.3
Jordan Morris,PHI,2008-09,25,76,76,23.1,14.7,3.8,2.8,0.8,1.3,2.9,0.527,0.368,0.731,24.8,9.5,0.542,1.1,5.5
DeMar Williams,UTA,2008-09,20,21,13,28.0,26.6,2.8,4.5,1.3,1.3,2.7,0.401,0.385,0.832,31.9,19.7,0.503,-2.9,2.3
Devin Hill,ORL,2008-09,24,40,4,11.8,18.4,2.3,2.3,1.0,0.1,4.3,0.478,0.291,0.855,26.0,8.1,0.53,0.6,-0.6
Kyle Wilson,ATL,2008-09,25,82,10,16.2,16.5,11.1,4.7,0.2,1.1,2.5,0.424,0.303,0.906,26.8,15.2,0.632,-1.1,1.2
Nikola Young,CHI,2008-09,22,54,20,36.5,19.3,4.4,2.5,0.5,0.3,2.7,0.533,0.312,0.852,20.2,4.9,0.536,3.1,-1.9
Devin Lopez,ATL,2008-09,23,79,19,35.0,13.2,8.8,1.3,1.1,1.5,1.8,0.407,0.394,0.7,30.5,15.0,0.616,-0.3,5.2
Kyle Wright,GSW,2008-09,23,50,9,24.7,17.2,6.4,2.0,0.5,0.9,1.7,0.391,0.31,0.714,15.2,23.1,0.48,1.4,0.5
Fred Anderson,DET,2008-09,24,23,10,25.7,8.8,2.7,3.0,1.3,0.7,2.7,0.432,0.309,0.654,20.3,12.2,0.573,-4.1,5.2
Julius Turner,OKC,2008-09,22,29,29,38,22.1,4.6,4.7,0.9,0.4,3.1,0.395,0.354,0.801,27.6,15.5,0.551,4.2,3.9
Chris Thomas,MIN,2008-09,27,73,34,32.8,17.7,2.2,0.2,1.5,0.7,1.5,0.387,0.344,0.713,34.0,22.7,0.6,0.7,0.9
Luka Wilson,NOP,2008-09,26,59,42,23.1,24.7,4.6,5.4,1.7,0.8,3.0,0.483,0.408,0.727,26.4,14.2,0.604,4.1,1.5
Tyler Thompson,BKN,2008-09,23,78,2,31.1,19.7,5.4,4.4,1.0,0.8,3.0,0.528,0.342,0.667,26.0,21.8,0.547,-1.8,-1.9
Trae Thomas,POR,2008-09,21,54,47,22.6,6.3,6.3,0.2,1.0,0.6,4.6,0.546,0.343,0.695,19.9,20.1,0.597,-0.2,4.4
Tyrese Carter,PHI,2008-09,23,82,52,26.4,25.7,7.6,6.1,1.7,0.3,0.3,0.401,0.388,0.693,31.7,9.9,0.552,-3.8,4.7
Kevin Reed,DET,2008-09,30,40,10,29.5,2,6.9,2.5,1.1,0.5,2.6,0.491,0.3,0.86,20.1,15.2,0.493,3.2,2.8
Jayson Parker,NOP,2008-09,27,31,18,10.5,12.2,0.5,3.1,1.1,0.2,2.5,0.548,0.352,0.785,31.7,12.9,0.504,-2.8,1.4
Cade Moore,MIN,2008-09,27,20,13,13.1,15.4,3.3,6.2,2.2,0.2,2.1,0.447,0.355,0.763,20.9,26.1,0.6,-1.3,0.7
Luka Hill,PHX,2008-09,29,71,27,26.4,18.6,12.6,5.6,1.0,0.5,2.4,0.467,0.299,0.687,32.4,5.5,0.614,5.3,4.3
CJ Anderson,MIA,2008-09,23,45,41,17.6,19.8,0.9,4.5,0.5,0.7,1.9,0.499,0.388,0.903,18.0,15.4,0.631,-0.2,-2.6
CJ Mitchell,WAS,2008-09,29,67,5,13.2,8.7,10.3,5.4,1.4,1.8,2.1,0.536,0.362,0.912,31.5,28.2,0.528,-3.5,0.5
Julius Adams,IND,2008-09,22,61,12,27.9,16.9,2.8,5.5,0.8,0.8,2.8,0.388,0.289,0.9,27.5,19.7,0.612,-2.5,-1.4
Domantas Murphy,LAL,2008-09,22,75,19,26.7,11.8,1.3,1.6,0.4,0.2,2.1,0.457,0.41,0.805,22.2,16.2,0.482,4.5,4.3
Nikola Wilson,SAC,2008-09,21,55,37,22.2,10.3,1.5,6.2,1.6,0.4,2.3,0.42,0.42,0.676,27.5,18.6,0.524,-0.1,-1.8
DeAndre Turner,ATL,2008-09,24,37,6,21.9,14.2,3.1,4.9,1.6,0.7,0.3,0.528,0.373,0.89,20.9,15.0,0.516,1.5,2.8
James Phillips,PHI,2008-09,21,78,76,24.7,12.4,7.6,3.7,1.5,0,2.9,0.439,0.346,0.701,22.0,12.7,0.649,3.1,2.6
Ja Morris,LAC,2008-09,23,63,9,17.1,5.6,8.8,4.3,1.0,0.6,2.5,0.428,0.383,0.854,16.2,10.9,0.49,0.1,1.7
Malik Wilson,CHA,2008-09,23,59,22,31.2,22.8,5.8,2.2,2.2,0.8,2.1,0.506,0.402,0.724,21.4,22.2,0.601,-0.5,1.6
Bam Miller,ATL,2008-09,28,66,61,24.0,22.1,4.4,0.8,0.7,0.6,1.6,0.502,0.329,0.907,31.3,13.8,0.633,1.2,5.1
Brandon Taylor,BKN,2008-09,26,58,45,24.4,23.0,2.4,3.9,0.3,0.5,3.2,0.401,0.342,0.842,19.2,13.9,0.618,-4.1,0.1
Khris Williams,HOU,2008-09,31,59,49,15.6,7.1,1.8,6.9,0.5,0.2,1.6,0.422,0.352,0.81,20.9,25.5,0.611,2.4,3.8
Donovan Evans,CHI,2008-09,25,46,19,27.6,24.1,7.8,5.3,1.0,0.2,3.4,0.468,0.313,0.834,32.0,17.9,0.61,0.4,2.9
Anthony Anderson,LAL,2008-09,21,76,25,14.0,15.2,6.4,5.5,0.1,0.1,3.0,0.493,0.356,0.884,31.8,11.4,0.577,-0.4,5.0
Cade Roberts,HOU,2008-09,21,30,8,27.4,8.0,2.1,4.6,1.0,0.9,2.1,0.5,0.386,0.81,15.2,7.1,0.483,5.2,2.5
Shai Reed,NYK,2008-09,23,70,63,29.7,3.2,6.5,4.6,1.2,0.4,0.6,0.478,0.419,0.879,18.7,13.9,0.628,-2.7,3.7
CJ Baker,NOP,2008-09,28,46,7,37.2,10.6,5.9,6.1,0.8,1.1,1.2,0.486,0.291,0.735,29.3,9.0,0.525,-0.9,-1.9
Devin Williams,MEM,2008-09,25,44,12,26.4,15.7,0.7,4.6,1.2,0.6,3.4,0.434,0.35,0.717,27.5,18.1,0.494,5.6,3.1
James White,CLE,2008-09,26,38,4,20.1,18.0,4.8,5.0,1.3,1.1,2.4,0.411,0.322,0.823,25.0,14.5,0.529,1.6,0.8
Bam Green,MIN,2008-09,27,69,1,30.0,22.8,4.8,3.4,1.2,0.9,4.0,0.393,0.322,0.88,19.0,11.5,0.554,5.6,1.5
Chris Wilson,CLE,2008-09,22,80,0,28.6,23.8,5.2,2.8,0.9,1.2,1.1,0.493,0.302,0.875,22.9,25.9,0.489,-2.5,-0.7
Donovan Mitchell,ORL,2008-09,23,26,13,24.2,8.4,5.3,3.5,2.1,1.1,1.4,0.455,0.374,0.84,22.7,18.4,0.585,-1.5,1.6
Jayson Taylor,SAS,2008-09,22,79,34,14.1,18.6,0.5,3.0,1.3,0.4,3.5,0.525,0.353,0.82,20.3,3.7,0.491,-1.9,5.2
Marcus Hill,LAL,2008-09,26,36,17,30.8,12.0,1.2,3.9,1.0,0.6,1.6,0.456,0.294,0.794,27.7,22.4,0.619,-2.7,1.3
Tyrese Green,DET,2008-09,22,75,63,38,8.2,3.9,2.1,0.1,0.2,3.5,0.453,0.408,0.705,26.9,13.6,0.649,1.5,2.1
Ja Evans,POR,2008-09,29,21,7,27.6,21.9,3.1,0.2,1.5,0.9,2.3,0.483,0.351,0.902,28.2,24.8,0.502,1.2,-0.2
Chris Baker,POR,2008-09,21,63,6,17.3,15.5,7.1,0.4,0.7,0.5,0.9,0.502,0.388,0.715,31.6,15.6,0.493,-0.8,1.4
Andre Brown,DAL,2008-09,23,80,53,27.1,23.7,6.2,2.8,1.7,0.6,2.6,0.528,0.293,0.891,30.4,16.7,0.568,3.6,3.1
LaMelo Reed,PHX,2008-09,31,27,9,8.1,12.1,3.9,2.0,1.4,0.4,3.2,0.537,0.357,0.809,31.1,14.8,0.617,-2.0,0.1
CJ Nelson,MEM,2008-09,21,39,1,9.8,12.5,7.4,0.7,1.2,0.5,3.7,0.496,0.291,0.749,23.7,12.1,0.58,6.8,-0.4
Jaylen Miller,HOU,2008-09,20,47,27,29.7,14.4,1.3,2.2,0.9,0,1.9,0.411,0.39,0.798,18.8,18.8,0.585,-2.1,-0.3
Giannis Thomas,DAL,2008-09,24,64,38,28.2,15.1,3.4,0.5,1.0,0.8,2.1,0.422,0.337,0.824,22.1,20.5,0.608,-2.0,-1.4
Shai Turner,PHI,2008-09,24,65,31,29.3,17.5,5.5,10.4,0.7,1.5,2.1,0.543,0.299,0.856,15.9,10.6,0.52,1.5,5.3
Malik Allen,ATL,2008-09,31,62,60,36.1,11.5,2.2,0.2,1.2,0.7,1.1,0.385,0.379,0.879,26.1,11.1,0.509,3.6,4.6
Pascal Taylor,MIL,2008-09,20,53,51,25.0,16.8,6.0,5.4,1.3,0.3,2.5,0.499,0.396,0.732,21.7,13.0,0.511,3.3,2.9
Marcus Mitchell,MIA,2008-09,28,43,10,21.3,8.5,5.4,6.5,0.6,1.4,1.9,0.525,0.405,0.776,30.4,17.4,0.508,4.7,1.0
Domantas Stewart,BKN,2008-09,32,62,61,24.5,6.4,3.2,0.9,1.0,1.0,4.0,0.459,0.387,0.683,27.1,18.8,0.647,-2.9,2.1
Giannis Baker,POR,2008-09,24,49,48,21.7,10.9,7.4,2.8,0.7,0,1.0,0.471,0.334,0.803,17.8,14.8,0.513,-4.0,-0.9
DeAndre Wilson,SAS,2008-09,19,50,11,18.0,7.3,4.9,5.1,0.3,1.3,1.5,0.428,0.358,0.76,32.9,18.5,0.561,4.7,-1.1
CJ Collins,PHI,2008-09,23,59,20,29.0,8.4,7.2,3.6,1.1,0.5,2.3,0.526,0.334,0.819,27.0,17.1,0.621,1.0,-1.4
Zion Parker,GSW,2008-09,30,21,8,16.0,17.1,7.5,5.9,1.5,0,3.9,0.469,0.316,0.896,34.0,18.7,0.634,2.9,1.5
CJ Murphy,MEM,2008-09,24,48,32,14.6,19.8,10.7,5.3,1.0,0.6,1.7,0.414,0.287,0.795,29.2,17.2,0.645,0.2,0.8
Jordan Edwards,LAC,2008-09,26,39,35,15.5,5.2,1.8,5.0,1.2,0.6,0.3,0.453,0.32,0.874,23.0,13.9,0.638,2.2,3.4
CJ King,MEM,2008-09,26,20,15,8.9,13.9,2.9,0.2,1.7,0.8,0.4,0.494,0.412,0.799,32.3,8.7,0.492,1.5,1.3
Domantas Stewart,BOS,2008-09,27,20,2,22.4,10.6,4.0,2.5,1.2,1.4,0.9,0.447,0.314,0.692,31.4,7.7,0.563,-1.3,1.7
Devin Turner,SAC,2008-09,25,53,41,30.7,5.0,0.6,1.1,1.2,0.1,1.8,0.506,0.332,0.864,15.6,7.7,0.611,-1.7,-2.0
Bam Young,OKC,2008-09,26,56,51,12.0,14.1,1.6,1.8,0.5,0.3,2.3,0.5,0.29,0.692,22.1,12.9,0.534,-4.9,1.3
DeAndre Roberts,NYK,2008-09,27,53,30,25.9,13.5,4.7,3.2,1.6,0,2.4,0.453,0.332,0.916,26.9,17.0,0.612,-0.0,1.1
Damian Stewart,NOP,2008-09,22,35,33,7.9,3.0,4.2,2.2,0,0,1.1,0.483,0.285,0.679,30.1,17.8,0.522,4.2,0.2
Tyrese Murphy,MEM,2008-09,20,34,10,27.2,18.9,6.3,0.9,1.5,1.2,1.9,0.437,0.31,0.833,29.8,22.1,0.643,-1.4,-2.0
Cade Mitchell,POR,2008-09,26,77,58,31.4,10.9,5.0,3.0,0.8,0,1.8,0.437,0.309,0.828,18.5,30.2,0.498,3.5,0.5
Tyrese Thompson,BKN,2008-09,20,66,17,19.9,8.0,1.0,0.2,1.0,1.2,3.7,0.439,0.377,0.813,18.0,24.7,0.609,-0.5,-1.5
Shai Brown,MEM,2008-09,22,23,11,16.0,16.7,4.2,5.2,1.5,0.6,0.8,0.509,0.321,0.753,18.2,13.3,0.551,6.1,-0.9
Luka Campbell,PHI,2008-09,23,60,15,33.3,24.0,6.6,3.7,0.7,0.6,1.8,0.46,0.358,0.91,33.8,4.9,0.564,3.7,-0.7
Devin Anderson,BOS,2008-09,28,67,65,27.3,6.0,1.0,1.7,0.2,0,3.3,0.476,0.328,0.907,27.1,17.5,0.521,0.9,0.8
DeAndre Green,CLE,2008-09,20,48,31,30.9,16.8,0.5,3.8,1.5,0.6,0.5,0.403,0.379,0.791,27.2,12.7,0.489,-1.2,2.4
Cade Young,DAL,2008-09,30,24,13,27.3,19.0,3.8,4.8,1.2,0.6,1.4,0.473,0.294,0.695,27.7,13.8,0.599,3.6,-2.4
Devin Green,CLE,2008-09,23,22,15,30.4,22.2,6.5,4.6,1.3,0,1.2,0.523,0.302,0.751,23.8,15.9,0.525,-6.7,1.5
Damian Cook,MIL,2008-09,24,68,3,13.8,16.0,0.7,6.6,1.0,0,1.3,0.533,0.342,0.86,29.5,8.2,0.538,-1.2,2.8
DeMar Miller,ATL,2008-09,30,45,5,15.4,13.0,0.5,2.0,0.8,0.5,2.7,0.437,0.383,0.68,19.8,18.3,0.624,4.5,2.9
Fred Davis,SAS,2008-09,30,25,17,24.4,23.5,7.6,0.2,1.2,1.3,2.8,0.427,0.345,0.834,28.6,15.8,0.605,4.6,-0.2
DeAndre Reed,MIA,2008-09,30,22,17,33.2,7.3,8.0,3.2,1.8,0.9,1.7,0.382,0.358,0.836,23.9,11.6,0.619,-1.9,0.3
Trae Morris,SAC,2008-09,21,46,42,25.3,15.0,6.3,4.6,0.7,0.9,2.6,0.516,0.303,0.88,19.8,13.5,0.638,2.9,-0.2
Joel Thomas,SAC,2008-09,22,38,32,23.1,14.7,8.0,5.5,1.4,0.2,1.7,0.398,0.344,0.656,22.6,19.2,0.607,0.6,0.7
Julius Young,HOU,2008-09,22,71,28,27.2,17.2,5.2,3.2,0.1,0.2,3.4,0.432,0.304,0.89,25.2,11.1,0.537,-2.5,-0.3
Giannis Young,CHI,2008-09,23,62,1,28.3,24.5,4.5,0.7,0.7,0.4,0.3,0.386,0.296,0.741,16.7,19.5,0.504,5.4,7.2
Donovan Baker,WAS,2008-09,28,38,35,23.2,7.7,8.6,4.3,1.6,1.1,1.7,0.39,0.293,0.663,19.6,19.4,0.528,-2.2,1.9
Jalen Baker,SAS,2008-09,22,81,12,18.1,28.1,5.0,2.2,0.2,1.2,1.8,0.399,0.419,0.771,29.2,7.0,0.524,0.6,2.2
Jaylen Williams,LAL,2008-09,21,58,1,21.2,12.2,0.5,5.9,0.6,0.7,2.4,0.459,0.41,0.707,21.3,13.3,0.634,-1.7,-0.5
Ja Jackson,DAL,2008-09,25,39,36,20.5,13.7,4.9,11.1,2.1,0.1,2.8,0.437,0.29,0.682,31.6,21.4,0.636,-0.2,4.2
Fred Wright,PHI,2008-09,32,74,16,19.9,10.6,3.5,6.4,0.5,0.1,1.7,0.442,0.355,0.882,34.0,19.3,0.638,-6.9,4.0
Kevin Brown,LAC,2008-09,29,24,3,18.0,18.5,6.3,2.3,0,0.4,2.7,0.385,0.373,0.662,32.1,17.4,0.563,3.2,1.1
Jalen Murphy,MIL,2008-09,28,69,0,10.2,12.6,8.4,7.0,1.4,1.0,2.6,0.463,0.351,0.791,22.5,26.8,0.583,1.7,3.0
Trae Miller,UTA,2008-09,21,80,38,20.6,7.8,7.1,3.9,0.8,0.8,2.4,0.434,0.397,0.915,32.0,15.0,0.624,-0.1,0.5
Kevin Johnson,SAC,2008-09,20,76,55,30.2,8.5,4.4,2.5,0.7,0.1,1.3,0.483,0.408,0.681,34.1,12.9,0.621,1.4,2.3
Devin Mitchell,LAL,2008-09,21,68,40,17.1,11.8,5.6,3.5,0.8,0.4,2.9,0.381,0.368,0.839,25.3,16.1,0.608,-2.2,-1.6
Kyle Campbell,SAC,2008-09,21,75,36,27.1,20.4,3.5,5.7,0.7,0.9,2.1,0.415,0.396,0.831,16.1,7.8,0.49,-1.3,1.7
Nikola Baker,BOS,2008-09,26,73,37,32.0,11.2,9.0,4.1,1.5,0,2.3,0.434,0.363,0.807,27.5,19.0,0.582,0.5,0.1
Khris Wilson,MIL,2008-09,26,46,7,32.0,14.0,10.1,4.8,1.5,0.6,1.3,0.433,0.312,0.862,19.1,9.9,0.482,-1.0,1.9
DeAndre Johnson,MIL,2008-09,27,73,23,14.3,10.3,6.9,1.4,1.4,0.8,1.5,0.45,0.302,0.92,30.1,14.9,0.637,-0.9,0.7
Julius Moore,DEN,2008-09,22,75,56,33.1,19.4,10.0,0.8,0.8,0.6,1.9,0.482,0.307,0.764,32.4,11.9,0.522,-0.7,3.4
Ja Lopez,BKN,2008-09,21,26,17,36.4,25.5,6.5,2.3,1.0,0.9,0.9,0.537,0.341,0.845,17.5,15.8,0.582,-3.5,1.1
Ja Campbell,WAS,2008-09,27,60,20,29.6,27.6,6.0,5.9,0.8,0.3,2.5,0.424,0.296,0.795,16.4,8.0,0.642,2.5,2.7
Jalen Martin,POR,2008-09,21,53,9,16.9,10.5,6.5,0.7,0.6,0.1,0.3,0.43,0.297,0.817,20.1,15.9,0.608,2.3,-0.4
Andre Baker,GSW,2008-09,20,46,12,17.4,22.7,0.5,6.4,0.9,0.2,3.3,0.445,0.41,0.75,19.0,9.0,0.501,1.5,0.3
Nikola Murphy,PHI,2008-09,26,30,21,26.9,10.3,4.4,6.7,1.1,0.8,2.2,0.414,0.391,0.677,17.5,12.8,0.521,-3.7,1.0
Zion Lopez,CHI,2008-09,29,34,1,21.2,7.4,4.2,0.2,0.7,1.1,3.4,0.403,0.347,0.695,21.9,18.7,0.511,0.8,3.9
Shai Anderson,LAC,2008-09,25,38,2,30.9,21.0,9.1,1.0,1.0,0.4,1.3,0.491,0.29,0.666,27.5,20.0,0.484,-0.1,1.3
Luka Adams,ATL,2008-09,29,48,38,9.0,15.6,10.2,3.8,0.2,0.7,3.1,0.451,0.346,0.722,33.3,16.5,0.614,-1.8,5.1
Darius Cook,SAS,2008-09,26,57,55,20.3,20.5,7.7,0.2,1.0,0.6,1.9,0.428,0.368,0.702,19.3,6.4,0.647,0.5,2.5
Cade Wright,MIA,2008-09,23,70,51,31.7,15.9,13.6,7.6,0.8,1.9,2.7,0.456,0.4,0.663,31.9,17.1,0.523,-0.2,-0.5
Malik Mitchell,NOP,2008-09,29,48,8,38,23.8,5.4,8.1,0.9,0.4,0.4,0.411,0.344,0.761,32.5,3.7,0.581,-0.4,0.2
Nikola Parker,DAL,2008-09,28,80,16,20.7,10.1,1.3,5.1,0.9,0.4,3.7,0.475,0.281,0.819,19.1,16.4,0.643,2.4,3.2
Bam Parker,MIL,2008-09,19,77,30,19.8,14.0,1.4,5.6,1.5,0,2.2,0.439,0.345,0.824,27.9,10.8,0.634,-2.9,-0.8
Brandon King,CHI,2008-09,20,36,17,33.0,12.8,2.6,0.7,1.1,0.6,3.1,0.495,0.303,0.89,31.8,14.4,0.539,-0.1,1.0
Bam Williams,OKC,2008-09,28,32,6,15.7,18.7,4.4,2.1,1.3,0.2,4.1,0.435,0.407,0.714,28.6,22.0,0.581,-4.0,0.1
Kevin Baker,MIN,2008-09,23,56,1,12.9,5.6,5.3,4.0,2.0,1.6,0.3,0.399,0.327,0.791,27.7,17.9,0.534,-0.1,-1.3
Malik Young,NOP,2008-09,22,76,66,38,16.9,8.3,2.4,1.3,1.3,2.5,0.432,0.391,0.865,21.6,21.7,0.597,-4.0,1.2
Khris Reed,BOS,2008-09,22,70,51,31.4,12.4,2.6,4.5,0.8,0,2.1,0.493,0.282,0.681,27.2,25.6,0.511,4.7,4.4
Khris Evans,MIN,2008-09,23,44,33,11.4,21.4,7.9,5.2,1.7,0.7,2.9,0.431,0.332,0.716,34.2,12.7,0.538,2.2,0.9
Fred Cook,SAS,2008-09,26,30,12,27.4,7.9,2.4,6.5,1.8,0.6,1.0,0.441,0.335,0.887,17.4,15.7,0.54,-0.7,-0.8
DeAndre Collins,LAC,2009-10,31,76,37,27.0,10.3,8.3,5.9,0,0,3.7,0.46,0.405,0.652,17.2,14.0,0.543,-2.0,-0.5
Fred Mitchell,UTA,2009-10,26,53,16,34.6,15.7,0.5,2.2,1.0,1.9,3.1,0.521,0.415,0.911,23.8,15.7,0.635,-3.4,-0.8
Darius Roberts,PHX,2009-10,20,24,22,29.1,10.8,3.8,2.7,1.6,1.1,1.1,0.395,0.305,0.764,25.8,12.9,0.512,-2.0,1.8
Kevin Stewart,LAL,2009-10,23,58,34,19.2,29.8,1.7,5.6,1.2,0,1.2,0.55,0.357,0.662,31.0,19.1,0.639,-0.9,3.4
DeAndre Nelson,DET,2009-10,24,75,72,32.6,12.2,7.9,3.2,1.0,0.5,0.8,0.456,0.36,0.693,17.6,8.7,0.621,4.3,1.6
Devin Stewart,PHI,2009-10,23,40,12,35.0,14.5,2.7,4.5,0.5,1.3,1.0,0.533,0.402,0.894,26.2,21.0,0.526,-5.0,2.0
Cade Carter,MIN,2009-10,22,51,13,33.4,4.9,1.2,4.4,0.9,0.6,1.6,0.465,0.394,0.802,20.4,13.3,0.538,3.9,4.7
Nikola Baker,UTA,2009-10,24,75,2,17.5,12.0,7.0,7.4,1.5,1.0,1.8,0.527,0.364,0.798,18.6,11.8,0.575,2.8,1.4
Chris Taylor,MIN,2009-10,28,46,35,11.5,10.4,6.7,2.9,1.2,0.7,1.0,0.426,0.42,0.912,28.0,17.5,0.578,4.4,0.1
James Reed,ORL,2009-10,20,42,2,13.9,14.3,3.7,6.3,1.1,0,2.5,0.51,0.334,0.914,30.9,20.3,0.648,1.4,1.3
CJ Jackson,PHX,2009-10,23,47,40,5,23.3,5.4,2.7,1.1,1.0,2.4,0.431,0.351,0.898,18.1,6.0,0.488,4.5,4.0
Anthony Davis,CLE,2009-10,24,37,19,21.0,19.9,4.9,1.0,0.6,0.6,1.1,0.397,0.396,0.839,26.5,16.7,0.598,0.0,3.6
Domantas Young,MEM,2009-10,22,67,40,18.8,8.1,0.5,6.7,0.6,0.6,1.9,0.506,0.411,0.884,26.3,15.4,0.559,-1.6,1.7
Kyle Moore,MIN,2009-10,27,52,51,25.0,12.9,5.2,6.9,0.9,0.9,1.4,0.418,0.371,0.691,18.3,14.8,0.499,-2.5,-0.4
DeAndre Young,CLE,2009-10,26,21,4,9.0,8.6,6.4,4.9,1.3,1.2,4.3,0.446,0.343,0.747,15.8,20.0,0.577,1.9,-0.4
Jayson White,NOP,2009-10,23,71,14,25.8,19.4,0.5,4.5,1.8,1.3,2.8,0.437,0.332,0.701,17.4,15.0,0.53,0.4,-0.8
Darius Nelson,MIA,2009-10,31,31,22,22.1,13.4,6.8,1.9,1.1,0,2.6,0.437,0.321,0.855,28.4,12.5,0.498,-2.0,-0.6
Cade Young,OKC,2009-10,23,71,65,12.3,21.1,6.1,5.0,0.4,0.2,2.5,0.485,0.325,0.908,17.8,10.6,0.543,-0.5,2.7
Tyrese Phillips,NYK,2009-10,22,32,11,19.2,21.5,4.1,3.9,0.7,0.1,3.8,0.549,0.289,0.655,23.3,17.8,0.599,-1.0,-1.0
Ja Miller,ATL,2009-10,24,49,5,28.2,19.4,3.2,5.2,1.9,0.3,2.4,0.487,0.373,0.767,25.7,20.9,0.558,0.2,1.1
Tyrese Moore,MIL,2009-10,26,64,22,15.6,16.6,2.6,3.0,1.8,1.4,1.2,0.476,0.389,0.722,22.9,23.6,0.624,1.7,0.4
Jaylen King,MIA,2009-10,24,29,9,34.5,19.9,6.3,2.6,0.5,1.0,3.1,0.429,0.407,0.803,30.0,10.5,0.639,-0.0,4.9
Zion Moore,HOU,2009-10,22,38,20,27.0,14.8,6.8,3.1,1.0,0.8,3.3,0.418,0.381,0.728,26.2,14.9,0.557,1.7,0.1
DeAndre Nelson,MIL,2009-10,29,69,32,24.2,10.8,4.0,1.6,1.3,0.8,1.9,0.4,0.372,0.866,25.3,20.3,0.529,5.2,3.4
Kyle Carter,SAC,2009-10,20,41,13,30.4,5.8,2.7,4.8,0.7,1.3,2.3,0.534,0.32,0.752,19.8,7.5,0.516,-3.7,1.8
Andre Murphy,CHI,2009-10,25,27,19,30.7,15.5,1.2,2.5,0.8,0.8,0.6,0.426,0.419,0.677,19.9,13.0,0.634,-3.2,4.5
Kyle Allen,PHX,2009-10,29,73,29,26.0,2,9.3,0.3,1.8,1.6,1.2,0.537,0.354,0.735,29.1,19.7,0.581,1.0,-1.6
Shai Stewart,PHX,2009-10,29,34,27,18.0,8.6,7.6,0.2,1.1,0.6,4.1,0.415,0.318,0.914,32.8,18.0,0.52,1.1,2.4
Tyrese Wright,IND,2009-10,25,73,22,30.9,10.2,9.9,5.5,0.8,1.2,1.1,0.504,0.375,0.787,19.2,18.7,0.515,-2.6,-2.3
Darius Wilson,PHI,2009-10,21,69,44,20.4,19.2,7.5,5.8,1.6,0.4,1.0,0.531,0.367,0.77,27.8,9.3,0.516,-2.5,2.6
Zion Lopez,BOS,2009-10,24,74,27,8.7,7.2,0.9,0.2,1.4,0.8,1.1,0.456,0.312,0.897,30.2,7.4,0.573,1.8,2.2
Devin Turner,MEM,2009-10,28,58,14,18.2,18.3,4.0,5.8,1.1,0.6,2.5,0.545,0.317,0.661,31.1,12.6,0.57,-4.4,2.4
Jaylen Martin,MIL,2009-10,29,79,75,30.0,13.8,5.2,6.3,0.7,1.1,3.4,0.539,0.294,0.873,24.4,8.2,0.545,-6.9,0.7
Jayson Parker,NYK,2009-10,32,56,44,29.8,13.4,5.2,0.9,1.3,0.1,2.4,0.404,0.315,0.786,29.0,15.9,0.491,1.3,3.1
Jalen Phillips,BOS,2009-10,23,36,12,15.3,13.1,0.5,1.0,0.4,0.6,4.1,0.544,0.324,0.776,21.5,4.1,0.597,-0.2,0.1
Marcus Cook,OKC,2009-10,28,50,34,32.0,14.0,8.7,0.2,1.0,0.8,1.5,0.419,0.355,0.9,34.9,19.1,0.496,-0.5,3.8
Jordan Morris,CHI,2009-10,24,53,19,29.8,10.9,6.0,4.8,0.9,1.0,2.5,0.434,0.37,0.793,33.3,21.0,0.579,0.7,3.2
DeMar Williams,LAL,2009-10,24,34,16,8.5,14.3,2.3,2.7,0.5,0.1,2.2,0.535,0.319,0.763,26.9,15.0,0.551,-5.6,0.3
DeAndre Roberts,MIL,2009-10,21,72,53,20.3,19.5,3.9,4.5,1.1,0.3,3.4,0.5,0.38,0.779,25.2,23.7,0.489,4.8,3.9
Devin Hill,SAS,2009-10,24,71,41,31.4,23.4,9.0,0.4,1.2,0.7,1.1,0.472,0.413,0.872,18.8,15.7,0.492,1.8,4.4
Kyle Wilson,NYK,2009-10,26,22,19,37.4,27.3,6.1,3.9,0.8,1.1,3.7,0.462,0.291,0.794,29.5,13.9,0.482,3.4,-0.2
Nikola Young,GSW,2009-10,21,56,50,9.6,9.7,4.0,4.6,1.1,0.8,3.2,0.532,0.286,0.721,16.3,17.8,0.482,-1.8,3.4
Devin Lopez,CLE,2009-10,24,35,4,25.4,16.4,8.5,3.6,0.7,1.4,1.9,0.42,0.371,0.893,25.4,11.2,0.555,-1.5,-0.6
Kyle Wright,BKN,2009-10,26,62,15,15.1,23.5,5.3,4.6,0.6,0.8,3.1,0.508,0.407,0.806,21.5,13.3,0.522,6.5,0.8
Fred Anderson,NOP,2009-10,23,76,45,21.3,14.2,7.2,0.2,1.0,0.2,1.8,0.38,0.312,0.763,27.1,13.3,0.617,2.9,2.0
Julius Turner,HOU,2009-10,23,58,51,38,5.2,6.3,0.3,1.3,0.3,2.1,0.428,0.382,0.861,19.6,9.8,0.574,1.3,1.5
Chris Thomas,CHA,2009-10,29,26,4,33.0,10.9,7.5,4.1,1.2,0,0.7,0.467,0.302,0.767,33.3,18.7,0.612,-3.0,0.3
Luka Wilson,PHX,2009-10,28,43,40,15.6,16.7,0.5,4.1,1.6,0,1.4,0.45,0.359,0.662,21.8,20.6,0.54,-2.4,4.0
Tyler Thompson,TOR,2009-10,24,80,10,18.6,9.5,5.4,0.2,0.7,0.4,2.3,0.473,0.378,0.743,32.1,11.1,0.624,2.0,4.8
Trae Thomas,IND,2009-10,22,48,42,26.4,15.9,1.0,0.2,0.3,0.9,1.0,0.512,0.364,0.9,32.1,16.3,0.585,0.3,-4.0
Tyrese Carter,LAL,2009-10,22,22,21,18.7,15.2,2.1,1.7,0.7,0.9,1.9,0.398,0.382,0.693,27.5,22.8,0.547,2.3,0.3
Kevin Reed,ORL,2009-10,30,80,10,30.3,13.9,6.0,2.4,0.3,0,1.2,0.508,0.356,0.852,29.1,16.1,0.609,-0.6,3.5
Jayson Parker,MIA,2009-10,30,21,12,28.6,17.5,5.7,1.0,0.9,1.0,3.3,0.496,0.312,0.729,25.4,13.2,0.529,-1.7,2.5
Cade Moore,DAL,2009-10,27,56,22,30.9,14.7,8.8,0.5,1.4,0,1.8,0.525,0.308,0.817,28.3,8.6,0.526,1.6,3.1
Luka Hill,GSW,2009-10,28,73,71,8.5,31.0,4.4,0.8,1.2,1.1,2.7,0.423,0.396,0.842,31.2,17.8,0.499,-2.3,-0.6
CJ Anderson,MEM,2009-10,21,64,21,23.2,12.8,7.1,2.5,2.3,0,2.9,0.52,0.396,0.852,20.8,10.6,0.527,1.0,2.1
CJ Mitchell,HOU,2009-10,30,68,14,19.3,30.1,6.8,3.2,0.5,0.9,1.9,0.409,0.31,0.808,23.9,19.3,0.644,-5.9,4.5
Julius Adams,POR,2009-10,23,43,0,36.3,13.1,4.5,4.4,0.4,0.8,2.6,0.46,0.337,0.703,24.5,19.1,0.495,4.6,5.1
Domantas Murphy,LAC,2009-10,20,53,40,24.7,18.7,5.4,5.8,1.5,0.7,2.0,0.51,0.329,0.812,22.7,19.4,0.518,-3.7,2.3
Nikola Wilson,LAL,2009-10,21,26,26,33.6,21.7,7.9,6.2,1.3,1.6,1.2,0.434,0.376,0.812,23.1,18.1,0.647,-2.3,0.6
DeAndre Turner,NYK,2009-10,27,81,69,19.9,11.3,0.5,11.4,1.7,0.5,1.8,0.415,0.289,0.795,24.5,13.8,0.507,-8.0,3.0
Chris Wright,CLE,2009-10,20,62,44,16.7,17.3,15.1,7.9,1.4,1.4,1.1,0.517,0.342,0.85,33.3,12.1,0.524,-3.7,-0.4
James Phillips,TOR,2009-10,23,72,1,16.6,15.8,11.8,4.3,0.9,0.1,3.3,0.547,0.39,0.726,22.8,16.8,0.636,8.0,0.3
Ja Morris,MIL,2009-10,21,69,20,28.4,11.3,7.3,0.3,1.4,1.5,1.1,0.461,0.281,0.88,17.8,19.3,0.644,-0.1,1.5
Malik Wilson,PHI,2009-10,23,80,77,20.7,23.4,5.4,8.1,0.8,0.3,1.3,0.503,0.383,0.699,32.5,13.5,0.501,0.2,1.0
Malik Collins,PHI,2009-10,21,65,12,26.9,18.8,4.3,6.6,0.8,0.9,2.1,0.475,0.418,0.692,33.4,3.9,0.503,-4.5,2.9
Bam Miller,CLE,2009-10,28,29,27,28.5,7.7,8.8,3.9,0.9,0.9,0.8,0.383,0.406,0.858,29.1,13.4,0.629,1.9,2.3
Jordan Phillips,IND,2009-10,19,58,54,24.0,6.5,4.5,6.0,1.0,1.1,1.9,0.543,0.303,0.66,30.8,17.4,0.577,5.2,-0.3
Brandon Taylor,DAL,2009-10,30,45,26,19.1,19.3,3.5,3.6,0.5,0.1,1.7,0.522,0.331,0.677,17.6,16.3,0.5,2.5,-1.2
Khris Williams,MIA,2009-10,32,57,16,30.8,16.1,8.8,1.3,1.1,0.7,2.1,0.394,0.402,0.653,15.9,21.2,0.594,-2.4,1.5
Malik Johnson,MIA,2009-10,20,58,50,33.6,15.7,6.0,2.0,0.8,0.9,1.6,0.503,0.413,0.784,28.8,22.9,0.587,-6.3,2.9
Anthony Anderson,POR,2009-10,22,23,13,17.3,23.4,4.6,2.4,0.5,0.9,2.8,0.438,0.292,0.665,21.7,13.5,0.495,1.3,1.4
Cade Roberts,SAC,2009-10,20,34,4,25.5,9.0,5.5,8.2,1.4,0.5,1.6,0.452,0.406,0.909,20.7,16.3,0.544,0.4,-0.0
Shai Reed,TOR,2009-10,23,42,3,31.4,11.0,7.8,0.6,0.2,1.3,2.1,0.381,0.352,0.782,24.1,16.7,0.482,2.9,2.7
CJ Baker,HOU,2009-10,27,67,52,26.4,9.6,8.0,5.4,1.5,0.9,1.5,0.407,0.289,0.805,22.8,18.0,0.568,-4.2,2.4
Devin Williams,DAL,2009-10,28,37,5,13.2,12.5,5.7,2.2,0,1.0,2.7,0.533,0.29,0.742,25.8,8.1,0.645,3.9,0.4
James White,SAS,2009-10,29,31,23,19.6,8.4,6.0,8.3,0.7,0.9,2.3,0.389,0.363,0.719,22.4,22.1,0.511,4.6,1.3
Bam Green,PHI,2009-10,25,74,73,33.4,9.9,7.8,3.8,0.5,0.8,1.2,0.458,0.282,0.671,23.2,11.2,0.548,3.6,2.7
Chris Wilson,MIA,2009-10,23,25,11,21.6,3.2,7.5,1.3,0.7,0,1.3,0.528,0.396,0.723,19.0,9.1,0.539,2.5,3.3
Donovan Mitchell,CHA,2009-10,25,48,12,23.5,21.9,1.6,0.2,0.5,0,3.6,0.476,0.378,0.687,18.0,12.7,0.563,0.7,1.7
Jayson Taylor,MEM,2009-10,24,32,19,24.1,10.9,8.6,0.5,1.2,0.5,2.1,0.547,0.413,0.803,31.4,26.2,0.493,2.0,-1.1
Marcus Hill,NOP,2009-10,28,52,52,34.9,13.3,7.9,1.3,1.2,0.8,1.9,0.496,0.305,0.781,31.1,8.8,0.482,0.2,0.5
Tyrese Green,MIL,2009-10,24,60,42,21.3,30.4,4.7,2.6,1.2,0.3,1.1,0.472,0.404,0.91,20.1,20.3,0.555,-1.1,2.4
Ja Evans,MIA,2009-10,31,81,20,37.2,5.1,4.4,1.9,0.5,1.2,1.6,0.458,0.313,0.683,17.7,12.7,0.618,-5.5,2.8
Chris Baker,MIL,2009-10,22,37,30,21.1,16.9,0.5,4.7,1.3,0.8,2.4,0.474,0.411,0.843,21.1,12.3,0.567,-2.4,1.5
Andre Brown,IND,2009-10,23,50,20,15.1,12.7,0.5,3.1,0.5,0.6,4.1,0.508,0.361,0.778,27.4,10.5,0.56,0.4,-0.8
Jrue Jackson,DET,2009-10,21,78,40,31.9,17.8,6.8,8.1,0.4,0.8,1.5,0.382,0.36,0.885,25.5,9.2,0.513,-0.4,2.6
LaMelo Reed,NYK,2009-10,32,56,54,30.0,16.5,6.1,2.0,1.1,1.1,1.7,0.505,0.286,0.795,25.7,12.1,0.489,5.5,3.5
CJ Nelson,SAC,2009-10,21,82,19,31.2,8.8,7.1,2.3,1.2,0.8,1.2,0.549,0.286,0.7,18.2,16.0,0.629,-4.4,3.7
Jayson Evans,LAL,2009-10,20,82,50,38,8.6,7.7,1.4,1.6,0,3.8,0.404,0.29,0.75,27.8,11.3,0.495,-10.5,5.6
Jaylen Miller,MEM,2009-10,22,58,22,26.2,2,9.0,0.6,2.0,0.4,0.9,0.395,0.292,0.687,25.8,11.9,0.496,-2.6,1.4
Giannis Thomas,CHI,2009-10,26,53,40,25.6,8.0,6.2,0.2,0.3,0.1,2.4,0.512,0.398,0.83,20.3,13.9,0.596,1.3,-2.3
Shai Turner,ATL,2009-10,23,61,13,18.6,20.2,11.5,4.8,0.6,1.0,2.3,0.497,0.409,0.758,30.0,3.3,0.537,-0.4,-1.0
Malik Allen,BOS,2009-10,29,42,32,26.9,9.3,2.9,5.5,1.1,0,1.7,0.434,0.378,0.743,34.3,23.3,0.581,3.8,3.9
Pascal Taylor,CHI,2009-10,23,55,13,23.3,13.7,4.6,3.9,1.0,1.8,0.3,0.471,0.344,0.721,20.2,24.2,0.541,-0.1,3.8
Marcus Mitchell,HOU,2009-10,30,63,12,15.8,19.8,10.5,7.0,0.7,0.9,2.4,0.461,0.32,0.765,19.8,17.1,0.571,1.2,1.5
Giannis Wilson,BOS,2009-10,19,82,18,38,4.3,5.6,6.3,0.9,1.0,2.0,0.443,0.366,0.892,28.9,9.8,0.545,0.1,3.1
James Cook,TOR,2009-10,20,42,32,25.1,10.1,9.1,4.0,0.3,0.6,2.0,0.388,0.298,0.891,25.7,14.6,0.517,-1.5,2.1
Kevin Edwards,ATL,2009-10,22,71,8,23.6,16.9,0.7,1.3,0.5,1.1,2.8,0.402,0.32,0.822,20.4,7.1,0.545,-0.1,1.7
Domantas Stewart,SAS,2009-10,33,67,45,29.3,8.2,2.0,5.3,1.1,0,2.8,0.39,0.34,0.803,28.8,15.4,0.527,0.4,1.9
Malik Brown,NYK,2009-10,22,54,47,35.5,11.8,4.3,4.1,0.6,0.6,1.4,0.527,0.411,0.696,15.1,19.3,0.625,0.3,1.3
Kyle Wright,DAL,2009-10,20,55,34,29.8,28.5,5.7,7.4,1.3,0.1,2.8,0.542,0.398,0.902,28.8,29.3,0.621,0.3,0.9
Brandon Parker,CHA,2009-10,19,80,39,26.4,9.4,8.2,5.1,0.6,0.3,2.1,0.39,0.382,0.786,27.8,6.2,0.489,2.0,-1.0
DeAndre Wilson,TOR,2009-10,23,36,19,29.0,15.7,10.1,5.3,0.9,1.1,1.9,0.405,0.332,0.752,21.6,18.5,0.648,-2.8,0.2
Donovan Baker,CHI,2009-10,20,80,46,36.1,9.1,2.7,1.6,0,0.5,2.2,0.403,0.383,0.889,23.0,18.4,0.613,5.6,4.3
CJ Collins,DEN,2009-10,21,37,11,10.8,17.7,11.4,0.6,1.7,1.6,1.0,0.385,0.401,0.829,31.9,17.8,0.551,2.5,4.4
Zion Parker,DEN,2009-10,32,74,68,12.2,24.7,3.7,6.2,0.8,0.3,2.3,0.496,0.285,0.725,24.2,18.0,0.521,1.2,-0.5
CJ Murphy,PHI,2009-10,27,31,17,24.5,12.3,5.8,6.4,0.6,1.4,1.3,0.47,0.367,0.668,18.4,9.9,0.512,-1.8,4.9
Jordan Edwards,POR,2009-10,27,77,0,22.4,19.5,7.4,1.5,1.4,1.1,2.8,0.446,0.409,0.889,15.4,15.5,0.65,-4.0,3.2
CJ King,SAC,2009-10,26,69,68,13.5,17.8,9.0,5.6,1.1,0,1.5,0.434,0.389,0.899,30.3,11.4,0.507,1.2,-1.6
Domantas Stewart,SAC,2009-10,29,56,6,31.7,19.4,6.4,5.9,1.6,0.8,0.9,0.497,0.403,0.748,17.8,9.2,0.595,0.4,-0.6
Devin Turner,BKN,2009-10,24,35,5,22.7,9.7,1.7,5.8,1.4,0.6,0.7,0.38,0.417,0.688,15.4,15.9,0.612,0.1,-0.3
Bam Young,NOP,2009-10,24,68,37,36.7,20.8,5.7,3.9,1.6,0.4,2.3,0.549,0.391,0.736,34.4,7.8,0.619,0.4,0.6
DeAndre Roberts,TOR,2009-10,29,80,29,35.1,8.9,0.6,1.4,1.0,1.1,0.7,0.398,0.324,0.912,23.1,23.4,0.632,0.6,2.3
Damian Stewart,GSW,2009-10,22,45,44,19.7,11.3,13.5,4.4,1.2,0.9,1.9,0.433,0.307,0.893,17.8,16.4,0.626,3.8,-0.9
Tyrese Murphy,TOR,2009-10,20,48,6,32.3,17.3,7.4,4.6,0.9,0.5,1.2,0.406,0.284,0.721,31.4,8.8,0.543,-0.8,0.7
Cade Mitchell,OKC,2009-10,26,77,58,30.4,18.9,1.5,4.4,0,0.8,3.3,0.509,0.305,0.751,28.0,10.0,0.492,-3.3,2.3
Tyrese Thompson,LAL,2009-10,23,49,6,7.1,8.0,3.6,2.8,0.4,0.4,2.9,0.44,0.335,0.815,33.7,13.9,0.507,-0.1,2.7
Shai Brown,NYK,2009-10,22,31,24,15.1,22.3,4.1,5.8,1.3,1.5,2.2,0.423,0.357,0.807,20.4,8.7,0.497,2.4,0.6
Luka Campbell,CLE,2009-10,27,23,14,29.4,9.7,4.7,8.5,1.1,0,2.3,0.464,0.325,0.846,16.8,20.1,0.567,2.7,4.3
Devin Anderson,DEN,2009-10,30,29,21,34.3,17.6,2.1,3.0,0.8,0.4,2.6,0.53,0.389,0.868,20.8,16.4,0.54,-0.4,2.7
DeAndre Green,HOU,2009-10,24,53,13,28.4,17.9,3.0,5.8,1.0,0.9,2.8,0.54,0.321,0.784,20.0,6.7,0.525,3.4,-2.9
Devin Green,PHI,2009-10,23,71,65,32.0,17.8,0.5,5.8,0.7,1.2,2.4,0.4,0.365,0.762,22.0,18.7,0.592,-2.5,1.9
Damian Cook,CHI,2009-10,24,24,5,16.3,11.8,6.9,2.9,1.4,0.4,1.7,0.38,0.389,0.897,27.5,16.8,0.543,0.8,6.2
Bam Reed,ORL,2009-10,22,32,11,11.6,11.4,3.0,1.8,0.4,0.8,2.1,0.463,0.339,0.752,18.7,17.4,0.505,1.6,1.9
DeMar Miller,NYK,2009-10,32,21,1,32.1,20.8,4.2,2.4,1.6,0.2,1.6,0.454,0.363,0.812,19.9,10.7,0.584,-7.7,2.3
Fred Davis,BOS,2009-10,30,24,4,11.3,16.6,10.3,1.2,1.5,1.1,1.6,0.393,0.352,0.734,20.3,6.5,0.562,0.0,0.4
Zion Phillips,CLE,2009-10,20,42,12,22.0,18.7,4.2,5.1,1.1,0.4,3.3,0.401,0.373,0.738,17.2,8.5,0.61,-1.1,2.9
DeAndre Reed,HOU,2009-10,30,50,1,33.3,19.2,2.7,3.2,0.4,1.1,2.7,0.532,0.352,0.884,19.9,17.4,0.567,-3.1,1.0
Trae Morris,ORL,2009-10,22,36,35,25.4,18.1,6.6,0.2,1.0,0,1.7,0.472,0.406,0.752,33.4,21.2,0.635,2.5,1.3
Joel Thomas,OKC,2009-10,22,36,26,25.6,12.1,7.1,8.0,0.6,0.8,1.5,0.481,0.407,0.878,15.6,22.5,0.504,1.7,-0.0
Julius Young,NYK,2009-10,23,49,1,36.0,18.9,3.1,0.4,2.1,0.5,0.3,0.398,0.366,0.829,19.4,20.2,0.537,-0.7,3.6
Giannis Young,NYK,2009-10,23,40,15,18.1,14.3,11.4,3.8,0.2,0,3.4,0.545,0.403,0.906,25.0,23.3,0.511,-2.9,1.5
Jalen Baker,ORL,2009-10,21,41,17,27.9,19.3,3.1,7.7,0.6,0.1,2.2,0.44,0.401,0.732,21.3,26.0,0.644,5.6,-1.6
Jaylen Williams,LAC,2009-10,22,31,0,29.5,16.7,5.5,3.1,1.1,1.1,3.6,0.486,0.416,0.797,22.4,16.3,0.613,-2.5,1.8
Ja Jackson,CLE,2009-10,29,72,45,10.1,18.1,1.6,3.0,1.3,0.8,1.1,0.477,0.281,0.81,27.2,17.4,0.484,3.4,3.2
Fred Wright,POR,2009-10,31,42,24,15.4,16.3,8.5,3.9,1.3,0.5,1.7,0.532,0.311,0.919,33.3,17.7,0.564,4.6,-2.6
Pascal Allen,CLE,2009-10,21,57,20,21.2,21.5,3.3,4.0,0.9,0.4,2.9,0.535,0.376,0.829,32.8,19.7,0.496,-5.3,-3.2
Kevin Brown,BOS,2009-10,28,64,52,30.4,10.1,5.5,4.4,2.0,0.7,2.1,0.393,0.315,0.79,24.1,7.3,0.511,0.2,2.4
Jalen Murphy,IND,2009-10,29,68,21,24.4,9.8,3.3,4.0,1.3,0,2.1,0.444,0.322,0.818,17.9,4.8,0.583,-4.4,1.8
Trae Miller,MEM,2009-10,22,36,35,20.2,18.2,8.7,5.3,1.4,0,1.5,0.464,0.417,0.69,24.2,19.7,0.638,-2.1,2.0
Kevin Johnson,GSW,2009-10,23,51,1,31.5,15.2,1.9,7.7,1.0,0.8,3.4,0.471,0.403,0.783,16.3,8.4,0.503,3.6,-0.2
Devin Mitchell,OKC,2009-10,21,36,31,13.0,16.1,6.7,2.5,1.8,0.1,3.1,0.518,0.282,0.824,31.1,11.3,0.52,0.5,1.0
Kyle Campbell,HOU,2009-10,23,40,19,38,11.5,7.3,2.8,1.2,1.0,1.5,0.544,0.31,0.805,19.8,19.7,0.613,-2.8,4.2
Nikola Baker,ORL,2009-10,27,68,45,20.2,6.7,6.2,4.8,2.0,0,2.3,0.546,0.407,0.906,21.5,23.6,0.584,2.4,4.0
Khris Wilson,PHI,2009-10,30,71,28,24.2,14.0,6.3,8.4,1.5,0.8,3.6,0.432,0.312,0.751,22.7,7.7,0.573,2.1,-2.0
DeAndre Johnson,MIN,2009-10,28,49,21,12.4,16.2,6.0,3.1,0.9,0.5,2.4,0.502,0.308,0.776,24.9,17.9,0.625,-1.5,1.9
Julius Moore,DEN,2009-10,23,49,36,27.4,16.9,7.9,0.2,1.4,0.4,2.8,0.383,0.309,0.843,29.4,18.5,0.524,-1.0,0.5
Ja Lopez,HOU,2009-10,23,41,12,17.2,12.4,10.5,1.5,1.4,0.6,3.0,0.423,0.397,0.666,18.6,12.4,0.606,-0.7,2.4
Ja Campbell,NYK,2009-10,30,29,27,34.1,14.2,0.8,5.3,1.9,0.6,2.1,0.51,0.315,0.81,16.2,12.5,0.618,4.7,0.6
Jalen Martin,CLE,2009-10,24,40,8,5.5,12.6,7.0,5.2,1.3,0,2.0,0.443,0.334,0.68,24.4,13.2,0.589,-4.6,0.2
Andre Baker,CHA,2009-10,22,27,14,28.6,13.9,2.3,5.3,0.9,1.2,2.2,0.388,0.321,0.805,34.2,23.1,0.529,3.4,2.9
Nikola Murphy,CHI,2009-10,29,31,3,27.2,2.4,7.0,0.8,1.8,1.0,0.3,0.464,0.408,0.671,16.1,14.5,0.555,-2.6,2.0
Shai Anderson,UTA,2009-10,26,75,6,33.0,9.9,1.5,1.6,0.6,0.9,1.5,0.492,0.372,0.834,31.3,13.4,0.594,-3.0,4.0
Devin Collins,DET,2009-10,22,49,41,21.2,17.6,7.7,1.4,1.7,0.4,2.7,0.424,0.285,0.843,30.9,22.5,0.487,0.6,-2.7
Luka Adams,DAL,2009-10,28,77,17,31.5,21.5,11.2,2.7,1.3,1.3,0.3,0.542,0.403,0.788,23.4,20.5,0.621,0.4,5.5
Darius Cook,PHX,2009-10,26,51,31,20.3,15.8,5.2,2.8,0,0.6,4.4,0.391,0.283,0.882,20.8,16.0,0.495,0.9,0.6
Cade Wright,NYK,2009-10,24,71,55,20.1,5.0,5.1,3.4,1.9,0.3,3.4,0.506,0.37,0.89,34.2,5.9,0.567,-5.7,1.1
Malik Mitchell,NOP,2009-10,31,38,0,22.4,15.0,4.1,3.1,1.0,0,1.5,0.407,0.324,0.81,28.7,11.6,0.604,-0.6,5.1
Nikola Parker,CHA,2009-10,27,26,18,29.9,4.8,3.7,4.3,0.7,0.1,2.0,0.436,0.289,0.699,32.5,16.9,0.575,1.8,4.3
Bam Parker,NYK,2009-10,20,26,20,27.3,15.3,2.6,1.2,1.9,0.5,0.9,0.416,0.318,0.833,31.8,5.7,0.648,-2.6,-0.6
Brandon King,BKN,2009-10,20,25,15,26.5,4.7,0.5,3.6,1.0,0.5,2.2,0.478,0.336,0.883,23.8,10.6,0.557,2.9,3.1
Kevin Baker,ATL,2009-10,24,45,36,38,9.4,3.9,1.3,0.7,0.1,1.9,0.47,0.415,0.875,26.9,12.6,0.59,-2.1,5.4
Malik Young,ORL,2009-10,22,72,38,23.1,14.7,8.7,3.6,1.5,0.7,0.3,0.529,0.295,0.912,24.4,16.6,0.634,-2.1,0.8
Khris Reed,LAL,2009-10,24,56,13,29.7,17.2,4.5,4.5,1.1,0,3.1,0.418,0.343,0.917,28.8,9.4,0.529,1.7,-0.3
Khris Evans,PHI,2009-10,25,53,21,18.7,22.6,12.7,5.6,1.2,0.9,2.8,0.449,0.322,0.845,19.8,21.6,0.498,1.0,4.0
Fred Cook,CHI,2009-10,29,52,52,15.7,7.5,7.0,1.7,1.4,0.9,2.4,0.507,0.376,0.911,31.7,22.0,0.509,1.1,3.6
DeAndre Collins,HOU,2010-11,31,33,30,24.4,23.5,3.5,4.7,0.9,0.8,2.8,0.549,0.307,0.686,24.9,14.0,0.546,4.3,-0.4
Fred Mitchell,NYK,2010-11,25,49,20,30.4,6.0,3.0,4.1,1.5,0.3,2.2,0.515,0.405,0.855,18.3,9.5,0.525,-4.3,-1.0
Darius Roberts,CHA,2010-11,22,33,27,31.4,11.1,3.8,3.4,1.1,0.5,0.5,0.478,0.289,0.916,34.2,20.5,0.532,0.2,-0.4
DeAndre Wilson,SAS,2010-11,19,56,42,26.4,7.5,9.3,0.2,0,0.5,1.2,0.448,0.328,0.814,24.4,14.9,0.487,0.9,1.1
Kevin Stewart,BOS,2010-11,23,46,30,31.0,21.3,8.0,5.9,0.2,0.8,2.1,0.45,0.316,0.875,27.0,21.0,0.589,0.1,4.0
DeAndre Nelson,PHX,2010-11,23,28,26,18.6,11.1,13.1,0.2,0.7,0.3,1.3,0.528,0.409,0.678,28.5,22.9,0.529,1.6,0.9
Devin Stewart,WAS,2010-11,24,65,21,20.5,17.4,4.8,2.1,1.8,1.0,3.4,0.516,0.342,0.749,19.2,12.2,0.5,-2.0,1.8
Cade Carter,BKN,2010-11,24,55,41,22.3,14.4,8.6,1.9,0.8,0.7,2.7,0.516,0.413,0.83,32.0,18.9,0.561,0.8,1.6
Jalen Parker,OKC,2010-11,19,50,6,22.0,10.1,4.3,1.1,1.1,0.8,2.0,0.401,0.414,0.746,25.5,21.4,0.572,6.9,1.7
Nikola Baker,BKN,2010-11,27,50,30,20.0,22.2,5.2,6.0,1.0,0,0.3,0.515,0.307,0.752,16.4,18.0,0.525,0.3,0.7
James Reed,SAS,2010-11,21,69,23,21.7,2.2,0.5,5.3,0.6,0.4,2.8,0.416,0.331,0.665,18.1,14.9,0.643,4.0,1.9
CJ Jackson,WAS,2010-11,24,53,47,11.3,4.5,0.5,2.4,0.1,0,2.3,0.537,0.386,0.667,24.8,9.4,0.515,3.3,4.3
Domantas Young,IND,2010-11,23,79,22,18.6,21.6,8.4,0.2,0.8,0.3,1.8,0.418,0.394,0.667,31.5,17.2,0.639,-0.4,3.0
Kyle Moore,SAS,2010-11,30,80,28,24.8,11.4,2.6,7.0,0.7,1.2,2.4,0.528,0.334,0.798,24.4,18.9,0.593,-4.2,-0.2
DeAndre Young,BOS,2010-11,25,69,13,17.8,7.9,7.1,1.4,0.5,0.7,2.9,0.49,0.335,0.889,34.8,15.8,0.536,-2.8,1.6
Jayson White,GSW,2010-11,23,49,34,30.9,21.2,3.4,5.5,1.1,1.1,0.3,0.42,0.315,0.822,15.6,13.0,0.526,-5.6,2.9
Darius Nelson,LAL,2010-11,31,79,6,23.9,6.4,2.6,2.8,1.3,0.5,3.1,0.498,0.359,0.739,26.6,15.8,0.525,-0.4,1.0
Cade Young,LAL,2010-11,24,20,3,38,14.6,6.7,3.6,1.4,0.6,1.5,0.541,0.39,0.81,28.0,22.2,0.494,0.3,0.2
Tyrese Phillips,MIL,2010-11,23,80,16,33.3,18.5,3.9,4.5,1.2,0.3,2.1,0.474,0.395,0.762,28.4,5.7,0.547,1.1,2.4
Ja Miller,BKN,2010-11,27,75,62,17.7,24.7,4.0,5.8,0.9,0.6,3.4,0.474,0.325,0.892,22.9,14.9,0.486,0.3,3.5
Tyrese Moore,DET,2010-11,27,46,12,30.5,8.4,7.0,0.2,1.0,1.1,2.5,0.398,0.365,0.725,34.3,17.0,0.61,-1.3,1.4
Jaylen King,NYK,2010-11,24,77,21,29.1,26.1,2.8,0.8,1.2,0.6,2.1,0.385,0.349,0.77,19.6,13.1,0.63,1.9,0.3
Zion Moore,HOU,2010-11,20,29,29,28.6,18.2,6.6,0.5,1.1,1.2,1.8,0.434,0.358,0.732,33.9,18.0,0.634,0.4,0.4
DeAndre Nelson,LAL,2010-11,32,74,62,15.5,23.6,7.4,9.2,0.9,1.5,2.4,0.508,0.366,0.658,22.8,15.4,0.618,6.8,6.2
Kyle Carter,NYK,2010-11,24,39,8,27.8,18.4,7.2,0.2,0.9,0.1,2.4,0.497,0.333,0.656,27.0,11.6,0.492,2.0,1.3
Ja Evans,DAL,2010-11,22,55,0,25.2,12.3,0.5,0.2,0.8,0.8,1.6,0.426,0.378,0.7,18.9,18.9,0.488,-3.5,2.2
Kyle Allen,LAL,2010-11,31,44,22,38,11.8,6.0,3.0,1.7,0.2,0.3,0.392,0.38,0.697,20.4,14.6,0.558,-1.1,1.6
Shai Stewart,TOR,2010-11,30,25,2,29.9,9.0,0.5,5.8,0.5,0.1,0.8,0.447,0.351,0.78,23.3,17.4,0.547,3.2,1.2
Tyrese Wright,PHX,2010-11,26,63,0,30.9,14.1,2.7,0.2,1.5,0.4,4.5,0.54,0.347,0.895,18.6,16.2,0.609,3.0,-2.1
Darius Wilson,ATL,2010-11,24,21,14,35.2,14.4,2.6,8.6,0,0.8,2.2,0.397,0.298,0.814,27.4,12.9,0.564,1.3,4.0
Zion Lopez,NYK,2010-11,26,64,36,36.8,10.4,1.7,2.2,0.9,0,3.7,0.473,0.383,0.807,24.9,14.8,0.51,1.0,0.6
Devin Turner,HOU,2010-11,31,63,27,14.2,17.1,2.7,4.8,1.0,0.9,1.7,0.534,0.288,0.849,24.2,8.4,0.52,3.3,-1.0
Jaylen Martin,NYK,2010-11,32,41,28,38,2,4.6,5.3,1.1,0.6,1.7,0.389,0.307,0.813,28.1,7.3,0.582,-3.1,-1.4
Marcus Morris,DAL,2010-11,20,31,30,21.7,19.8,2.6,1.4,2.5,0.6,2.0,0.514,0.286,0.914,30.8,6.4,0.56,-0.7,5.0
Jayson Parker,NOP,2010-11,34,50,37,22.1,11.0,4.3,4.0,0.8,1.1,0.9,0.498,0.353,0.909,31.2,20.9,0.565,1.9,4.8
Jalen Phillips,IND,2010-11,21,34,14,22.9,16.4,5.4,1.0,0.7,0,2.6,0.492,0.309,0.714,26.8,11.7,0.544,1.6,-2.4
Marcus Cook,BOS,2010-11,29,44,26,24.2,6.2,7.5,0.2,1.1,0.5,1.8,0.55,0.42,0.73,27.3,10.7,0.486,-2.1,0.7
Jordan Morris,LAL,2010-11,25,48,39,28.8,16.3,0.5,1.7,0.6,0,2.3,0.452,0.364,0.789,22.1,11.2,0.618,-3.7,3.1
DeMar Williams,BOS,2010-11,23,20,15,26.5,10.5,6.7,5.5,1.0,1.5,5.1,0.45,0.389,0.653,32.8,25.3,0.632,-0.7,1.0
DeAndre Roberts,TOR,2010-11,23,78,72,25.2,16.4,8.6,2.5,0.5,0,3.5,0.535,0.292,0.805,26.9,22.6,0.505,-2.1,-0.8
Kyle Wilson,TOR,2010-11,26,44,7,19.8,14.2,6.8,2.3,0.5,1.2,3.5,0.499,0.386,0.652,32.9,13.6,0.627,-4.7,-0.1
Nikola Young,ORL,2010-11,25,79,16,20.6,11.9,4.2,2.0,1.1,0,0.7,0.381,0.288,0.721,30.0,16.8,0.648,-0.9,1.1
Devin Lopez,IND,2010-11,26,24,7,12.0,11.0,6.7,2.5,1.8,0,0.3,0.484,0.362,0.668,24.2,17.5,0.483,3.7,1.7
Kyle Wright,MIL,2010-11,26,21,6,26.2,15.7,7.8,5.6,1.0,1.2,2.9,0.471,0.384,0.711,32.3,22.1,0.498,5.2,0.1
Julius Turner,BKN,2010-11,23,45,27,23.7,18.9,8.9,0.5,1.4,0.7,3.6,0.389,0.361,0.854,18.0,16.7,0.56,1.6,2.3
Jordan Miller,NYK,2010-11,20,81,49,27.4,14.7,9.8,7.1,1.5,1.1,2.2,0.484,0.408,0.852,25.0,19.7,0.534,-2.1,1.6
Chris Thomas,DET,2010-11,27,61,29,20.7,7.9,6.1,4.9,0.4,0.8,1.0,0.501,0.317,0.913,22.5,12.5,0.619,3.9,4.0
Luka Wilson,BOS,2010-11,29,22,12,24.0,14.1,1.9,4.5,1.1,0.1,2.3,0.527,0.398,0.908,20.5,23.0,0.573,-3.5,1.5
Tyler Thompson,TOR,2010-11,25,26,13,23.5,11.7,1.8,4.5,0.5,1.0,0.3,0.513,0.383,0.735,15.3,14.9,0.646,3.3,2.4
Trae Thomas,IND,2010-11,26,29,25,26.0,18.8,8.9,4.9,0.4,0.7,2.6,0.535,0.389,0.701,16.8,20.0,0.503,3.4,1.5
Tyrese Carter,NYK,2010-11,26,41,24,34.1,15.1,6.2,5.0,0.2,1.0,1.9,0.444,0.373,0.722,15.2,20.2,0.494,1.1,5.4
Kevin Reed,DET,2010-11,32,44,6,38,25.9,1.9,6.3,1.7,1.0,0.5,0.397,0.325,0.729,30.5,17.4,0.508,0.9,3.2
Jayson Parker,MIA,2010-11,30,75,60,13.7,10.3,2.9,6.4,0.7,0.5,2.6,0.528,0.328,0.681,22.7,21.2,0.482,3.1,3.0
Cade Moore,MEM,2010-11,26,58,57,23.4,11.7,3.3,6.5,0.5,0.4,0.3,0.411,0.305,0.795,16.6,13.5,0.619,1.4,0.1
Luka Hill,OKC,2010-11,29,58,14,26.1,12.0,4.2,8.2,0.9,1.2,0.8,0.4,0.405,0.707,19.7,13.4,0.499,3.0,3.7
CJ Anderson,POR,2010-11,25,39,0,36.7,11.6,0.5,4.6,1.8,1.2,0.3,0.391,0.333,0.76,19.7,7.7,0.495,-2.1,5.1
Julius Adams,CHA,2010-11,24,31,25,24.8,21.5,1.2,5.6,1.5,1.5,2.4,0.496,0.3,0.87,21.4,11.4,0.548,2.2,2.5
Zion Morris,GSW,2010-11,22,72,59,21.0,16.5,0.5,4.9,0,0,1.0,0.41,0.361,0.789,21.1,14.2,0.524,2.4,3.7
Julius Nelson,SAS,2010-11,20,82,15,23.0,8.5,4.4,5.0,0.7,1.3,1.9,0.52,0.302,0.694,17.3,13.1,0.528,5.5,-0.5
Domantas Murphy,HOU,2010-11,21,47,13,32.2,22.9,0.8,3.8,0.2,0.1,1.6,0.51,0.356,0.773,31.5,27.9,0.512,-0.0,1.2
Nikola Wilson,WAS,2010-11,24,56,29,29.1,16.1,4.7,2.1,0.5,0.7,2.4,0.514,0.281,0.733,34.4,14.6,0.553,1.1,0.5
DeAndre Turner,HOU,2010-11,29,50,17,20.5,21.4,3.2,1.4,1.5,0.2,2.3,0.485,0.287,0.791,18.5,12.8,0.574,-2.9,0.6
Chris Wright,OKC,2010-11,21,32,16,29.9,9.8,3.5,0.7,1.9,1.0,0.7,0.464,0.326,0.76,32.4,15.4,0.622,1.4,-0.9
James Phillips,CHI,2010-11,25,25,23,19.5,9.7,5.5,4.3,1.5,1.2,2.2,0.48,0.411,0.699,24.8,8.9,0.64,1.2,0.3
Ja Morris,WAS,2010-11,23,61,61,26.3,5.9,2.4,3.7,1.8,0,2.6,0.392,0.42,0.704,26.3,23.6,0.51,-1.2,-0.3
Malik Wilson,MIA,2010-11,23,37,27,21.9,10.1,5.0,1.0,0.8,0.4,1.9,0.539,0.374,0.789,34.4,12.8,0.615,-0.6,-0.5
Malik Collins,BOS,2010-11,23,61,46,18.9,12.0,6.2,1.7,0.5,0,0.6,0.41,0.411,0.802,26.6,14.8,0.569,4.8,-0.3
Bam Miller,NOP,2010-11,28,52,34,35.2,7.2,9.2,6.6,1.1,0.7,2.2,0.38,0.293,0.724,34.1,20.4,0.601,4.6,4.2
Jordan Phillips,MIN,2010-11,23,39,10,38,20.5,1.7,0.8,0.8,0.9,1.7,0.545,0.283,0.903,16.1,16.1,0.55,0.9,3.0
Brandon Taylor,HOU,2010-11,29,44,23,15.2,14.0,8.9,2.4,1.7,0.6,1.3,0.489,0.323,0.906,27.7,13.8,0.611,2.8,-0.7
Khris Williams,TOR,2010-11,32,45,9,17.0,10.6,1.4,5.0,0.7,0.7,1.2,0.528,0.417,0.799,21.5,15.6,0.512,-4.1,3.8
Malik Johnson,DEN,2010-11,22,78,30,29.0,14.0,6.8,0.2,0.4,0.4,0.7,0.528,0.4,0.657,18.2,12.4,0.587,-3.3,0.4
Anthony Anderson,MIA,2010-11,25,73,12,36.7,10.7,4.5,1.4,1.3,0.4,1.5,0.535,0.39,0.773,23.7,10.5,0.636,5.3,1.9
Cade Roberts,MIA,2010-11,23,70,25,37.4,18.3,8.1,7.5,0.9,0.6,2.1,0.48,0.336,0.833,28.9,19.2,0.649,3.4,3.5
Shai Reed,UTA,2010-11,22,24,8,25.8,16.5,5.6,0.4,0.8,0,1.3,0.474,0.326,0.696,16.3,21.8,0.595,-2.3,2.2
CJ Baker,PHX,2010-11,29,66,47,23.8,13.7,6.1,4.6,0.1,1.0,3.8,0.405,0.333,0.823,26.0,18.4,0.547,4.6,-1.1
Devin Williams,DET,2010-11,26,62,44,12.4,9.6,8.1,4.0,1.2,0.9,3.2,0.533,0.358,0.754,22.7,12.4,0.591,3.7,-0.7
James White,NOP,2010-11,30,42,22,30.8,11.7,4.2,1.7,0.9,0.3,2.3,0.478,0.368,0.9,22.0,20.6,0.617,-5.1,1.3
Bam Green,NYK,2010-11,27,49,35,31.9,19.0,0.5,5.9,1.6,0,0.5,0.523,0.383,0.83,34.1,11.2,0.609,-2.0,0.7
Chris Wilson,POR,2010-11,26,63,50,14.4,7.2,0.5,2.0,1.0,0.4,1.4,0.512,0.358,0.885,18.3,20.6,0.506,-1.1,2.0
Donovan Mitchell,DET,2010-11,25,51,20,30.2,20.1,3.1,7.3,1.4,0,1.2,0.524,0.354,0.88,15.8,11.8,0.63,1.7,2.8
Jayson Taylor,NYK,2010-11,23,57,1,33.8,10.8,6.6,4.3,0,1.3,0.8,0.505,0.327,0.665,31.3,11.1,0.51,-3.7,0.7
Tyler Thompson,MIA,2010-11,21,37,8,23.2,17.2,2.5,3.2,1.2,0.3,4.3,0.402,0.341,0.723,23.6,12.6,0.542,-2.7,-1.4
Marcus Hill,DET,2010-11,29,62,25,26.5,25.9,6.4,2.7,0.9,0.4,3.8,0.439,0.293,0.749,32.8,21.7,0.534,-4.9,2.9
Tyrese Green,TOR,2010-11,24,55,6,38,17.6,3.9,5.7,0.4,1.2,2.9,0.497,0.306,0.716,34.3,11.2,0.635,-0.1,6.2
Ja Evans,SAC,2010-11,32,49,48,19.1,19.0,6.7,5.1,0.4,0.4,2.9,0.42,0.333,0.692,29.3,18.3,0.643,-0.7,1.6
Chris Baker,CHA,2010-11,24,27,8,32.6,16.7,0.5,3.3,1.4,0.3,1.9,0.55,0.3,0.865,33.9,15.6,0.5,-0.3,1.1
Andre Brown,NYK,2010-11,24,38,30,21.9,6.1,2.4,6.4,1.6,0,1.9,0.473,0.298,0.723,23.6,16.2,0.589,2.8,5.2
Jrue Jackson,TOR,2010-11,22,78,58,17.8,9.5,4.7,4.1,1.1,0.3,1.6,0.394,0.378,0.824,30.3,16.1,0.559,-2.3,3.6
LaMelo Reed,ATL,2010-11,32,66,63,20.2,14.7,4.7,4.6,0.5,0.5,1.5,0.451,0.313,0.834,20.4,14.2,0.508,3.6,2.4
CJ Nelson,MEM,2010-11,24,33,22,22.7,12.6,2.7,4.5,1.0,0.5,3.0,0.471,0.386,0.723,27.5,21.2,0.617,-0.6,0.6
Jayson Evans,NYK,2010-11,20,41,18,20.7,10.2,3.3,5.8,0.9,0.4,3.0,0.402,0.365,0.725,30.3,21.1,0.621,0.7,-3.0
Jaylen Miller,DET,2010-11,23,41,40,19.3,14.6,6.7,7.0,0.4,0,3.3,0.435,0.315,0.68,15.3,15.5,0.527,-0.0,-1.6
Giannis Thomas,MIA,2010-11,29,57,7,31.8,6.7,2.6,3.6,0.9,1.1,0.3,0.484,0.337,0.883,17.0,23.6,0.627,1.4,1.7
Shai Turner,SAS,2010-11,26,26,5,38,4.1,1.5,5.6,0.9,1.1,1.2,0.531,0.39,0.823,18.9,29.2,0.601,3.2,1.8
Malik Allen,NYK,2010-11,31,34,13,31.6,18.5,4.9,2.2,1.0,1.0,2.5,0.464,0.399,0.906,34.9,18.5,0.582,2.0,2.0
Pascal Taylor,NYK,2010-11,23,62,32,29.6,18.7,7.7,3.5,1.0,0,0.9,0.456,0.395,0.797,23.2,18.6,0.51,-2.3,0.3
Marcus Mitchell,TOR,2010-11,31,30,3,17.6,2,2.4,1.3,0.5,0.5,1.9,0.545,0.419,0.819,25.3,15.9,0.604,0.2,-0.2
Giannis Wilson,MIA,2010-11,21,60,40,26.8,12.3,3.7,2.6,1.5,0.4,0.4,0.414,0.345,0.864,23.2,18.5,0.598,-0.0,3.1
James Cook,PHI,2010-11,22,52,28,28.2,21.8,2.4,1.5,1.2,0.8,1.7,0.403,0.345,0.792,24.5,9.4,0.613,-2.3,1.9
Kevin Edwards,SAS,2010-11,20,63,63,29.1,10.6,4.3,3.0,1.4,0.3,0.8,0.486,0.411,0.856,15.5,9.0,0.546,-1.0,2.2
Domantas Stewart,LAC,2010-11,32,50,31,33.1,20.8,5.3,4.6,0.3,1.6,0.3,0.479,0.353,0.897,20.6,9.9,0.614,-1.0,4.5
Malik Brown,GSW,2010-11,21,36,30,29.9,9.1,1.8,4.7,0.3,0,2.0,0.49,0.287,0.719,21.9,15.5,0.514,5.5,0.9
Tyrese Evans,BOS,2010-11,19,80,80,28.7,24.3,6.5,1.0,0.9,1.4,1.9,0.459,0.31,0.848,26.5,4.2,0.541,-0.3,1.2
Kyle Wright,MIL,2010-11,20,66,28,14.9,20.9,4.7,3.1,0.8,1.0,4.0,0.462,0.381,0.651,16.2,16.2,0.581,1.1,1.3
Damian Roberts,BOS,2010-11,19,72,0,35.4,19.7,10.0,1.7,1.2,1.4,1.2,0.499,0.31,0.701,24.1,14.4,0.613,-3.8,2.5
Brandon Parker,CHI,2010-11,22,47,43,33.9,15.8,2.2,5.7,1.6,0.8,1.8,0.441,0.409,0.654,20.9,5.2,0.53,1.8,-3.2
DeAndre Wilson,WAS,2010-11,24,80,14,30.8,4.6,7.8,0.2,0.6,0.5,2.4,0.486,0.309,0.721,33.1,16.1,0.566,2.7,1.2
Damian Baker,LAL,2010-11,19,75,74,14.6,6.4,0.5,1.1,0.7,0.9,1.5,0.389,0.385,0.71,23.6,14.9,0.605,0.9,-3.3
Donovan Baker,WAS,2010-11,22,50,26,26.4,17.5,1.4,1.9,1.4,0.1,2.9,0.492,0.293,0.705,20.8,16.0,0.508,0.1,-1.0
Pascal Baker,TOR,2010-11,20,42,18,21.7,11.7,3.3,4.2,0.8,0.5,3.0,0.399,0.414,0.84,18.3,14.9,0.635,6.9,4.2
CJ Collins,TOR,2010-11,22,34,17,37.4,13.7,3.9,6.0,1.6,0.3,1.2,0.53,0.408,0.722,25.7,17.8,0.526,-2.9,2.6
Zion Parker,LAC,2010-11,31,32,28,33.1,24.2,5.7,2.0,1.6,0.3,1.3,0.393,0.321,0.835,33.3,11.5,0.649,3.4,0.7
Jordan Edwards,PHI,2010-11,29,24,13,26.1,18.5,5.1,5.6,1.1,1.2,2.8,0.483,0.349,0.808,34.6,18.4,0.64,4.5,-3.3
CJ King,NOP,2010-11,30,23,5,37.1,8.3,5.9,4.6,0.5,1.3,2.1,0.417,0.292,0.882,20.7,18.9,0.538,-1.7,4.2
Domantas Stewart,POR,2010-11,28,23,3,38,2,5.5,0.2,1.5,0.2,3.2,0.419,0.346,0.812,33.7,14.2,0.528,-1.5,-0.9
Devin Turner,NOP,2010-11,27,47,22,22.2,12.5,8.0,5.9,0.3,0.2,1.7,0.406,0.361,0.837,21.2,18.4,0.597,-2.8,1.2
Bam Young,OKC,2010-11,27,60,59,24.7,20.7,2.2,4.1,0.9,0,1.3,0.504,0.364,0.733,23.6,20.5,0.558,3.0,-0.9
DeAndre Roberts,NYK,2010-11,28,28,24,33.5,10.7,0.5,3.3,0.2,0.3,1.1,0.469,0.302,0.915,17.0,11.2,0.556,3.0,0.7
Damian Brown,CLE,2010-11,19,77,57,25.0,17.0,5.0,2.3,1.2,0.7,2.7,0.514,0.299,0.675,30.9,17.1,0.485,9.1,4.4
Damian Stewart,NOP,2010-11,22,50,45,27.4,12.2,10.6,7.8,0.8,1.0,3.1,0.497,0.413,0.829,23.6,14.3,0.546,-1.2,4.0
Tyrese Murphy,MEM,2010-11,21,58,28,12.9,4.3,9.3,0.2,0.8,0.3,2.8,0.422,0.283,0.762,26.4,13.5,0.509,-5.8,-0.5
Cade Mitchell,CHI,2010-11,28,29,6,21.8,17.0,1.6,4.1,0.7,0.6,2.2,0.546,0.336,0.766,27.9,6.3,0.559,-0.4,2.0
Tyrese Thompson,IND,2010-11,23,38,4,29.4,8.4,3.0,2.6,1.6,0.5,0.8,0.41,0.311,0.876,30.8,10.8,0.599,2.4,-2.8
Shai Brown,POR,2010-11,25,21,13,19.4,12.5,7.6,5.3,1.8,0.4,1.2,0.396,0.402,0.79,29.4,21.8,0.55,-4.6,0.0
Luka Campbell,ORL,2010-11,28,25,0,30.9,18.5,2.4,1.6,1.6,1.1,1.4,0.534,0.302,0.664,21.0,1.1,0.577,5.1,3.5
Devin Anderson,PHX,2010-11,29,25,9,27.5,21.8,4.2,5.8,1.1,0.9,1.2,0.459,0.372,0.707,18.7,14.0,0.598,-1.1,3.1
DeAndre Green,SAC,2010-11,24,35,10,22.7,15.8,8.7,7.2,1.3,1.1,1.6,0.46,0.36,0.823,23.1,13.6,0.568,-1.1,2.8
Damian Cook,MIA,2010-11,26,60,42,18.3,17.1,4.2,7.7,1.0,0.8,1.5,0.457,0.33,0.857,32.9,15.2,0.569,5.0,0.5
Bam Reed,TOR,2010-11,23,34,9,17.5,15.6,5.5,3.5,1.3,0.5,2.6,0.487,0.353,0.689,19.6,16.2,0.541,-3.9,-1.1
Tyrese Williams,WAS,2010-11,20,33,2,13.9,12.6,2.0,3.8,0.5,0.9,2.0,0.51,0.301,0.91,22.4,24.4,0.481,-1.1,-1.6
DeMar Miller,MIN,2010-11,33,52,2,28.2,8.4,2.3,3.5,0.3,0.8,2.2,0.531,0.401,0.693,27.0,21.2,0.565,3.5,3.6
Fred Davis,PHI,2010-11,32,69,54,23.7,10.2,7.3,4.5,0.6,0.2,2.4,0.46,0.357,0.903,31.5,17.0,0.541,3.4,1.5
Zion Phillips,BKN,2010-11,21,45,35,12.5,15.9,6.6,3.4,0.2,0.8,1.0,0.548,0.42,0.789,18.3,15.2,0.633,1.3,2.1
DeAndre Reed,OKC,2010-11,32,22,1,20.2,13.5,0.5,4.6,0.6,0.1,0.5,0.404,0.291,0.867,24.2,10.0,0.609,-4.6,2.7
Trae Morris,MEM,2010-11,22,69,54,14.8,18.7,3.0,3.2,0.4,0.4,1.6,0.516,0.285,0.786,22.0,10.7,0.511,-5.2,2.9
Joel Thomas,UTA,2010-11,25,51,33,29.8,11.9,0.5,0.6,1.6,0.9,2.4,0.436,0.3,0.883,26.3,20.2,0.627,4.1,-2.3
Julius Young,ORL,2010-11,24,29,15,29.4,9.5,5.4,1.2,1.0,0.8,3.6,0.386,0.352,0.68,27.7,5.5,0.583,1.9,0.8
Giannis Young,OKC,2010-11,24,31,0,25.0,12.4,5.5,4.8,1.1,0.7,3.4,0.501,0.312,0.729,18.6,15.6,0.613,-1.5,1.4
Khris Martin,PHI,2010-11,21,78,24,38,8.6,4.6,1.4,1.0,1.0,3.1,0.548,0.393,0.806,34.6,16.3,0.549,1.3,2.5
Jalen Baker,IND,2010-11,23,40,31,30.0,12.7,2.4,1.3,0.9,0,2.5,0.44,0.418,0.83,27.9,20.0,0.626,-0.5,5.0
Jaylen Williams,PHI,2010-11,25,67,48,11.4,21.0,5.0,4.1,1.3,0.7,3.2,0.516,0.295,0.735,34.3,14.7,0.599,-0.3,1.3
LaMelo Thompson,UTA,2010-11,22,79,68,28.0,19.4,4.7,2.8,0.7,1.3,2.5,0.513,0.281,0.778,26.2,17.8,0.606,2.6,-1.1
Ja Jackson,WAS,2010-11,29,23,7,17.2,19.5,2.9,5.4,1.3,0.6,1.6,0.498,0.305,0.796,22.4,15.7,0.615,-1.1,2.0
Fred Wright,MIL,2010-11,32,30,2,16.8,17.3,8.2,0.2,0.4,1.4,1.5,0.542,0.41,0.768,28.9,16.7,0.526,-1.7,2.1
Pascal Allen,UTA,2010-11,22,38,3,29.4,14.3,7.2,2.7,1.0,0.4,1.7,0.509,0.292,0.732,24.1,18.3,0.595,-4.1,1.5
Kevin Brown,HOU,2010-11,32,58,33,20.0,14.9,4.7,4.1,0.3,0.1,0.9,0.423,0.402,0.821,16.0,13.4,0.609,-0.4,3.0
Jalen Murphy,SAS,2010-11,29,28,15,24.8,13.8,2.2,3.6,0.4,0.6,2.8,0.381,0.414,0.899,16.4,13.6,0.509,0.0,3.2
Trae Miller,NYK,2010-11,24,31,18,21.3,13.5,1.9,2.0,0.2,0.4,2.1,0.494,0.392,0.681,34.2,13.6,0.58,5.5,-0.0
Kevin Johnson,ATL,2010-11,22,76,44,29.7,8.8,10.7,6.1,0.8,0.3,1.6,0.512,0.324,0.669,17.3,16.5,0.636,0.6,-2.9
Devin Mitchell,LAC,2010-11,24,43,26,28.1,13.8,8.2,4.7,1.3,0.4,4.3,0.504,0.358,0.857,20.4,13.6,0.505,2.1,2.9
Tyrese Johnson,NYK,2010-11,21,27,13,30.4,11.2,8.3,0.2,0.7,1.0,1.5,0.487,0.336,0.778,28.9,16.1,0.627,2.8,0.1
Kyle Campbell,TOR,2010-11,24,58,3,17.0,11.0,7.7,0.2,1.1,1.0,2.7,0.424,0.368,0.874,17.9,17.9,0.594,2.6,2.9
Khris Wilson,PHX,2010-11,28,33,26,30.6,9.0,9.3,0.2,1.0,1.8,2.4,0.482,0.34,0.898,29.9,17.2,0.632,0.2,1.4
DeAndre Johnson,ORL,2010-11,31,53,50,20.4,2,6.3,0.2,0.2,1.3,0.9,0.533,0.398,0.911,28.6,6.2,0.591,1.2,-4.6
Julius Moore,GSW,2010-11,25,72,1,22.2,15.7,4.0,2.1,1.9,1.2,0.7,0.476,0.295,0.823,22.8,27.2,0.57,4.4,-0.7
Ja Lopez,DAL,2010-11,24,49,20,24.9,17.9,6.4,8.5,1.0,0.3,2.2,0.506,0.331,0.92,33.9,3.7,0.563,-2.8,-3.8
Ja Campbell,LAL,2010-11,30,65,30,20.2,9.7,3.9,3.7,1.3,0.9,1.3,0.426,0.408,0.674,17.5,13.1,0.554,5.1,1.3
Jalen Martin,HOU,2010-11,23,78,59,21.9,18.6,3.8,4.3,1.2,0,1.3,0.402,0.297,0.744,17.4,19.0,0.614,-1.7,2.5
Andre Baker,POR,2010-11,22,70,8,38,22.3,3.9,8.7,1.3,1.4,0.9,0.539,0.297,0.861,25.8,9.9,0.56,-4.2,0.4
Nikola Murphy,SAC,2010-11,29,62,11,5.3,10.1,11.1,5.8,1.0,1.0,2.2,0.398,0.321,0.901,31.2,3.0,0.612,-5.1,4.2
Shai Anderson,NOP,2010-11,29,27,4,20.1,17.2,9.1,4.2,1.1,0.4,3.3,0.441,0.378,0.804,24.6,7.8,0.592,-0.3,-3.1
Devin Collins,POR,2010-11,20,24,10,34.7,17.1,5.7,5.5,1.6,0,2.1,0.544,0.36,0.72,30.8,21.5,0.526,3.8,2.6
Luka Adams,WAS,2010-11,32,22,13,26.2,4.0,4.0,1.5,1.4,0.5,1.6,0.453,0.337,0.847,20.0,25.4,0.583,0.3,3.9
Darius Cook,CHA,2010-11,27,29,11,17.9,29.0,1.7,3.3,1.2,0.6,2.5,0.439,0.358,0.726,27.0,21.6,0.612,-2.1,3.0
Cade Wright,PHI,2010-11,24,79,67,32.3,9.5,6.5,4.6,0.9,0.5,0.6,0.48,0.33,0.874,19.5,15.4,0.594,-3.9,2.8
Nikola Parker,DEN,2010-11,28,73,37,11.9,18.0,5.0,4.8,0.9,1.0,2.5,0.495,0.371,0.8,28.3,14.2,0.526,-3.0,3.7
Anthony Wilson,MIA,2010-11,22,26,19,20.5,15.3,2.9,9.5,1.4,0.7,2.0,0.527,0.365,0.658,27.2,18.4,0.599,1.1,2.0
Bam Parker,OKC,2010-11,23,55,0,24.1,13.1,2.4,5.8,1.4,1.1,0.6,0.462,0.302,0.786,32.8,11.1,0.496,-0.1,0.0
Brandon King,SAC,2010-11,24,73,6,19.4,9.6,2.0,0.2,1.3,0.8,3.3,0.39,0.418,0.819,19.0,13.8,0.63,-6.8,-0.6
Kevin Baker,MIN,2010-11,26,63,36,12.4,18.0,0.5,3.6,1.3,0.3,2.5,0.513,0.288,0.737,32.8,19.7,0.618,0.6,-1.8
Darius Davis,NYK,2010-11,20,57,20,28.1,19.0,0.5,0.2,0.2,0.6,1.9,0.528,0.381,0.898,27.3,23.0,0.633,1.4,0.7
Tyrese Anderson,SAS,2010-11,21,37,0,31.3,24.2,3.1,3.1,0.8,0.1,2.2,0.419,0.305,0.908,20.9,18.1,0.51,4.9,-0.3
Malik Young,CHA,2010-11,25,59,22,32.6,12.8,8.0,5.1,1.2,1.2,0.3,0.491,0.415,0.903,26.6,9.2,0.631,5.9,-1.5
Khris Evans,POR,2010-11,25,54,26,5.4,17.4,6.3,6.3,0.8,1.5,3.3,0.475,0.377,0.815,25.2,16.4,0.489,2.7,-3.8
Zion Parker,BKN,2010-11,20,67,22,34.0,9.1,2.2,2.5,1.1,0,2.2,0.413,0.301,0.872,28.5,15.4,0.527,-4.7,0.8
Fred Cook,PHI,2010-11,29,53,8,34.6,9.4,4.5,4.4,1.4,0,1.5,0.388,0.327,0.794,22.6,16.8,0.619,2.3,4.4
DeAndre Collins,OKC,2011-12,31,72,57,18.2,20.7,5.3,1.4,1.5,0,1.5,0.496,0.407,0.883,18.6,13.8,0.505,3.0,0.5
Fred Mitchell,NYK,2011-12,26,54,1,33.8,6.3,7.1,0.4,1.0,0,1.1,0.392,0.345,0.709,17.7,18.8,0.648,-1.9,0.4
Darius Roberts,PHI,2011-12,22,22,0,23.5,25.5,4.8,4.0,1.6,0.2,1.6,0.529,0.342,0.87,33.0,16.2,0.493,-2.3,2.3
DeAndre Wilson,WAS,2011-12,20,75,6,17.9,13.9,6.7,1.2,0.2,0.5,1.3,0.51,0.409,0.721,31.2,15.0,0.583,-0.9,-0.1
Kevin Stewart,DET,2011-12,24,55,23,13.0,21.3,3.8,1.3,0.3,0.9,1.1,0.43,0.409,0.705,19.4,5.3,0.588,4.3,-1.9
DeAndre Nelson,GSW,2011-12,27,48,36,29.4,13.7,6.7,1.5,0.3,0.5,2.7,0.415,0.309,0.894,27.4,10.7,0.493,0.5,2.1
Devin Stewart,MIN,2011-12,25,46,5,12.7,9.1,7.1,4.0,1.3,0.7,0.6,0.548,0.359,0.675,29.4,18.9,0.584,3.0,1.4
Jalen Parker,SAS,2011-12,21,30,29,24.4,14.6,2.0,5.5,2.0,0.6,2.4,0.47,0.328,0.897,26.7,11.7,0.605,1.1,3.2
Nikola Baker,WAS,2011-12,28,36,20,22.5,22.1,11.9,5.4,1.0,1.2,2.9,0.435,0.285,0.743,20.8,10.9,0.534,1.4,1.4
James Reed,BOS,2011-12,25,79,77,20.7,5.8,12.1,4.3,0.8,0,2.4,0.515,0.338,0.733,30.6,6.0,0.533,5.5,3.2
CJ Jackson,DET,2011-12,26,27,4,35.6,14.1,4.9,3.3,1.7,0.7,3.0,0.498,0.328,0.812,25.9,18.9,0.539,-2.0,-0.4
Domantas Young,OKC,2011-12,26,64,26,18.0,22.5,1.0,3.4,1.2,1.5,1.6,0.528,0.284,0.841,18.1,25.4,0.481,1.0,2.0
Kyle Moore,NYK,2011-12,29,33,3,34.9,23.9,8.2,5.5,0.8,1.1,0.3,0.475,0.416,0.743,21.3,14.2,0.591,3.3,1.4
DeAndre Young,DET,2011-12,27,50,37,22.3,14.3,2.9,3.9,0.6,0,2.8,0.403,0.315,0.732,21.5,17.2,0.514,0.0,-0.0
Jayson White,MIA,2011-12,24,51,48,26.3,12.6,2.9,1.8,1.2,0.8,2.7,0.527,0.339,0.703,32.4,10.1,0.647,-3.1,0.0
Darius Nelson,POR,2011-12,34,71,18,21.3,17.7,2.7,3.8,1.0,0,1.6,0.544,0.364,0.722,27.9,15.4,0.629,-5.9,6.4
Cade Young,UTA,2011-12,25,28,21,25.1,22.3,10.6,0.2,1.8,0.4,2.3,0.528,0.326,0.896,19.4,19.3,0.594,-2.9,-2.9
Tyrese Phillips,TOR,2011-12,24,21,5,21.7,21.3,9.1,6.0,1.0,0.8,1.4,0.528,0.329,0.86,17.7,21.1,0.644,-4.9,3.2
Ja Miller,MEM,2011-12,25,62,7,33.4,19.6,2.2,0.9,1.1,0.4,1.7,0.438,0.324,0.667,15.4,17.8,0.611,-0.4,3.6
Tyrese Moore,BKN,2011-12,30,61,45,11.5,6.7,5.6,0.2,0.8,0.6,2.9,0.478,0.407,0.915,15.6,19.0,0.575,0.4,3.2
Jaylen King,GSW,2011-12,24,49,46,5,10.4,5.2,3.7,1.1,0.4,1.0,0.476,0.331,0.886,16.7,18.5,0.644,-1.0,2.8
Zion Moore,SAC,2011-12,24,72,0,38,13.4,1.1,0.2,1.2,0.9,2.5,0.457,0.387,0.875,21.9,24.2,0.572,1.5,4.2
DeAndre Nelson,PHI,2011-12,33,39,21,15.9,13.6,4.3,4.6,1.4,1.1,0.9,0.452,0.413,0.917,16.7,5.9,0.623,-5.3,-0.2
Kyle Carter,HOU,2011-12,23,32,32,25.5,22.9,5.6,3.0,0.7,1.3,3.7,0.463,0.324,0.882,26.4,13.3,0.504,1.4,0.7
Ja Evans,DET,2011-12,21,64,15,27.5,18.7,4.1,2.6,1.1,0.5,3.3,0.418,0.366,0.776,24.8,15.5,0.493,5.0,-1.7
Ja Hill,UTA,2011-12,20,44,35,19.3,18.5,4.5,5.1,0.7,1.0,2.3,0.412,0.395,0.838,32.9,13.5,0.495,5.9,1.8
Kyle Allen,MIA,2011-12,32,40,33,18.1,2,6.0,1.0,0.7,1.1,2.5,0.422,0.382,0.7,17.5,11.6,0.61,-0.8,1.2
Kyle Baker,TOR,2011-12,19,30,23,33.4,13.0,5.4,4.2,1.3,1.3,3.3,0.444,0.394,0.827,34.4,14.2,0.575,-0.5,4.2
Tyrese Wright,LAL,2011-12,26,51,33,21.1,9.1,5.1,2.9,1.8,0.2,2.0,0.508,0.299,0.902,23.9,14.5,0.564,0.7,0.3
Darius Wilson,SAC,2011-12,25,75,60,29.7,14.5,9.2,7.0,1.5,0.7,2.1,0.429,0.337,0.762,33.9,18.3,0.57,-4.7,2.1
Zion Lopez,LAC,2011-12,28,67,40,23.7,12.6,5.6,0.6,1.3,1.2,1.9,0.422,0.41,0.796,33.4,14.6,0.53,-1.8,3.9
Devin Turner,HOU,2011-12,31,66,49,17.0,15.2,10.2,4.6,1.2,0,4.1,0.449,0.348,0.756,26.5,7.5,0.561,1.2,-0.8
Jaylen Martin,ATL,2011-12,31,33,3,33.3,25.4,7.1,4.3,0.5,0.7,2.8,0.479,0.395,0.702,31.1,11.1,0.532,2.5,3.2
Marcus Morris,CLE,2011-12,20,21,2,28.6,8.7,6.0,1.5,1.7,0,0.9,0.471,0.386,0.805,33.6,8.8,0.609,-1.1,-0.1
Jayson Parker,MIA,2011-12,34,20,11,35.7,19.1,4.4,9.2,1.7,1.1,3.9,0.442,0.311,0.852,22.8,17.8,0.559,2.6,0.2
Jalen Phillips,MIA,2011-12,22,73,33,22.2,19.6,3.5,4.7,0.9,0.7,1.7,0.428,0.322,0.798,20.6,15.1,0.622,0.3,-1.4
Marcus Cook,MEM,2011-12,30,55,26,29.3,31.0,5.0,1.5,1.0,0,1.0,0.395,0.397,0.733,34.9,22.4,0.634,-0.2,1.8
Jordan Morris,CHI,2011-12,26,28,18,33.1,18.6,5.6,1.0,1.3,1.3,0.8,0.438,0.332,0.664,22.7,19.7,0.633,0.1,-2.1
DeMar Williams,ATL,2011-12,25,49,42,33.8,2,2.6,5.7,1.2,0.8,1.3,0.493,0.389,0.861,18.5,15.7,0.65,-2.2,1.0
DeAndre Roberts,ORL,2011-12,24,58,31,18.2,19.1,4.7,4.3,0.9,1.5,0.9,0.519,0.347,0.893,18.1,17.2,0.553,3.4,2.4
Kyle Wilson,POR,2011-12,28,82,66,37.5,8.2,4.5,5.8,1.2,0.2,1.7,0.385,0.378,0.802,27.7,7.6,0.605,-6.1,0.3
Nikola Young,PHI,2011-12,25,63,15,24.2,24.5,8.8,7.0,0.8,0.4,1.8,0.503,0.368,0.675,18.0,21.2,0.569,0.1,1.9
Devin Lopez,UTA,2011-12,25,42,31,26.0,13.4,2.0,5.0,1.0,0.2,3.6,0.405,0.306,0.778,32.5,19.2,0.598,-4.1,-1.5
Kyle Wright,CLE,2011-12,28,40,26,25.4,12.0,3.4,2.0,1.3,0.3,0.3,0.385,0.315,0.816,35.0,19.9,0.512,-5.5,1.2
Julius Turner,MIL,2011-12,24,80,13,30.7,21.1,2.4,5.6,1.0,1.9,2.8,0.509,0.345,0.652,28.0,9.8,0.601,1.6,-1.0
Jordan Miller,CHI,2011-12,20,52,35,23.4,15.1,7.6,7.2,1.8,0.2,2.4,0.43,0.389,0.848,28.9,9.3,0.602,-0.3,0.1
Chris Thomas,HOU,2011-12,30,65,63,34.4,22.5,8.1,3.6,1.3,0.7,1.7,0.489,0.304,0.784,18.6,12.3,0.593,1.4,-1.8
Luka Wilson,GSW,2011-12,28,41,36,13.9,10.3,4.2,0.2,0.9,0.7,2.4,0.548,0.4,0.861,29.1,9.0,0.549,1.3,0.0
Darius Johnson,MIL,2011-12,19,31,16,18.4,12.8,5.9,5.7,0,1.6,1.8,0.425,0.375,0.729,34.0,13.0,0.649,-3.6,0.7
Tyler Thompson,LAL,2011-12,23,39,23,19.5,18.5,2.5,3.8,0.6,0,4.0,0.463,0.388,0.838,32.3,18.6,0.567,0.3,0.6
Trae Thomas,ATL,2011-12,26,40,27,38,16.9,5.3,5.2,1.4,0.4,3.2,0.476,0.309,0.798,23.1,5.9,0.571,2.6,5.6
Tyrese Carter,WAS,2011-12,25,66,48,31.7,7.9,3.9,0.2,0.7,0.8,2.8,0.483,0.295,0.822,30.0,11.7,0.602,4.3,2.8
Kevin Reed,BKN,2011-12,33,67,49,27.4,14.4,13.2,7.0,0.6,0.5,0.5,0.406,0.414,0.684,34.5,14.4,0.643,2.4,0.3
Jayson Parker,MIN,2011-12,30,22,12,22.9,17.4,4.3,1.9,1.2,0.7,2.9,0.491,0.368,0.905,24.6,13.0,0.504,0.2,1.9
Cade Moore,UTA,2011-12,30,66,8,31.0,13.7,2.5,8.1,0,1.0,2.6,0.483,0.345,0.772,28.6,14.8,0.513,5.4,-3.4
Luka Hill,CHI,2011-12,29,21,19,21.7,11.8,9.5,1.0,1.9,0.2,1.7,0.388,0.316,0.826,34.6,15.8,0.53,1.1,3.9
Fred Phillips,PHI,2011-12,20,71,43,31.4,13.2,1.9,2.3,1.1,0,2.2,0.398,0.413,0.788,21.4,10.1,0.564,-2.7,-1.0
CJ Anderson,LAL,2011-12,26,72,70,35.4,18.3,7.7,2.8,1.0,0,2.4,0.503,0.325,0.787,34.1,22.3,0.545,-0.1,5.2
Julius Adams,BOS,2011-12,23,49,2,38,14.3,2.6,0.4,1.1,0.8,2.6,0.478,0.333,0.758,27.6,8.6,0.515,-2.3,1.2
Zion Morris,NOP,2011-12,21,45,20,25.4,15.3,7.0,0.2,0.6,0.8,2.4,0.526,0.411,0.713,20.7,2.5,0.519,1.1,1.2
Julius Nelson,LAL,2011-12,22,61,38,14.7,23.6,4.1,3.9,0.8,0,2.2,0.474,0.344,0.663,34.2,20.7,0.592,4.4,0.6
Domantas Murphy,MIL,2011-12,22,49,43,35.1,15.3,7.8,5.4,1.3,0.2,2.3,0.486,0.293,0.892,33.5,16.4,0.625,1.6,1.6
Nikola Wilson,CHI,2011-12,22,58,45,28.8,10.2,6.8,4.0,1.5,1.2,3.7,0.392,0.391,0.883,15.3,11.5,0.556,4.6,3.3
DeAndre Turner,LAC,2011-12,30,67,13,32.0,19.4,0.5,6.2,1.2,0.9,2.9,0.536,0.377,0.684,29.5,15.6,0.636,3.1,1.8
Chris Wright,BOS,2011-12,21,62,13,34.7,8.7,8.5,3.0,0.3,1.2,0.9,0.514,0.332,0.828,25.7,12.8,0.637,-1.1,-1.0
James Phillips,MEM,2011-12,23,57,0,30.9,8.4,0.5,3.4,1.2,0.7,0.5,0.406,0.347,0.858,33.6,21.6,0.647,2.9,0.1
Ja Morris,HOU,2011-12,25,29,9,23.5,23.2,9.8,0.2,0.6,0.6,2.4,0.472,0.359,0.766,23.4,5.7,0.575,-1.0,1.9
Malik Wilson,MIL,2011-12,24,71,24,38,30.8,6.5,0.7,1.0,0.2,0.3,0.529,0.398,0.899,16.9,13.4,0.512,2.0,1.3
Malik Collins,LAC,2011-12,23,20,16,26.8,17.0,3.9,4.1,1.4,0,1.7,0.38,0.393,0.9,16.6,14.4,0.5,0.2,0.0
Bam Miller,ATL,2011-12,29,50,21,34.4,18.2,7.0,4.7,1.7,0.5,2.6,0.385,0.335,0.655,28.8,18.3,0.58,-7.2,0.5
Jordan Phillips,PHX,2011-12,23,31,23,15.5,10.4,7.1,2.0,0.3,0.6,0.3,0.467,0.291,0.734,23.4,15.4,0.572,-1.4,3.7
Khris Williams,LAL,2011-12,33,25,1,23.6,16.1,2.6,0.2,0.8,1.1,1.3,0.486,0.375,0.903,15.8,20.1,0.616,4.1,-1.7
Malik Johnson,ATL,2011-12,24,55,16,25.6,19.4,6.3,4.4,1.0,1.0,2.0,0.413,0.352,0.835,31.7,9.6,0.583,-7.2,0.9
Anthony Anderson,CLE,2011-12,25,41,3,32.9,21.4,2.3,2.2,1.1,0.3,2.4,0.518,0.359,0.768,29.0,25.3,0.496,-2.9,0.9
Cade Roberts,NOP,2011-12,25,60,56,25.5,3.1,2.0,6.7,1.2,0.8,2.1,0.399,0.362,0.737,26.5,15.0,0.567,-2.1,-1.9
LaMelo Taylor,DET,2011-12,22,64,31,9.4,2.8,8.1,2.4,1.7,1.1,3.3,0.397,0.374,0.783,33.2,8.1,0.565,-0.2,-0.5
Shai Reed,NOP,2011-12,25,26,6,22.7,22.5,5.1,1.3,2.1,1.0,3.0,0.482,0.376,0.865,15.3,15.2,0.537,-0.2,2.8
CJ Baker,CHA,2011-12,29,33,29,34.1,22.5,1.8,5.3,1.2,0,1.2,0.418,0.375,0.846,22.7,11.6,0.511,2.0,1.8
Devin Williams,LAL,2011-12,30,55,46,24.6,15.8,7.2,0.2,1.3,0.9,1.5,0.469,0.378,0.829,33.8,29.1,0.564,0.6,0.4
James White,OKC,2011-12,30,29,14,21.8,6.4,7.5,2.9,0.3,0.7,0.7,0.43,0.319,0.66,32.6,14.8,0.504,-0.7,4.8
Bam Green,DAL,2011-12,30,24,13,22.0,10.9,2.0,8.3,1.9,0.1,1.7,0.385,0.363,0.722,19.0,13.1,0.492,-1.5,0.3
Chris Wilson,ORL,2011-12,27,37,2,17.9,2.8,0.5,3.8,1.7,0,1.1,0.413,0.335,0.793,26.0,17.8,0.601,-1.4,3.2
Donovan Mitchell,CHI,2011-12,26,39,24,18.1,13.7,6.6,3.5,0.4,1.1,2.4,0.409,0.371,0.833,27.3,12.3,0.578,3.0,-1.7
Jayson Taylor,CHA,2011-12,26,54,36,14.5,14.5,7.2,6.0,0.7,1.2,1.5,0.447,0.351,0.771,30.2,13.5,0.602,1.4,0.3
Tyler Thompson,MIL,2011-12,21,32,4,26.1,9.4,0.5,2.6,1.2,0.1,1.7,0.474,0.378,0.746,21.7,11.6,0.642,-2.8,2.9
Marcus Hill,CLE,2011-12,29,80,53,38,19.8,8.8,5.5,0.6,0.2,1.4,0.467,0.393,0.807,26.2,14.2,0.625,-0.8,-0.0
DeAndre Young,IND,2011-12,20,23,5,22.1,10.8,4.3,2.8,1.3,0,0.5,0.444,0.328,0.838,21.1,19.5,0.549,-0.8,-1.4
Tyrese Green,PHX,2011-12,28,41,9,18.5,14.7,4.3,4.3,0.5,0.6,1.6,0.538,0.418,0.693,23.4,11.9,0.623,1.3,1.9
Ja Evans,LAC,2011-12,33,34,28,20.1,20.8,8.8,3.6,1.3,0,0.3,0.407,0.398,0.799,31.8,13.7,0.543,-4.3,2.4
Chris Baker,GSW,2011-12,23,62,59,19.0,17.0,0.5,5.3,0.9,0.7,2.8,0.45,0.299,0.766,34.2,14.2,0.626,1.6,-2.8
Andre Brown,POR,2011-12,26,64,42,7.8,18.2,4.8,2.5,0.3,1.1,2.9,0.381,0.335,0.726,34.5,6.4,0.645,1.9,0.7
Jrue Jackson,DET,2011-12,24,29,3,9.2,4.8,3.1,4.7,1.1,0.7,1.9,0.442,0.361,0.857,29.7,6.7,0.632,-1.7,0.7
LaMelo Reed,MEM,2011-12,33,64,52,26.2,18.2,5.4,0.2,1.3,0.2,0.3,0.533,0.408,0.829,15.1,23.9,0.641,-0.6,-0.7
CJ Nelson,SAS,2011-12,24,30,15,25.4,7.7,11.0,2.7,1.5,0.9,1.1,0.431,0.348,0.892,18.5,11.7,0.596,3.0,0.3
Jayson Evans,PHX,2011-12,22,73,14,29.6,17.7,5.7,7.8,1.0,0.6,2.2,0.398,0.389,0.781,31.6,15.7,0.538,-4.1,1.7
Jaylen Miller,NOP,2011-12,24,68,28,20.9,12.4,6.0,6.3,1.6,0.5,0.8,0.452,0.344,0.826,29.0,10.8,0.595,1.8,0.7
Donovan Brown,ATL,2011-12,21,47,27,21.1,18.9,7.6,4.2,1.2,1.2,1.2,0.467,0.286,0.777,26.3,15.6,0.539,3.9,1.6
Shai Turner,ORL,2011-12,28,46,6,22.1,9.9,4.8,4.4,0.3,1.0,2.7,0.505,0.331,0.737,25.9,6.8,0.499,-1.8,6.0
Malik Allen,DAL,2011-12,31,80,68,24.6,11.5,7.1,4.7,0.8,1.3,0.3,0.382,0.408,0.741,24.9,11.6,0.644,-0.8,1.8
Pascal Taylor,SAS,2011-12,26,43,26,25.9,13.5,1.4,5.9,1.4,1.2,2.9,0.549,0.332,0.715,26.0,19.2,0.573,2.9,0.2
Domantas Thomas,ATL,2011-12,19,74,25,29.0,11.2,6.1,4.0,2.3,0.8,2.0,0.451,0.336,0.899,18.9,18.0,0.515,-2.3,1.3
Marcus Mitchell,LAL,2011-12,33,51,42,36.8,18.2,5.2,5.0,1.6,0,1.7,0.521,0.364,0.705,34.4,21.4,0.536,-3.4,1.1
Giannis Wilson,SAC,2011-12,22,34,19,13.8,13.4,3.9,0.4,0.2,1.4,2.0,0.463,0.405,0.823,15.1,10.0,0.57,-6.5,0.2
James Cook,NOP,2011-12,24,34,25,26.6,20.1,6.4,1.3,0.6,1.8,2.1,0.499,0.398,0.682,31.8,18.8,0.583,6.6,2.4
Kevin Edwards,SAC,2011-12,23,80,21,23.6,17.2,1.1,4.9,1.0,1.2,1.8,0.491,0.305,0.77,17.5,17.1,0.647,-2.8,0.8
Domantas Stewart,DET,2011-12,32,36,6,27.8,13.1,4.1,1.1,1.1,0.5,2.4,0.422,0.343,0.755,17.4,19.7,0.601,3.8,1.8
Malik Brown,POR,2011-12,23,63,44,18.1,24.6,4.0,2.2,1.7,1.1,2.9,0.407,0.411,0.773,21.1,32.0,0.578,-1.4,2.2
Tyrese Evans,LAL,2011-12,20,51,29,30.8,18.4,6.3,3.0,1.0,0.4,3.1,0.433,0.412,0.66,15.2,17.2,0.57,0.6,2.6
Kyle Wright,NOP,2011-12,23,27,7,32.0,8.5,4.4,2.9,0.5,0,1.7,0.504,0.325,0.875,32.1,18.0,0.597,1.8,1.2
Damian Roberts,CHA,2011-12,22,28,19,20.6,13.2,14.1,0.2,0.3,1.2,2.7,0.455,0.381,0.664,23.2,15.2,0.536,2.3,2.3
Brandon Parker,SAC,2011-12,22,64,11,34.3,8.6,1.9,0.4,0.4,0.1,1.7,0.392,0.354,0.906,18.1,7.9,0.65,1.4,-0.9
Jayson Wilson,UTA,2011-12,19,82,55,18.1,18.4,3.4,0.2,0.7,0,1.5,0.509,0.374,0.835,28.9,14.5,0.516,4.0,1.1
DeAndre Wilson,GSW,2011-12,24,32,4,11.3,11.5,2.3,6.5,0.9,0,1.9,0.448,0.412,0.799,24.3,13.7,0.486,0.5,2.6
Ja Cook,LAL,2011-12,19,79,2,21.6,8.1,3.5,0.2,1.1,1.0,0.9,0.503,0.356,0.884,20.6,19.9,0.489,-2.2,2.1
Damian Baker,IND,2011-12,21,68,35,37.8,12.9,7.5,0.2,0.8,0.2,3.4,0.47,0.367,0.9,27.9,26.2,0.62,-2.2,-1.3
Donovan Baker,BOS,2011-12,23,38,4,27.4,17.8,9.2,1.0,1.0,0.6,0.6,0.48,0.338,0.72,19.4,14.5,0.569,-4.3,-1.1
Pascal Baker,MIA,2011-12,23,81,27,27.1,14.4,3.5,2.4,0,0.3,1.5,0.437,0.326,0.656,23.2,16.8,0.588,1.3,3.8
CJ Collins,NOP,2011-12,24,70,0,13.6,26.8,3.0,3.6,1.5,0.4,0.5,0.496,0.339,0.711,17.9,20.2,0.488,1.9,4.5
Zion Parker,NOP,2011-12,32,48,44,36.9,11.4,5.2,2.0,1.1,0.1,2.5,0.408,0.329,0.794,25.1,19.0,0.647,3.4,0.1
Julius Edwards,ORL,2011-12,20,33,24,28.2,9.1,4.0,5.6,1.7,0.8,2.7,0.466,0.354,0.742,18.3,14.1,0.562,-6.4,0.6
Jordan Edwards,ATL,2011-12,29,72,6,26.7,9.4,0.6,3.4,1.0,1.0,2.6,0.406,0.31,0.651,19.8,3.8,0.556,1.1,1.7
CJ King,ORL,2011-12,31,42,37,23.9,11.4,3.2,4.5,1.8,0.5,1.0,0.468,0.359,0.821,31.8,16.0,0.601,-2.0,1.4
Domantas Stewart,NOP,2011-12,31,54,51,30.8,16.6,0.5,4.9,1.1,0,3.4,0.472,0.322,0.771,19.6,14.6,0.541,-0.2,-1.1
Devin Turner,CHA,2011-12,26,38,13,29.6,24.4,6.3,4.9,0.9,0.3,0.3,0.515,0.299,0.725,16.5,9.2,0.532,7.1,1.6
Giannis Cook,MIL,2011-12,20,56,6,35.3,11.6,7.4,3.2,1.5,0.4,1.7,0.505,0.333,0.785,18.5,26.2,0.525,-0.3,2.1
Bam Young,SAC,2011-12,27,29,26,6.0,9.9,10.8,4.1,0,0.2,3.0,0.523,0.346,0.741,16.4,8.1,0.537,-3.5,4.9
DeAndre Roberts,BKN,2011-12,31,61,25,22.5,13.6,0.5,4.4,1.5,0.1,2.1,0.434,0.356,0.654,18.3,12.7,0.595,1.0,-1.7
Damian Brown,DEN,2011-12,20,54,14,23.8,11.6,3.6,3.0,1.0,0.5,2.7,0.538,0.342,0.677,18.4,13.3,0.581,-5.8,3.2
Damian Stewart,DET,2011-12,26,21,18,34.6,7.6,6.2,6.4,0.4,0.5,1.7,0.474,0.406,0.762,31.5,18.4,0.507,-3.6,-0.4
Tyrese Murphy,MEM,2011-12,24,60,34,24.1,23.7,9.0,3.4,1.0,1.0,0.7,0.435,0.286,0.813,27.3,14.5,0.623,4.5,2.1
Cade Mitchell,WAS,2011-12,28,30,27,38,10.1,4.4,3.7,1.1,0.2,2.0,0.399,0.369,0.831,21.1,9.4,0.515,3.3,-4.0
Tyrese Thompson,CHI,2011-12,24,60,54,31.1,24.4,5.0,1.3,1.4,0,3.0,0.397,0.305,0.652,18.0,24.9,0.593,2.5,1.6
Shai Brown,WAS,2011-12,26,39,36,31.7,3.7,0.5,6.5,1.2,0,2.8,0.391,0.387,0.752,21.7,11.4,0.546,-1.4,1.7
Luka Campbell,ORL,2011-12,29,80,56,27.1,11.0,3.4,4.4,0.6,1.0,2.7,0.524,0.399,0.696,19.3,16.7,0.643,4.0,3.5
DeAndre Green,MIA,2011-12,25,59,23,29.4,16.0,1.8,6.9,1.5,0.5,1.0,0.533,0.38,0.758,24.9,16.2,0.576,0.3,5.9
Damian Cook,ORL,2011-12,25,70,19,21.5,6.1,11.4,0.2,0.5,0,3.1,0.514,0.38,0.765,16.1,19.6,0.516,-5.3,1.5
Bam Reed,PHI,2011-12,23,39,38,26.8,15.9,5.4,7.0,0.5,0.8,1.8,0.481,0.39,0.806,33.6,22.7,0.542,-4.8,1.2
Tyrese Williams,DEN,2011-12,20,56,8,22.4,20.9,4.7,2.5,0.3,0.4,3.0,0.453,0.287,0.793,32.2,16.1,0.495,0.0,3.0
DeMar Miller,CHI,2011-12,33,32,9,31.1,10.9,4.7,4.2,1.2,0.2,2.8,0.438,0.366,0.824,29.8,11.1,0.517,6.5,1.7
Fred Davis,NOP,2011-12,32,72,49,23.5,13.6,8.1,3.2,0.8,0.3,0.7,0.469,0.326,0.759,33.0,20.4,0.639,6.2,3.7
Zion Phillips,DAL,2011-12,21,25,16,18.0,14.7,2.7,6.3,0,0.4,2.2,0.456,0.286,0.911,19.2,10.1,0.567,4.1,-1.0
DeAndre Reed,WAS,2011-12,31,37,28,17.4,17.2,0.5,0.2,0.4,0.4,3.7,0.406,0.418,0.752,31.5,20.5,0.497,-0.7,0.1
Trae Morris,DEN,2011-12,25,43,20,28.0,11.8,7.7,4.5,0.9,0,0.4,0.507,0.314,0.887,20.3,13.0,0.486,2.5,1.2
Pascal Thompson,LAL,2011-12,19,43,12,36.5,11.0,8.5,4.0,0.9,1.1,2.0,0.513,0.374,0.836,15.2,13.1,0.544,3.5,4.9
Joel Thomas,SAC,2011-12,24,25,6,17.0,12.4,3.7,1.1,0.8,0.4,3.2,0.428,0.396,0.783,17.3,14.2,0.517,0.8,2.8
Julius Young,SAC,2011-12,27,68,44,17.8,10.1,0.5,3.4,0.8,0,1.9,0.407,0.301,0.744,29.8,14.0,0.487,1.1,1.4
Chris Stewart,LAC,2011-12,21,40,32,22.5,13.9,4.5,3.2,1.1,0,2.6,0.406,0.302,0.701,32.4,17.5,0.602,-1.0,1.9
Giannis Young,DET,2011-12,26,49,41,35.7,23.3,4.3,3.3,2.0,0,0.8,0.482,0.377,0.851,29.5,17.1,0.501,5.2,2.8
Khris Martin,PHX,2011-12,20,70,46,5,22.8,5.2,4.0,1.2,0.4,2.1,0.499,0.372,0.83,21.2,8.8,0.6,1.1,4.2
Jalen Baker,NOP,2011-12,25,41,12,10.2,11.8,3.4,2.7,0.5,0.6,2.9,0.503,0.357,0.902,28.6,6.2,0.612,-2.3,-0.8
Jaylen Williams,DET,2011-12,26,20,12,26.6,8.6,2.7,2.7,0.4,0.6,1.1,0.469,0.363,0.657,20.4,7.9,0.539,1.5,-0.8
LaMelo Thompson,MIA,2011-12,20,56,21,19.1,23.5,6.3,5.2,1.3,0,3.4,0.467,0.303,0.741,26.1,14.5,0.502,2.1,2.9
Ja Jackson,IND,2011-12,28,34,0,12.5,2,6.1,3.9,0.9,0.2,1.6,0.504,0.323,0.677,17.4,12.4,0.621,4.5,0.5
Fred Wright,SAC,2011-12,33,62,21,31.4,18.8,5.6,4.6,0.6,0.6,1.0,0.46,0.377,0.74,24.8,9.0,0.619,-1.9,-0.0
Pascal Allen,LAL,2011-12,23,25,6,24.6,15.3,4.4,6.7,0.4,0.8,1.7,0.493,0.318,0.753,23.1,16.3,0.569,0.4,0.3
Kevin Brown,CHI,2011-12,31,49,13,25.6,13.1,11.2,5.2,0.4,0.2,1.8,0.395,0.404,0.685,31.1,14.2,0.515,-2.1,-1.6
Jalen Murphy,SAC,2011-12,30,40,22,23.0,7.9,3.6,3.5,1.3,0.7,1.7,0.479,0.287,0.765,25.4,15.8,0.583,2.0,1.5
Trae Miller,GSW,2011-12,23,51,15,37.8,8.4,5.0,5.4,1.6,0,3.0,0.445,0.325,0.76,24.8,14.4,0.64,-5.8,5.2
Kevin Johnson,MEM,2011-12,23,35,18,28.7,18.2,8.6,5.7,1.7,0,2.4,0.48,0.411,0.894,27.4,11.4,0.618,4.3,3.3
CJ Evans,BKN,2011-12,22,59,56,26.4,15.9,4.4,0.7,1.8,0.7,1.1,0.406,0.344,0.875,27.1,18.7,0.482,-2.1,4.8
Devin Mitchell,WAS,2011-12,24,35,14,31.7,18.9,4.2,5.9,0.9,0,2.9,0.535,0.382,0.885,27.7,15.1,0.553,3.7,5.8
Tyrese Johnson,MIL,2011-12,20,31,30,14.9,9.3,4.9,0.9,1.4,1.2,1.4,0.444,0.399,0.903,28.3,9.6,0.598,-1.3,2.4
Donovan Green,NYK,2011-12,20,68,14,6.7,12.7,6.6,4.1,1.3,0.7,1.1,0.45,0.285,0.815,22.2,15.7,0.54,2.1,1.8
Kyle Campbell,NYK,2011-12,23,74,19,30.8,19.4,9.5,2.4,1.8,1.1,2.6,0.448,0.402,0.705,19.6,16.2,0.6,-0.5,2.2
DeAndre Johnson,WAS,2011-12,29,66,48,33.7,23.3,6.8,1.1,1.3,0.3,2.3,0.46,0.402,0.889,24.5,13.2,0.576,3.3,-0.1
Julius Moore,MIL,2011-12,26,74,45,27.7,8.7,3.2,2.4,1.2,0.2,3.6,0.431,0.362,0.673,16.0,12.1,0.585,1.6,4.9
Ja Lopez,TOR,2011-12,23,32,8,34.4,2,3.6,4.4,1.7,0.9,2.3,0.543,0.373,0.77,27.4,8.9,0.642,-1.1,3.1
Ja Campbell,WAS,2011-12,32,73,49,23.3,13.1,2.3,5.7,1.0,1.4,2.5,0.442,0.4,0.715,30.8,10.4,0.503,-0.3,0.3
Andre Baker,GSW,2011-12,22,40,11,38,10.4,6.0,3.3,0.8,0.3,1.9,0.495,0.377,0.842,17.5,17.3,0.641,3.9,1.5
Nikola Murphy,ATL,2011-12,32,23,21,23.7,10.9,5.7,2.0,1.3,1.5,2.5,0.421,0.408,0.656,23.1,20.4,0.572,0.9,1.1
Domantas Nelson,NOP,2011-12,19,52,10,12.6,14.7,6.9,3.5,2.4,1.1,1.5,0.449,0.288,0.762,24.7,20.8,0.635,2.0,1.6
Shai Anderson,DAL,2011-12,30,53,51,15.5,13.7,3.7,5.7,0.4,0.9,1.2,0.531,0.283,0.891,31.8,10.5,0.611,-3.1,2.1
Domantas Parker,ORL,2011-12,20,37,1,23.2,19.0,7.6,7.4,0.5,1.4,2.4,0.495,0.362,0.751,22.2,15.4,0.532,2.4,1.8
Devin Collins,WAS,2011-12,22,34,9,25.9,28.9,8.3,3.3,1.1,0.2,2.3,0.413,0.418,0.852,15.6,15.8,0.512,0.6,2.1
Luka Adams,CLE,2011-12,31,56,8,28.6,8.0,2.5,2.8,0.6,1.0,1.7,0.471,0.348,0.76,20.4,8.4,0.596,-1.1,-1.3
Cade Wright,SAC,2011-12,24,30,4,35.3,11.1,2.2,4.1,1.0,1.2,0.7,0.518,0.326,0.86,30.7,12.4,0.632,-6.6,2.5
Nikola Parker,IND,2011-12,30,51,15,26.0,18.8,4.7,7.5,0.4,0.2,3.4,0.533,0.287,0.892,22.6,7.4,0.595,-2.9,0.3
Anthony Wilson,CHA,2011-12,23,30,16,16.8,9.3,7.0,1.6,0.4,0.3,1.6,0.426,0.307,0.814,24.8,5.8,0.532,5.8,2.5
Brandon King,TOR,2011-12,24,27,5,8.3,16.0,9.2,1.2,0.8,0,2.4,0.384,0.352,0.767,21.1,20.4,0.482,2.1,1.4
Darius Davis,BKN,2011-12,22,38,14,12.7,20.2,3.2,1.4,2.1,1.2,0.3,0.484,0.408,0.853,27.0,22.2,0.633,-1.6,2.5
LaMelo Taylor,SAS,2011-12,22,72,46,21.4,8.7,5.6,3.9,0.6,1.0,2.2,0.502,0.284,0.868,16.3,16.7,0.617,-3.4,5.2
Tyrese Anderson,SAS,2011-12,21,77,69,25.7,20.2,1.7,1.6,1.1,0.8,1.0,0.442,0.361,0.901,23.8,11.6,0.558,0.5,0.5
Khris Evans,BOS,2011-12,28,79,43,37.6,13.8,1.1,5.9,1.5,0.8,1.2,0.446,0.295,0.663,23.5,20.9,0.622,4.6,3.1
Zion Parker,ATL,2011-12,22,53,50,20.3,16.7,7.3,3.4,1.2,1.0,1.6,0.404,0.31,0.915,33.3,14.7,0.489,-3.7,-0.9
Giannis Morris,PHI,2011-12,21,43,6,37.1,6.0,6.5,4.6,1.8,1.4,2.2,0.499,0.368,0.829,30.8,10.9,0.589,1.5,-0.9
Domantas Mitchell,DET,2011-12,19,74,61,27.9,17.6,2.5,3.2,0,0.9,1.3,0.503,0.291,0.836,27.3,10.9,0.49,0.6,5.6
Fred Cook,DET,2011-12,30,36,1,18.1,18.1,4.9,2.1,1.1,1.1,1.1,0.393,0.306,0.89,26.5,13.9,0.631,-0.3,3.0
DeAndre Collins,PHX,2012-13,32,56,53,20.0,12.6,0.9,5.5,0.6,0.6,2.5,0.527,0.352,0.692,21.9,11.0,0.636,-4.0,-0.2
Fred Mitchell,CHI,2012-13,26,22,18,21.7,16.6,1.0,2.6,1.1,0.7,4.3,0.524,0.349,0.775,30.3,17.3,0.63,-6.9,1.8
Darius Roberts,CHA,2012-13,26,76,51,30.7,14.8,3.8,0.2,0.2,1.0,1.6,0.528,0.306,0.771,22.7,21.3,0.612,1.9,0.2
DeAndre Wilson,TOR,2012-13,24,69,65,24.4,24.6,6.8,4.7,0.8,0.9,0.6,0.519,0.365,0.845,22.7,14.3,0.565,0.1,-0.3
Kevin Stewart,DEN,2012-13,27,77,61,24.3,19.4,8.6,5.3,1.0,0.4,3.1,0.407,0.337,0.826,18.4,17.2,0.517,0.4,2.1
DeAndre Nelson,ATL,2012-13,26,65,5,12.6,24.9,10.9,7.0,0.6,0.9,0.8,0.5,0.315,0.661,23.4,19.7,0.587,-0.7,-0.7
Devin Stewart,UTA,2012-13,27,82,55,28.4,9.5,4.1,3.5,1.4,0.7,2.1,0.461,0.305,0.863,20.2,12.9,0.61,-0.7,1.1
Jalen Parker,DEN,2012-13,23,23,23,22.3,2.2,5.8,6.0,0.7,0.3,1.9,0.407,0.331,0.65,18.2,4.9,0.623,-0.5,-0.4
Jayson Jackson,MIL,2012-13,19,30,15,38,8.7,5.5,6.6,1.2,0.2,2.8,0.529,0.32,0.78,30.5,18.2,0.54,5.2,1.9
James Reed,DEN,2012-13,24,54,48,20.7,11.8,4.0,5.6,0.8,0.5,4.1,0.485,0.299,0.815,23.9,4.6,0.64,-1.6,2.1
CJ Jackson,DEN,2012-13,26,29,7,32.9,23.1,4.4,0.4,1.6,0.5,2.3,0.381,0.292,0.666,34.2,23.3,0.595,2.4,3.8
Domantas Young,MEM,2012-13,27,40,5,15.2,16.6,8.2,0.2,1.3,0,1.0,0.398,0.417,0.9,34.4,19.8,0.581,-0.5,1.4
Kyle Moore,CHA,2012-13,31,52,10,13.8,11.8,6.2,0.3,1.1,0.5,1.3,0.41,0.287,0.865,25.6,11.7,0.628,-0.1,-0.2
DeAndre Young,ATL,2012-13,29,73,8,36.2,9.5,10.9,4.4,0.9,1.1,3.6,0.429,0.31,0.671,30.7,17.8,0.485,-1.3,1.4
Jayson White,GSW,2012-13,26,51,12,30.5,15.2,4.4,4.9,1.5,0,2.5,0.39,0.409,0.694,15.0,9.9,0.519,0.1,3.6
Darius Nelson,HOU,2012-13,36,81,6,28.7,21.7,8.9,4.9,0.8,1.3,2.0,0.501,0.311,0.736,15.4,18.0,0.644,0.6,-0.4
Cade Young,GSW,2012-13,26,72,4,10.5,13.6,0.5,1.2,1.0,0.4,1.9,0.549,0.353,0.74,21.8,6.2,0.55,-2.0,3.5
Tyrese Phillips,ATL,2012-13,23,43,3,35.0,11.9,6.3,1.5,1.0,0,2.0,0.411,0.386,0.711,28.6,16.0,0.609,4.1,2.6
Ja Miller,DEN,2012-13,27,45,29,34.4,21.3,0.5,1.2,0.8,0.6,3.1,0.516,0.352,0.758,26.7,18.9,0.562,-6.3,0.5
Tyrese Moore,GSW,2012-13,32,42,17,35.0,9.8,7.9,2.7,1.8,0.9,3.4,0.383,0.292,0.796,29.9,12.6,0.504,1.4,2.4
Jaylen King,BOS,2012-13,25,63,22,27.0,22.8,5.3,5.5,1.4,0.8,1.5,0.501,0.345,0.833,22.0,10.4,0.584,-5.7,1.7
Zion Moore,PHX,2012-13,25,56,25,29.8,8.2,7.0,6.1,1.4,0.5,2.1,0.493,0.364,0.74,25.9,11.3,0.613,-0.6,1.8
DeAndre Nelson,OKC,2012-13,34,78,38,27.2,26.5,5.3,3.8,0.3,0.2,0.6,0.419,0.381,0.703,33.4,10.8,0.637,-3.7,-1.7
Kyle Carter,OKC,2012-13,23,37,37,18.1,3.3,2.4,0.2,1.5,0.1,2.5,0.478,0.294,0.653,27.2,14.6,0.565,0.0,1.9
Ja Evans,PHX,2012-13,21,60,13,10.5,2.6,3.5,2.6,0.7,0.4,1.5,0.426,0.411,0.733,18.4,19.1,0.57,1.0,4.9
Ja Hill,DEN,2012-13,20,33,18,38,10.5,4.2,0.2,1.8,0.7,1.4,0.448,0.383,0.737,31.2,21.8,0.505,-0.7,5.2
Kyle Allen,PHI,2012-13,35,25,19,38,10.7,0.5,2.0,0.6,1.0,0.5,0.448,0.358,0.775,18.7,23.7,0.629,1.7,2.3
Kyle Baker,SAS,2012-13,23,74,74,21.5,8.8,6.2,1.0,1.7,1.2,1.2,0.499,0.369,0.774,18.7,10.5,0.503,-3.7,-1.5
Tyrese Wright,LAL,2012-13,28,32,1,27.9,20.1,4.6,9.3,1.3,0,3.1,0.432,0.321,0.868,26.8,24.0,0.499,-0.3,3.0
Cade Phillips,IND,2012-13,22,52,10,21.2,14.7,3.6,1.5,1.0,0.4,0.6,0.496,0.322,0.899,21.5,16.6,0.595,-0.3,0.1
Darius Wilson,TOR,2012-13,25,66,34,34.2,14.0,3.6,5.8,1.5,0.3,2.9,0.449,0.354,0.914,34.2,12.4,0.523,-8.1,4.8
Zion Lopez,GSW,2012-13,26,40,27,19.0,11.3,5.3,1.5,1.3,0,0.7,0.504,0.322,0.749,27.8,19.6,0.609,2.2,2.7
Jayson Stewart,SAC,2012-13,21,26,20,21.0,10.3,6.5,7.5,1.0,0.4,1.7,0.452,0.409,0.709,16.5,14.5,0.542,-5.1,1.6
Jaylen Martin,ORL,2012-13,34,32,7,16.3,11.6,7.5,7.7,0.8,1.0,2.8,0.506,0.403,0.86,33.5,10.2,0.554,1.9,3.3
Marcus Morris,WAS,2012-13,22,43,23,36.2,3.9,6.3,3.4,0.8,0,5.0,0.499,0.313,0.793,32.1,9.3,0.529,0.4,2.3
Jayson Parker,ATL,2012-13,35,57,56,22.2,14.1,8.1,2.2,1.3,0.4,2.6,0.422,0.4,0.854,18.0,19.3,0.51,0.2,2.4
Nikola Jackson,CHA,2012-13,22,23,1,7.7,10.5,7.4,3.9,1.0,0,2.2,0.545,0.385,0.734,22.3,23.6,0.545,6.6,0.8
Jalen Phillips,IND,2012-13,26,61,31,32.9,4.0,6.6,0.3,0.9,0.1,1.8,0.539,0.311,0.752,25.6,6.9,0.55,-2.8,1.1
Jordan Morris,TOR,2012-13,28,56,17,33.1,2.2,3.9,5.1,1.4,1.2,2.1,0.53,0.298,0.897,24.3,10.5,0.561,-2.1,7.0
DeMar Williams,NOP,2012-13,26,81,37,31.5,24.7,9.6,3.2,1.2,1.7,2.3,0.491,0.394,0.7,19.1,7.4,0.526,1.5,1.0
DeAndre Roberts,LAC,2012-13,22,82,70,32.4,24.2,0.6,5.3,1.2,0.3,3.5,0.487,0.296,0.664,16.8,13.4,0.56,0.3,-0.5
Kyle Wilson,BKN,2012-13,27,78,61,31.9,5.2,5.3,5.9,0.6,0.2,2.2,0.503,0.282,0.813,24.8,9.8,0.571,-3.2,1.1
Julius Parker,MIN,2012-13,22,51,47,24.0,16.3,5.3,6.5,0.2,0.6,0.3,0.431,0.357,0.917,22.1,6.6,0.518,0.5,4.2
Nikola Young,TOR,2012-13,25,23,10,25.3,8.3,6.7,4.7,0.7,0.7,2.2,0.49,0.32,0.695,17.3,15.3,0.483,0.8,2.1
Devin Lopez,MIA,2012-13,28,33,32,24.5,15.5,9.2,4.6,0,0.8,2.1,0.536,0.334,0.682,22.3,16.0,0.545,-0.3,4.0
Kyle Wright,MEM,2012-13,26,58,4,28.0,6.3,1.2,1.8,1.5,1.5,1.1,0.441,0.284,0.803,18.1,8.0,0.594,-0.2,-0.5
Julius Turner,GSW,2012-13,24,44,30,12.9,19.5,0.7,0.9,0.7,1.6,0.4,0.464,0.394,0.659,26.1,13.9,0.635,-1.5,2.3
Jordan Miller,PHX,2012-13,21,48,17,19.1,19.0,8.9,0.6,1.1,1.7,2.1,0.509,0.362,0.759,15.6,20.6,0.614,2.5,0.1
Chris Thomas,WAS,2012-13,32,57,27,20.7,16.3,9.1,1.8,0.6,0.5,2.0,0.438,0.373,0.802,25.6,16.1,0.53,0.4,1.3
Luka Wilson,IND,2012-13,28,34,29,16.7,21.0,6.6,4.0,0.9,1.3,4.2,0.453,0.374,0.915,24.7,15.4,0.51,-0.7,1.0
Darius Johnson,MEM,2012-13,21,69,33,26.0,20.6,7.1,7.4,0.7,0.9,2.5,0.484,0.398,0.725,21.5,8.1,0.571,-1.8,4.6
Tyler Thompson,SAS,2012-13,24,25,4,21.2,11.6,4.3,4.0,0.6,0.4,3.9,0.449,0.3,0.843,16.1,13.7,0.595,2.9,0.0
Trae Thomas,GSW,2012-13,26,23,0,35.6,4.4,2.3,0.2,0.7,0.1,3.0,0.394,0.305,0.661,18.6,12.8,0.585,-3.8,0.7
Tyrese Carter,MIN,2012-13,25,48,9,32.0,18.7,6.1,6.3,1.3,0,0.3,0.517,0.372,0.805,22.6,18.9,0.486,-1.4,2.2
Kevin Reed,HOU,2012-13,33,35,15,17.3,16.5,0.5,0.2,1.4,1.0,0.3,0.539,0.319,0.831,26.5,7.0,0.627,-2.9,4.4
Jayson Parker,DEN,2012-13,33,77,9,21.3,16.0,2.5,0.2,0.2,0.7,1.4,0.408,0.313,0.884,29.2,11.6,0.568,5.5,1.1
Cade Moore,LAL,2012-13,31,46,6,21.5,6.7,6.3,6.2,1.3,0.4,3.1,0.4,0.368,0.686,30.8,10.7,0.628,4.8,0.1
Luka Hill,GSW,2012-13,30,78,15,30.2,4.7,6.0,10.1,0.1,0,3.2,0.474,0.307,0.695,21.2,8.2,0.65,-0.6,2.5
Fred Phillips,HOU,2012-13,23,28,27,22.5,16.5,9.3,0.2,1.5,0.4,3.0,0.417,0.291,0.842,21.9,20.2,0.625,4.2,2.5
CJ Anderson,SAC,2012-13,26,22,22,22.1,15.2,5.5,2.3,1.1,1.1,3.2,0.495,0.348,0.674,32.2,9.2,0.523,0.6,0.9
Julius Adams,MIN,2012-13,23,79,11,23.3,10.5,8.2,4.8,0.8,1.3,3.1,0.508,0.291,0.802,34.4,17.0,0.516,3.6,2.5
Zion Morris,LAL,2012-13,22,20,10,27.5,12.7,3.1,3.7,1.3,0.8,2.3,0.49,0.396,0.78,25.4,15.4,0.612,5.4,1.6
Julius Nelson,ORL,2012-13,22,47,46,38,15.2,2.5,8.4,0.3,0.1,1.1,0.492,0.346,0.669,35.0,21.6,0.521,0.1,3.6
Domantas Murphy,PHI,2012-13,26,36,22,23.7,16.6,4.8,2.0,1.4,0,2.1,0.443,0.401,0.854,30.1,22.4,0.616,2.7,2.0
Nikola Wilson,PHX,2012-13,26,58,32,15.4,12.6,2.5,5.0,0.3,1.2,2.0,0.403,0.379,0.741,17.2,14.6,0.6,-4.6,-0.2
DeAndre Turner,SAC,2012-13,29,66,62,32.0,15.9,5.8,1.7,0.9,1.2,1.8,0.437,0.339,0.887,17.9,15.0,0.647,-1.2,0.9
Chris Wright,MEM,2012-13,24,34,31,27.8,19.2,0.5,2.4,0.6,0.5,2.6,0.398,0.379,0.66,31.5,17.8,0.562,2.5,0.1
James Phillips,DEN,2012-13,26,56,13,25.0,2,5.5,6.2,0.5,1.2,1.9,0.435,0.399,0.847,27.2,11.0,0.495,0.2,2.2
Ja Morris,MEM,2012-13,26,77,65,30.5,14.9,3.7,5.5,1.8,0.6,2.2,0.505,0.285,0.888,32.1,12.5,0.591,-2.1,2.2
Malik Wilson,MIL,2012-13,24,23,6,28.0,22.8,3.6,1.0,0.6,0.7,1.0,0.397,0.405,0.805,32.5,19.6,0.546,2.4,3.2
Malik Collins,CHI,2012-13,24,27,20,24.5,6.0,5.6,9.4,1.3,0.5,0.3,0.495,0.399,0.852,27.1,13.7,0.567,-1.7,3.0
Jordan Phillips,DET,2012-13,22,27,16,38,19.4,5.6,4.0,1.4,0,1.4,0.488,0.379,0.747,29.2,14.7,0.508,5.7,1.1
Damian Martin,OKC,2012-13,22,62,13,30.3,12.2,8.6,4.4,1.2,0.9,1.4,0.536,0.342,0.849,31.1,21.2,0.583,-0.6,3.8
Kyle Taylor,NYK,2012-13,19,24,2,16.8,7.9,0.5,4.3,1.4,0.5,2.6,0.497,0.324,0.848,19.6,11.6,0.631,-6.1,1.9
Malik Johnson,MIL,2012-13,24,21,0,13.1,13.2,3.3,1.8,1.2,0.4,1.2,0.537,0.416,0.739,31.3,14.1,0.522,4.7,5.7
Anthony Campbell,CHA,2012-13,22,46,2,18.1,11.8,3.1,1.5,0.8,0.6,3.0,0.502,0.341,0.897,25.6,10.0,0.483,6.2,0.5
Anthony Anderson,PHX,2012-13,27,23,1,18.3,13.5,11.4,0.7,0.5,1.1,2.5,0.503,0.293,0.736,16.4,19.4,0.616,-1.3,1.5
Joel Green,ORL,2012-13,22,33,19,23.3,21.0,0.9,1.7,0.4,0.5,1.0,0.444,0.393,0.906,20.4,24.7,0.64,4.3,0.9
Cade Roberts,PHX,2012-13,26,24,11,23.9,17.1,5.2,3.1,1.1,0.7,2.2,0.394,0.399,0.723,20.1,18.4,0.625,0.4,3.9
LaMelo Taylor,BOS,2012-13,21,31,7,24.9,20.2,6.0,0.4,0.7,0.8,1.1,0.462,0.351,0.722,31.3,26.5,0.624,0.5,-0.3
Shai Reed,LAL,2012-13,25,71,27,23.2,15.3,3.4,1.8,0.8,0.1,1.3,0.493,0.418,0.677,25.5,14.9,0.565,-3.3,-3.5
Devin Williams,LAC,2012-13,30,25,15,30.5,15.5,1.3,0.3,0.4,0.5,4.9,0.428,0.288,0.807,23.6,9.4,0.561,-5.0,-1.8
James White,HOU,2012-13,29,25,25,27.1,10.4,5.7,1.6,1.0,1.4,0.8,0.437,0.316,0.717,25.9,17.3,0.624,1.8,0.9
Bam Green,ATL,2012-13,28,38,34,26.5,9.8,3.6,7.8,1.0,0.9,1.1,0.418,0.326,0.67,16.6,13.8,0.604,1.2,0.1
Chris Wilson,ATL,2012-13,26,28,2,36.3,16.2,0.9,4.1,0.4,0.9,0.5,0.539,0.335,0.909,27.4,20.1,0.542,3.2,3.0
Donovan Mitchell,LAC,2012-13,28,73,50,18.0,19.7,5.9,7.1,1.0,0,0.6,0.422,0.367,0.663,23.4,17.7,0.558,2.2,1.3
Jayson Taylor,BKN,2012-13,26,80,24,26.7,14.5,7.7,4.1,0.7,0,2.1,0.484,0.401,0.749,22.4,17.6,0.62,-0.6,2.9
Tyler Thompson,TOR,2012-13,21,58,54,15.5,20.5,9.0,3.3,1.1,0.7,2.6,0.437,0.332,0.916,21.1,13.8,0.506,-0.6,0.2
Jayson Williams,NYK,2012-13,21,81,73,25.4,20.7,5.2,3.7,1.0,0.6,2.4,0.493,0.341,0.889,30.6,21.1,0.591,-2.4,-0.8
Marcus Hill,SAC,2012-13,29,21,12,20.2,12.4,3.5,2.9,0.8,0.8,1.6,0.419,0.4,0.692,33.2,14.4,0.58,2.1,3.7
DeAndre Young,ORL,2012-13,23,68,50,18.6,14.7,5.8,7.6,0.3,0.4,2.4,0.461,0.298,0.854,26.6,22.1,0.534,1.9,1.8
Tyrese Green,NOP,2012-13,28,47,9,37.1,9.8,5.4,3.4,0.2,0.7,1.9,0.458,0.382,0.659,19.3,13.9,0.538,-1.2,-0.4
Domantas Nelson,DAL,2012-13,22,78,53,22.0,11.2,7.4,4.8,1.1,0.5,2.5,0.47,0.337,0.719,17.6,5.4,0.55,1.2,-3.7
Andre Brown,MIA,2012-13,26,66,61,24.0,14.8,9.3,4.7,1.2,0,2.8,0.438,0.29,0.84,20.8,5.9,0.643,2.3,-1.0
Jrue Jackson,CHA,2012-13,22,22,17,17.2,17.8,0.8,1.8,1.5,1.0,1.6,0.519,0.316,0.798,17.5,27.0,0.516,3.4,0.7
CJ Nelson,DEN,2012-13,27,76,19,15.7,13.3,2.4,0.5,2.2,0,0.6,0.532,0.417,0.822,21.9,16.3,0.488,4.6,0.8
Jaylen Miller,GSW,2012-13,25,81,44,32.5,10.0,0.8,5.7,0.3,0.7,2.1,0.408,0.385,0.822,17.5,17.8,0.54,-0.9,2.8
Donovan Brown,PHI,2012-13,21,38,1,26.6,16.3,1.6,2.3,0,0.4,2.6,0.51,0.384,0.69,31.5,16.0,0.535,1.4,1.8
Shai Turner,TOR,2012-13,29,69,14,25.6,11.2,4.5,6.0,0.2,1.0,3.0,0.391,0.384,0.75,32.8,15.0,0.489,-3.0,-1.7
Malik Allen,PHI,2012-13,34,51,6,15.7,11.0,0.5,1.8,0.9,0.1,2.6,0.433,0.341,0.685,29.8,15.8,0.497,-0.5,2.7
Domantas Thomas,NOP,2012-13,21,58,50,32.5,9.9,2.8,4.4,1.3,1.3,1.7,0.439,0.345,0.867,17.0,22.3,0.578,0.8,-2.0
Marcus Mitchell,WAS,2012-13,32,66,19,23.2,5.0,0.5,3.7,1.9,0.4,0.7,0.474,0.418,0.783,15.2,20.4,0.484,-1.9,-1.6
Giannis Wilson,SAC,2012-13,25,65,15,31.7,16.1,4.6,3.3,1.1,0.6,3.5,0.381,0.306,0.865,29.6,17.6,0.523,3.3,2.6
Malik Campbell,MIA,2012-13,20,29,10,22.7,18.2,3.7,2.9,1.2,0.2,3.0,0.396,0.406,0.8,33.5,12.2,0.558,1.0,1.6
James Cook,TOR,2012-13,23,47,43,30.5,2.6,5.7,4.0,1.6,1.1,0.7,0.501,0.419,0.834,26.8,15.0,0.618,-2.3,1.6
Kevin Edwards,LAC,2012-13,25,71,15,22.3,10.9,4.4,1.0,1.5,0.9,2.3,0.491,0.352,0.845,16.0,14.9,0.617,-3.0,0.9
Domantas Stewart,HOU,2012-13,36,62,38,31.3,9.1,4.1,3.0,1.1,0.7,3.0,0.392,0.383,0.722,32.2,19.3,0.508,-3.5,4.1
Malik Brown,DET,2012-13,24,23,7,36.7,10.7,2.3,6.1,0.4,0.4,1.5,0.394,0.297,0.919,29.9,4.5,0.518,-1.2,1.6
Tyrese Evans,CLE,2012-13,22,36,4,13.5,6.3,4.2,3.2,0.5,0.3,1.9,0.487,0.303,0.879,21.0,15.1,0.617,-1.0,3.9
Kyle Wright,DAL,2012-13,22,26,20,19.2,11.7,3.5,3.3,0.2,0.9,1.3,0.408,0.357,0.713,17.4,6.0,0.508,-5.5,1.5
Damian Roberts,UTA,2012-13,23,63,46,27.4,7.6,10.2,2.3,0.2,0.3,0.8,0.52,0.298,0.719,27.8,23.2,0.5,-3.3,2.6
Brandon Parker,MIL,2012-13,25,54,44,21.5,14.1,10.0,8.4,0.5,1.4,2.1,0.424,0.374,0.698,34.8,20.1,0.544,0.3,4.9
Jayson Wilson,CLE,2012-13,23,49,33,20.6,7.5,4.0,0.2,0.4,0.7,1.4,0.54,0.313,0.841,29.8,20.8,0.549,-4.2,5.4
DeAndre Wilson,PHX,2012-13,26,31,19,38,7.9,5.4,1.4,0.7,1.1,2.1,0.531,0.365,0.757,26.0,18.0,0.503,-3.3,4.7
Ja Cook,BOS,2012-13,22,30,25,7.8,10.3,3.3,7.1,1.8,0.7,2.9,0.417,0.332,0.844,32.3,10.2,0.556,2.0,-1.0
Damian Baker,CLE,2012-13,22,82,10,37.1,10.2,9.1,1.3,0,1.7,3.7,0.495,0.315,0.889,27.9,15.5,0.549,4.0,0.0
Donovan Baker,TOR,2012-13,25,65,37,15.6,13.2,6.4,4.1,0.2,1.1,1.1,0.41,0.388,0.878,15.6,18.4,0.556,-6.6,0.9
Pascal Baker,PHI,2012-13,24,44,3,38,6.4,9.0,5.1,1.9,1.5,1.7,0.453,0.331,0.863,20.9,13.3,0.535,3.4,0.7
CJ Collins,GSW,2012-13,25,22,4,28.9,19.9,11.5,4.5,0.8,0.6,2.2,0.533,0.297,0.741,23.5,18.2,0.566,-0.6,2.0
Julius Edwards,MIN,2012-13,23,39,39,25.0,7.6,7.0,2.2,1.5,0.2,0.6,0.494,0.292,0.768,24.4,21.3,0.602,-2.4,3.8
Cade Miller,PHI,2012-13,20,47,38,21.0,2,1.7,6.3,1.3,1.2,2.2,0.447,0.294,0.817,27.9,11.0,0.629,-2.3,1.1
Jordan Edwards,BKN,2012-13,30,59,10,28.9,17.2,7.0,5.4,0.7,1.4,1.6,0.408,0.379,0.793,17.0,13.1,0.609,5.1,3.4
CJ King,IND,2012-13,30,54,48,28.4,23.3,4.1,8.2,1.1,0.5,2.2,0.397,0.286,0.67,30.7,10.5,0.636,-4.0,2.6
Nikola Lopez,POR,2012-13,22,34,22,25.3,11.8,0.5,2.5,0.8,0.7,0.9,0.506,0.341,0.816,28.4,15.9,0.606,6.0,3.0
Joel Campbell,DET,2012-13,21,77,46,20.1,9.8,0.5,2.7,0.8,1.0,1.2,0.471,0.366,0.659,21.0,20.8,0.532,2.3,1.1
Domantas Stewart,BOS,2012-13,33,80,30,30.1,18.5,3.3,0.6,1.3,0,1.7,0.527,0.286,0.865,29.5,10.4,0.61,-1.1,1.6
Giannis Cook,POR,2012-13,21,45,44,31.5,10.5,4.3,5.5,0.6,0.4,1.2,0.432,0.416,0.897,27.9,11.4,0.636,-4.0,2.6
Bam Young,NYK,2012-13,28,58,42,26.9,14.6,5.6,2.2,0.4,0.6,1.4,0.492,0.282,0.735,20.7,12.4,0.529,0.6,2.5
DeAndre Roberts,SAC,2012-13,32,52,50,25.3,12.0,8.3,1.9,0.6,0.6,2.5,0.543,0.37,0.674,21.4,11.1,0.533,-1.8,1.4
Damian Brown,POR,2012-13,22,80,18,30.2,15.8,3.7,4.0,1.2,0.8,1.7,0.48,0.352,0.918,20.9,11.8,0.485,-1.3,3.1
Tyrese Murphy,PHI,2012-13,24,60,26,32.8,14.2,5.8,1.5,1.2,2.0,3.0,0.512,0.348,0.82,32.5,15.2,0.563,-1.2,3.8
Cade Mitchell,DET,2012-13,29,32,21,25.7,16.3,3.9,4.4,0.5,0.4,1.5,0.437,0.405,0.917,30.7,7.3,0.576,2.9,3.4
Tyrese Thompson,DAL,2012-13,25,73,18,28.2,22.8,2.6,3.5,1.5,1.2,2.8,0.525,0.338,0.797,20.1,15.1,0.634,0.9,0.5
Luka Campbell,MIL,2012-13,27,42,37,38,10.9,4.0,6.1,1.3,0.7,1.7,0.473,0.289,0.681,19.2,21.4,0.573,4.1,6.5
DeAndre Green,SAS,2012-13,26,43,42,37.5,17.9,8.0,3.2,1.0,0,1.0,0.446,0.415,0.693,25.6,3.0,0.633,-3.1,1.3
Malik Evans,GSW,2012-13,22,61,45,25.4,16.9,4.3,5.5,2.3,1.1,2.7,0.416,0.405,0.729,22.4,17.3,0.556,2.3,4.5
Damian Cook,DET,2012-13,26,60,41,18.9,21.7,1.0,0.9,0.8,0.4,1.6,0.491,0.31,0.76,23.8,14.8,0.599,-1.8,-0.9
Bam Reed,ATL,2012-13,25,50,48,22.9,20.5,4.8,7.3,1.0,0.7,2.5,0.515,0.392,0.768,16.7,3.8,0.487,1.2,2.1
Tyrese Williams,DET,2012-13,23,37,35,23.2,18.5,4.2,5.3,0.7,0.7,0.8,0.417,0.299,0.779,27.5,15.1,0.581,1.5,-1.4
DeMar Miller,HOU,2012-13,32,46,45,25.3,15.5,8.1,5.4,0.5,0.6,1.8,0.482,0.398,0.88,20.7,-0.0,0.551,-5.4,1.1
Fred Davis,DEN,2012-13,32,37,16,28.8,13.6,9.0,6.4,0.8,1.2,2.8,0.417,0.391,0.836,28.9,24.6,0.517,0.7,2.0
Zion Phillips,OKC,2012-13,24,62,41,17.1,17.8,2.1,2.8,0.7,0.3,1.8,0.461,0.299,0.689,33.2,15.1,0.556,3.2,1.1
DeAndre Reed,NOP,2012-13,33,72,68,25.3,16.2,7.6,0.3,0.9,0.5,2.1,0.43,0.294,0.667,29.1,17.4,0.528,-3.2,4.4
Trae Morris,DAL,2012-13,25,70,40,20.3,10.1,0.5,5.5,0,0,2.6,0.488,0.342,0.824,15.1,3.1,0.533,-0.6,5.3
Pascal Thompson,IND,2012-13,21,77,27,38,9.6,1.9,0.9,0.7,0.5,0.3,0.453,0.334,0.792,19.1,10.6,0.607,1.5,-1.9
Joel Thomas,DEN,2012-13,27,34,13,25.2,3.5,1.1,2.9,1.5,0.4,1.5,0.525,0.293,0.794,18.6,20.0,0.515,-0.4,2.3
Julius Young,SAS,2012-13,26,62,32,34.4,8.0,4.5,0.2,0.3,2.2,1.4,0.485,0.306,0.87,34.1,18.5,0.521,-1.8,0.7
Chris Stewart,MIA,2012-13,20,32,4,25.8,2.8,5.6,3.6,1.1,0.6,1.8,0.53,0.378,0.698,29.3,19.6,0.515,-1.7,1.8
Giannis Young,CLE,2012-13,28,61,17,36.8,11.2,2.9,2.1,1.0,0,2.0,0.493,0.34,0.678,22.0,21.7,0.562,-1.9,-0.2
Khris Martin,ATL,2012-13,22,60,57,24.6,10.3,1.3,0.7,0.1,1.8,0.9,0.428,0.374,0.796,34.3,22.7,0.526,3.5,4.0
Domantas Parker,GSW,2012-13,19,43,31,23.8,20.5,8.0,0.9,0.6,0.3,1.4,0.471,0.284,0.657,15.2,21.6,0.622,0.2,5.6
Jalen Baker,DEN,2012-13,26,49,34,24.2,15.2,4.9,3.2,0.8,0.1,0.3,0.493,0.416,0.811,18.9,15.5,0.522,0.8,1.0
Jaylen Williams,MIA,2012-13,26,27,23,37.2,10.4,0.8,0.2,1.3,0,3.2,0.475,0.384,0.9,18.6,24.4,0.534,1.3,0.5
LaMelo Thompson,MIA,2012-13,24,68,12,7.7,13.6,6.5,2.9,1.9,0.4,0.3,0.411,0.294,0.797,24.6,13.6,0.59,2.0,2.9
Ja Jackson,CHA,2012-13,30,39,22,34.4,9.9,3.9,0.9,0.6,1.2,1.7,0.417,0.31,0.765,20.6,19.4,0.496,-0.2,-2.0
Fred Wright,POR,2012-13,35,20,2,20.6,12.8,5.8,8.6,0.6,0.8,0.4,0.431,0.385,0.725,34.9,16.8,0.593,2.5,0.3
Pascal Allen,MIL,2012-13,24,30,9,21.4,12.9,3.7,5.6,0.5,0.9,2.5,0.425,0.336,0.89,28.6,11.0,0.63,-1.2,-0.7
Kevin Brown,SAS,2012-13,32,32,21,10.2,17.1,6.3,0.2,0.3,1.2,1.6,0.434,0.372,0.826,22.1,17.1,0.574,-3.3,1.1
Jalen Murphy,NYK,2012-13,30,48,18,24.6,22.6,6.4,1.6,2.0,0,1.1,0.415,0.355,0.875,32.8,13.3,0.482,0.8,1.0
Trae Miller,DET,2012-13,23,25,25,28.3,14.4,3.7,0.2,1.4,0.4,2.9,0.469,0.389,0.9,34.2,20.2,0.572,-4.7,2.5
Kevin Johnson,ORL,2012-13,24,59,35,19.0,6.1,1.7,4.5,1.4,0,0.3,0.534,0.34,0.837,30.6,17.2,0.589,-4.4,0.5
CJ Evans,MIN,2012-13,22,52,6,22.5,16.1,5.7,2.1,1.3,1.0,1.8,0.41,0.298,0.856,22.3,8.3,0.527,4.2,1.3
Devin Mitchell,ATL,2012-13,26,75,14,19.5,3.5,9.2,1.0,1.1,0,2.8,0.543,0.389,0.711,21.6,16.7,0.521,3.0,3.2
Tyrese Johnson,MEM,2012-13,21,55,36,23.4,14.3,2.3,1.3,1.7,0.5,2.5,0.528,0.317,0.782,19.1,20.5,0.602,-1.5,-1.1
Donovan Green,CHA,2012-13,22,53,3,12.6,14.7,2.2,6.7,1.5,0.4,1.2,0.402,0.306,0.915,31.7,6.8,0.612,-2.8,2.1
Kyle Campbell,POR,2012-13,25,35,0,38,4.9,6.5,0.3,1.3,0,4.2,0.433,0.329,0.651,33.5,12.6,0.554,-2.3,-0.1
Julius Moore,DET,2012-13,24,46,9,24.8,14.0,6.3,2.0,0.8,0.7,4.1,0.54,0.305,0.916,21.7,22.4,0.48,-1.1,2.1
Ja Lopez,CLE,2012-13,26,62,9,29.9,23.8,6.0,5.1,1.9,0.1,3.5,0.433,0.295,0.915,31.0,8.8,0.562,2.1,-0.8
Ja Campbell,POR,2012-13,33,54,8,19.5,4.9,3.1,4.9,0.8,1.8,2.2,0.393,0.349,0.687,28.0,12.3,0.602,-3.2,1.0
Andre Baker,PHI,2012-13,25,52,1,38,11.4,7.2,6.7,0.7,1.4,2.4,0.491,0.339,0.726,34.6,19.7,0.648,-2.0,-0.2
Nikola Murphy,POR,2012-13,33,55,52,30.5,17.4,3.4,0.2,1.5,1.1,3.8,0.408,0.372,0.704,16.5,16.2,0.535,-7.1,0.7
Domantas Nelson,MIA,2012-13,20,52,27,37.6,17.8,5.6,5.4,1.1,0.4,2.5,0.48,0.318,0.755,28.0,9.0,0.59,0.5,0.7
Shai Anderson,MIN,2012-13,31,82,65,22.6,13.5,13.0,0.2,1.5,0.7,0.3,0.423,0.327,0.722,26.9,19.4,0.618,-2.7,-0.3
Domantas Parker,POR,2012-13,23,23,19,33.3,15.2,4.6,4.1,0.8,0,0.3,0.406,0.295,0.665,25.0,11.4,0.611,4.8,4.2
Devin Collins,NYK,2012-13,25,81,49,5,13.7,5.4,2.2,1.0,1.4,0.6,0.432,0.322,0.744,32.6,8.0,0.558,-1.6,1.9
Luka Adams,SAC,2012-13,34,20,18,16.6,8.2,2.8,3.6,1.4,1.0,1.1,0.392,0.376,0.823,30.1,13.8,0.557,1.5,2.3
Cade Wright,MIN,2012-13,24,34,21,34.0,18.3,7.7,4.5,1.4,1.9,1.9,0.404,0.346,0.712,18.8,20.4,0.602,2.4,1.0
Nikola Parker,CLE,2012-13,31,36,20,16.0,19.6,7.3,4.8,1.0,1.4,2.5,0.412,0.411,0.797,17.9,24.6,0.567,-2.2,2.5
Anthony Wilson,CLE,2012-13,22,46,5,29.0,29.9,5.8,3.6,0.2,0.6,3.7,0.408,0.405,0.827,20.7,15.8,0.521,6.1,4.4
Brandon King,ORL,2012-13,25,51,33,31.6,17.5,6.5,4.3,1.1,0.9,1.8,0.405,0.306,0.778,30.7,8.5,0.562,2.6,2.6
Darius Davis,DEN,2012-13,22,54,29,33.1,14.0,4.1,3.3,0.6,0.6,1.2,0.545,0.408,0.91,29.7,15.0,0.633,0.0,1.1
LaMelo Taylor,MEM,2012-13,20,35,29,21.5,14.4,6.0,0.8,0.7,0.9,1.4,0.527,0.419,0.716,23.4,23.6,0.586,2.2,2.8
Tyrese Anderson,SAC,2012-13,24,73,45,38,22.2,6.7,0.2,1.0,0.9,2.8,0.459,0.404,0.711,25.2,16.1,0.561,1.3,2.5
Khris Evans,MIL,2012-13,30,20,11,12.8,7.8,1.2,6.6,0.2,0.3,3.2,0.481,0.404,0.747,33.5,11.8,0.57,0.0,0.8
Zion Parker,TOR,2012-13,22,41,41,14.5,2,6.7,2.5,1.9,0.3,2.8,0.389,0.36,0.714,30.6,20.8,0.587,2.7,1.7
Giannis Morris,IND,2012-13,23,74,15,27.0,12.2,10.0,4.4,1.3,1.1,2.4,0.395,0.288,0.691,30.0,15.7,0.618,3.8,4.2
Domantas Mitchell,DET,2012-13,22,21,17,15.9,31.2,2.2,4.3,0.3,0.2,2.1,0.52,0.359,0.819,25.5,14.4,0.523,-0.5,2.9
Fred Cook,BOS,2012-13,30,22,14,38,12.3,8.8,1.6,1.6,0.4,3.6,0.425,0.413,0.675,19.6,10.3,0.65,-0.5,2.2
DeAndre Collins,DEN,2013-14,32,28,4,34.3,14.9,8.9,8.1,0,0.4,3.4,0.527,0.323,0.84,26.0,11.4,0.611,-0.0,4.6
Fred Mitchell,ATL,2013-14,29,30,7,29.7,6.0,6.0,3.4,0.3,1.7,4.4,0.476,0.288,0.811,29.6,10.7,0.547,-3.2,0.2
Darius Roberts,PHX,2013-14,27,50,34,22.8,10.7,6.5,4.4,2.0,0,3.5,0.526,0.345,0.795,21.0,17.5,0.564,-0.0,1.4
DeAndre Wilson,WAS,2013-14,22,57,47,35.3,7.6,6.6,3.2,0,1.2,2.4,0.532,0.325,0.658,17.6,11.1,0.522,-4.1,-2.7
Kevin Stewart,WAS,2013-14,26,71,7,29.9,13.1,7.8,0.2,0.8,0.3,0.3,0.505,0.38,0.764,26.7,11.8,0.645,-3.5,2.1
DeAndre Nelson,CHI,2013-14,29,81,9,26.3,18.1,7.0,2.9,1.1,0,3.4,0.507,0.345,0.721,33.1,11.5,0.519,2.8,0.9
Devin Stewart,DAL,2013-14,27,61,46,28.4,11.3,4.6,6.0,1.0,0.5,0.5,0.454,0.363,0.9,24.3,21.3,0.56,1.0,2.6
Jalen Parker,WAS,2013-14,24,69,57,28.1,8.9,8.2,3.6,1.6,0.8,1.6,0.448,0.318,0.719,18.8,1.3,0.634,3.1,3.9
Jayson Jackson,DEN,2013-14,21,45,30,33.9,22.9,12.3,0.9,0.6,1.2,1.7,0.493,0.403,0.765,19.9,13.6,0.484,-3.4,-1.1
James Reed,MIA,2013-14,27,80,28,22.6,16.1,8.4,0.4,1.4,0.2,0.5,0.481,0.392,0.712,15.0,26.5,0.572,2.5,-0.6
CJ Jackson,ATL,2013-14,28,57,19,37.0,21.0,2.0,5.1,0.5,0,2.2,0.472,0.401,0.653,19.2,9.0,0.555,-0.2,2.9
Domantas Young,HOU,2013-14,29,26,9,11.9,9.7,6.8,2.0,1.3,0.1,1.1,0.427,0.41,0.712,34.3,16.8,0.634,3.3,-1.6
Zach Morris,DAL,2013-14,22,29,13,18.6,13.1,0.5,3.9,0.5,0.1,1.8,0.39,0.305,0.667,15.4,22.6,0.621,2.9,6.0
Kyle Moore,UTA,2013-14,32,39,26,27.8,18.7,3.3,5.1,1.8,1.0,1.0,0.416,0.356,0.769,18.0,8.1,0.617,-1.0,1.1
Jayson White,MEM,2013-14,27,26,16,18.8,25.5,10.0,2.7,1.6,1.6,3.0,0.465,0.282,0.71,21.0,21.7,0.547,-2.7,1.5
Darius Mitchell,SAC,2013-14,20,63,11,14.4,2.5,2.4,0.2,0.3,0.8,1.7,0.521,0.387,0.741,22.6,15.7,0.618,0.5,3.1
Cade Young,MEM,2013-14,29,26,10,25.6,18.9,2.2,0.9,0.1,1.1,2.2,0.445,0.307,0.875,21.2,16.3,0.538,6.6,3.8
Ja Miller,CHI,2013-14,27,72,47,28.1,18.0,7.9,6.0,0.7,1.4,0.5,0.399,0.319,0.702,27.1,17.3,0.605,1.6,-1.3
Jaylen King,SAS,2013-14,28,41,6,30.7,10.3,0.5,2.4,1.1,0.3,0.5,0.421,0.381,0.666,27.5,14.6,0.636,0.1,-0.3
Luka Evans,DET,2013-14,19,44,32,25.7,19.9,3.0,2.3,1.2,0,5.0,0.49,0.284,0.831,20.1,21.1,0.485,8.2,2.5
Zion Moore,CLE,2013-14,26,80,3,27.3,26.5,4.6,0.2,0.5,0,2.4,0.543,0.392,0.774,15.5,20.1,0.499,-1.3,-0.7
DeAndre Nelson,CLE,2013-14,33,77,24,23.4,20.0,6.7,5.4,0,0.2,3.2,0.538,0.414,0.737,20.4,21.7,0.55,0.8,2.5
Kyle Carter,MIL,2013-14,27,21,16,13.4,3.5,4.8,4.6,2.3,0,2.6,0.395,0.385,0.782,16.1,27.9,0.591,-2.4,0.9
Ja Evans,POR,2013-14,22,74,68,25.3,5.3,2.4,2.4,1.4,0.1,2.4,0.411,0.375,0.902,17.3,14.9,0.536,-3.3,5.4
Ja Hill,POR,2013-14,24,67,61,27.9,10.3,1.2,0.2,0.6,0.1,0.4,0.513,0.367,0.707,23.0,19.6,0.594,5.6,2.2
Kyle Allen,LAC,2013-14,36,72,62,38,14.4,8.2,8.9,0.4,0.1,2.2,0.426,0.289,0.661,34.8,14.2,0.56,-2.2,-1.3
Kyle Baker,HOU,2013-14,21,69,44,35.0,16.3,6.8,3.0,1.3,0.4,1.2,0.534,0.417,0.863,19.7,8.9,0.584,2.0,3.0
Tyrese Wright,IND,2013-14,28,73,66,16.6,9.2,6.6,5.4,1.4,1.1,1.4,0.405,0.309,0.739,23.1,9.2,0.519,1.3,1.7
Cade Phillips,OKC,2013-14,23,65,20,22.4,15.9,4.3,2.7,1.3,1.1,2.6,0.388,0.281,0.907,16.0,7.8,0.548,1.6,1.7
Darius Wilson,UTA,2013-14,28,38,36,19.9,5.2,3.4,0.2,1.5,1.4,1.8,0.45,0.368,0.771,25.3,9.3,0.483,-2.4,1.9
Zion Lopez,DEN,2013-14,29,70,46,23.0,13.7,9.0,6.9,1.3,0.4,1.4,0.463,0.362,0.883,33.7,12.3,0.482,0.1,2.5
Jayson Stewart,DEN,2013-14,22,25,10,15.3,12.0,4.0,0.2,0,1.1,3.2,0.473,0.374,0.762,18.1,15.3,0.569,0.6,1.1
Jaylen Martin,MIL,2013-14,33,77,5,28.7,11.5,10.7,0.2,1.4,0.3,1.6,0.403,0.381,0.877,24.9,14.9,0.486,-1.0,0.4
Marcus Morris,CLE,2013-14,24,61,33,11.1,6.1,3.5,4.1,0.9,0.5,1.7,0.443,0.317,0.807,29.7,12.7,0.543,0.8,0.8
Nikola Jackson,ATL,2013-14,20,71,67,25.3,6.1,0.5,6.0,0.4,1.3,1.9,0.479,0.333,0.694,34.0,21.6,0.569,-3.4,1.3
Jalen Phillips,DET,2013-14,25,33,21,16.8,8.8,8.1,5.8,0.3,0.3,2.9,0.543,0.371,0.684,33.5,12.9,0.622,0.5,1.0
Luka Wilson,HOU,2013-14,19,53,10,28.7,23.4,5.5,6.6,0.3,0.6,1.3,0.399,0.308,0.789,28.9,26.3,0.59,-3.2,2.4
Jordan Morris,BKN,2013-14,30,44,7,31.8,13.5,0.5,2.7,1.8,0.5,3.2,0.389,0.299,0.774,29.4,20.8,0.648,-4.2,5.0
DeMar Williams,MIL,2013-14,26,28,9,15.0,14.8,6.2,2.4,1.0,0.6,1.4,0.405,0.364,0.824,34.5,19.1,0.524,1.8,2.4
DeAndre Roberts,TOR,2013-14,23,49,21,31.8,19.8,1.4,4.4,0.9,0.4,0.8,0.534,0.339,0.857,32.4,9.6,0.508,-0.2,-1.4
Cade White,POR,2013-14,22,29,7,20.6,14.3,5.8,3.3,1.2,0.1,2.3,0.545,0.32,0.793,17.4,8.9,0.645,0.2,2.7
Kyle Wilson,PHI,2013-14,29,71,4,33.3,10.3,9.0,2.1,0.5,0.3,1.7,0.541,0.29,0.848,27.1,15.8,0.534,4.3,0.8
Julius Parker,SAC,2013-14,23,22,9,33.3,15.5,10.6,6.3,0.5,0,1.9,0.488,0.405,0.832,23.0,15.8,0.554,-3.6,4.0
Nikola Young,PHI,2013-14,27,21,13,23.0,15.8,4.1,1.4,0.8,0.1,0.6,0.548,0.31,0.786,17.7,14.8,0.648,0.8,4.0
Devin Lopez,CLE,2013-14,27,31,15,25.7,11.0,6.1,1.2,1.0,0.6,2.7,0.515,0.287,0.727,29.1,16.6,0.582,-0.9,2.1
Kyle Wright,PHI,2013-14,29,43,12,33.3,19.3,1.6,5.7,0.5,0.4,2.4,0.535,0.311,0.71,26.1,13.5,0.534,-0.6,-2.4
Julius Turner,SAC,2013-14,27,78,45,28.9,12.1,2.1,2.5,1.1,1.0,3.0,0.471,0.342,0.751,24.1,19.5,0.545,-1.6,2.8
Jordan Miller,BOS,2013-14,23,25,24,20.1,17.7,5.0,4.7,1.5,1.0,2.4,0.394,0.42,0.917,20.8,15.1,0.6,-1.0,5.2
Chris Thomas,OKC,2013-14,30,23,9,23.6,12.1,7.2,2.7,1.1,1.0,1.7,0.515,0.395,0.879,22.1,12.5,0.603,3.4,2.5
Darius Johnson,WAS,2013-14,23,39,5,21.0,19.2,4.3,0.2,1.2,0.3,0.7,0.545,0.402,0.729,30.5,16.1,0.626,6.1,0.6
Tyler Thompson,DAL,2013-14,28,39,11,28.9,9.9,2.5,5.1,0.8,1.8,2.2,0.518,0.286,0.714,21.4,16.1,0.513,-2.1,2.9
Tyrese Carter,MIA,2013-14,28,47,33,23.9,11.9,4.6,3.2,0.6,1.6,0.7,0.521,0.284,0.764,34.2,22.3,0.613,0.5,0.8
Kevin Reed,DAL,2013-14,34,68,64,17.2,10.7,7.5,3.1,0.5,0.5,2.4,0.48,0.373,0.89,22.1,14.7,0.497,-2.5,3.7
Jayson Parker,DET,2013-14,33,22,22,30.4,18.7,4.1,2.2,0,0.7,2.2,0.433,0.363,0.736,33.7,5.0,0.512,2.0,-3.9
Cade Moore,SAS,2013-14,29,21,4,18.2,16.1,4.3,2.2,0.9,0.6,3.4,0.39,0.316,0.85,24.6,15.6,0.559,4.0,2.2
Luka Hill,BOS,2013-14,32,77,22,30.8,26.5,7.3,1.9,1.9,0.8,1.7,0.419,0.305,0.778,22.0,14.2,0.579,-1.9,4.8
Fred Phillips,BOS,2013-14,22,24,0,13.6,9.7,3.1,4.7,0.1,0.5,1.0,0.424,0.392,0.767,17.1,15.8,0.541,0.3,3.8
CJ Anderson,ATL,2013-14,28,47,12,16.7,13.2,3.7,9.8,2.2,0.6,3.0,0.415,0.302,0.72,29.4,15.6,0.558,-0.8,2.6
Joel Campbell,SAC,2013-14,20,58,41,34.0,7.1,7.7,2.2,2.1,0.4,1.5,0.52,0.347,0.772,33.2,15.0,0.578,1.5,2.4
Julius Adams,MIN,2013-14,25,40,0,28.1,3.7,7.5,8.5,0.2,1.5,2.9,0.412,0.294,0.653,32.7,8.4,0.513,4.5,-0.1
Zion Morris,BOS,2013-14,24,72,47,24.1,16.2,5.9,3.0,1.0,0.8,2.2,0.467,0.397,0.784,17.4,25.5,0.569,4.7,0.9
Julius Nelson,POR,2013-14,22,67,37,6.9,15.2,3.0,4.6,0.3,1.1,3.2,0.475,0.304,0.844,23.9,24.3,0.494,3.3,-2.3
Domantas Murphy,MIL,2013-14,24,69,42,12.0,18.0,0.5,6.3,1.1,0.4,2.8,0.442,0.41,0.911,33.1,11.8,0.535,1.9,-1.7
Nikola Wilson,TOR,2013-14,24,74,47,33.4,13.7,3.3,3.6,0.4,0.9,2.2,0.435,0.365,0.887,33.8,16.2,0.605,-5.9,4.9
DeAndre Turner,OKC,2013-14,30,81,58,19.0,16.6,0.9,3.7,1.0,0.5,2.8,0.418,0.385,0.867,21.8,10.8,0.619,0.0,5.0
Chris Wright,DEN,2013-14,25,59,28,28.5,5.6,9.4,0.2,1.0,0.8,2.5,0.535,0.296,0.657,23.3,23.7,0.646,-1.8,1.7
James Phillips,DAL,2013-14,27,34,31,21.5,23.2,5.9,6.7,1.9,0.7,0.5,0.523,0.365,0.853,20.7,8.3,0.557,7.1,1.1
Kyle Nelson,PHX,2013-14,21,79,45,17.7,10.7,3.0,0.2,0.9,0.4,2.1,0.452,0.319,0.852,24.6,20.2,0.541,0.5,2.2
Ja Morris,DEN,2013-14,27,60,16,23.1,9.1,2.5,3.4,0.9,0,0.3,0.413,0.334,0.777,25.0,19.4,0.581,-1.2,-0.2
Malik Wilson,DAL,2013-14,25,76,36,24.1,11.9,7.8,6.3,1.0,0,0.3,0.386,0.289,0.916,32.1,27.4,0.494,3.6,-2.0
Malik Collins,DET,2013-14,23,29,12,25.7,10.1,11.1,3.0,1.0,1.3,3.2,0.444,0.365,0.775,25.5,12.3,0.61,-2.2,3.2
Jordan Phillips,SAS,2013-14,23,70,42,33.1,7.3,5.2,2.4,0.6,0,1.8,0.528,0.348,0.918,21.8,18.2,0.587,1.1,0.3
Joel Moore,BKN,2013-14,22,68,15,31.5,7.9,8.3,4.7,0,0.2,2.9,0.412,0.379,0.693,27.4,16.9,0.484,-1.0,2.9
Damian Martin,ATL,2013-14,23,64,8,19.9,6.8,1.0,4.8,0.4,0.4,1.8,0.505,0.395,0.727,30.4,15.5,0.598,-6.6,3.8
Kyle Taylor,POR,2013-14,22,27,16,29.5,12.5,8.9,5.9,1.5,1.5,3.1,0.48,0.382,0.674,31.1,8.8,0.523,3.3,0.4
Malik Johnson,POR,2013-14,23,59,15,30.0,4.0,2.9,5.4,0.8,1.0,3.3,0.491,0.395,0.874,22.0,11.9,0.542,-5.9,-3.5
Anthony Campbell,CHI,2013-14,23,64,45,26.0,11.0,2.5,3.1,1.5,0,2.2,0.423,0.289,0.913,22.1,14.2,0.487,-3.1,0.1
Marcus Davis,LAC,2013-14,21,73,40,12.0,26.7,0.5,1.9,0.6,0,1.6,0.526,0.413,0.863,20.6,18.0,0.602,-4.6,6.8
Anthony Anderson,MIA,2013-14,26,53,31,10.5,13.6,2.3,7.0,1.9,1.3,1.8,0.505,0.416,0.871,31.8,14.0,0.602,-1.6,1.0
Joel Green,POR,2013-14,22,74,13,27.1,2,5.1,4.6,1.1,0.6,2.0,0.385,0.291,0.697,26.7,8.1,0.618,-6.0,2.4
Cade Roberts,MIA,2013-14,26,36,20,35.8,19.1,7.1,5.3,1.0,1.2,1.5,0.449,0.297,0.834,23.0,15.2,0.502,-8.0,0.6
LaMelo Taylor,SAC,2013-14,21,49,29,25.3,20.1,3.2,5.8,0.5,0,1.9,0.49,0.281,0.728,20.3,18.4,0.563,-1.9,-0.3
Shai Reed,HOU,2013-14,28,29,21,23.0,8.2,2.8,6.3,1.2,1.6,1.5,0.468,0.307,0.805,22.7,15.0,0.628,2.5,-3.7
Devin Williams,CHA,2013-14,31,69,53,20.0,19.3,4.6,2.9,0.2,0,1.1,0.485,0.321,0.813,28.6,15.8,0.649,4.5,2.3
James White,SAC,2013-14,31,23,7,29.9,5.9,5.9,4.6,1.0,1.9,2.0,0.483,0.367,0.807,32.9,10.6,0.536,-3.0,3.1
Bam Green,DEN,2013-14,30,22,11,30.8,10.8,3.2,3.8,1.4,0.9,1.6,0.426,0.381,0.706,32.0,20.5,0.635,-0.2,1.6
Chris Wilson,UTA,2013-14,27,58,21,19.1,9.7,5.6,7.5,1.2,1.2,0.6,0.52,0.39,0.763,24.0,16.5,0.599,-2.0,2.4
Donovan Mitchell,BKN,2013-14,28,38,37,6.7,19.9,0.5,2.1,0.4,0.2,1.2,0.507,0.357,0.828,32.8,14.7,0.489,-0.1,0.8
Jayson Taylor,DET,2013-14,25,33,18,30.7,19.1,1.4,0.6,0.7,1.3,1.9,0.403,0.289,0.69,24.8,17.5,0.592,-6.4,1.7
Tyler Thompson,SAC,2013-14,25,46,33,32.5,10.3,5.2,0.2,0.7,0.7,2.6,0.504,0.414,0.684,23.0,16.9,0.602,1.1,0.9
Jayson Williams,UTA,2013-14,22,63,27,31.9,25.5,3.5,4.8,1.4,0.1,2.9,0.402,0.368,0.696,33.1,14.9,0.513,-4.7,-0.7
Marcus Hill,MIN,2013-14,31,35,23,34.3,20.8,1.6,7.9,1.9,0.5,1.9,0.526,0.325,0.653,29.5,15.4,0.511,2.4,-0.9
DeAndre Young,CHI,2013-14,23,59,31,33.0,2,8.2,0.2,1.0,0.5,1.6,0.477,0.328,0.702,18.0,15.4,0.498,-3.3,3.0
Tyrese Green,NOP,2013-14,30,64,32,27.7,2,4.7,4.1,1.3,0.1,1.9,0.393,0.295,0.759,23.6,16.6,0.64,0.2,2.8
Domantas Nelson,CHA,2013-14,23,72,45,18.8,12.9,7.2,2.4,1.0,0.2,3.1,0.459,0.3,0.746,15.2,19.8,0.583,-2.4,4.5
Andre Brown,PHI,2013-14,28,74,65,38,13.4,1.9,0.2,1.0,0,1.7,0.538,0.304,0.906,19.6,14.2,0.569,-7.6,2.2
Jrue Jackson,MEM,2013-14,25,32,6,17.0,20.0,3.6,3.7,0.6,0.9,1.6,0.416,0.332,0.756,15.1,10.3,0.547,2.6,-1.4
CJ Nelson,MIA,2013-14,27,26,18,27.9,15.5,8.6,3.5,1.6,0.3,2.0,0.387,0.368,0.734,29.0,19.1,0.508,-0.4,0.9
Donovan Brown,IND,2013-14,24,36,23,31.5,16.0,5.6,5.1,1.0,0,2.1,0.502,0.361,0.662,17.5,16.6,0.491,-0.8,2.0
Shai Turner,DAL,2013-14,27,51,3,26.4,7.8,5.8,3.3,1.1,0.8,1.2,0.541,0.352,0.777,17.0,16.7,0.637,-4.1,1.4
Malik Allen,DEN,2013-14,35,79,4,19.6,18.2,3.6,3.1,1.0,1.1,1.1,0.437,0.402,0.899,32.5,9.8,0.604,0.2,3.9
Domantas Thomas,WAS,2013-14,21,74,42,21.2,8.0,5.8,1.0,0.6,0.3,2.2,0.383,0.415,0.651,16.9,12.6,0.592,0.6,3.0
Marcus Mitchell,NOP,2013-14,33,29,2,14.3,2.6,7.6,5.1,1.7,0.4,2.8,0.407,0.366,0.653,20.4,22.7,0.493,1.8,-2.1
Giannis Wilson,PHX,2013-14,24,42,1,25.7,15.1,8.1,5.0,0.8,1.4,0.5,0.509,0.417,0.651,32.4,8.6,0.506,2.8,1.6
Malik Campbell,ATL,2013-14,22,69,16,13.3,20.0,4.8,1.3,1.5,1.9,2.3,0.516,0.38,0.83,20.7,8.7,0.494,1.3,0.3
James Cook,OKC,2013-14,23,46,17,31.0,17.4,3.3,6.2,1.4,1.0,4.4,0.525,0.412,0.743,15.9,15.3,0.59,-1.3,-1.7
Kevin Edwards,MIA,2013-14,23,23,6,12.0,14.0,8.8,4.0,0.5,0,2.0,0.514,0.387,0.886,23.9,17.8,0.59,6.1,1.9
Malik Brown,BKN,2013-14,25,52,38,21.7,13.6,8.5,2.4,0.6,0.8,3.2,0.412,0.382,0.664,22.0,8.9,0.562,-1.4,-1.7
Tyrese Evans,PHX,2013-14,24,46,26,38,18.3,4.0,3.3,1.2,0.9,1.4,0.462,0.314,0.684,31.6,20.9,0.531,2.3,3.7
Damian Roberts,HOU,2013-14,23,56,56,22.1,9.9,3.9,1.1,0.7,0.5,0.7,0.501,0.309,0.727,32.1,20.2,0.622,2.7,1.8
Brandon Parker,NYK,2013-14,23,70,62,21.5,20.0,0.5,3.8,1.8,0.7,3.9,0.451,0.302,0.748,25.9,15.3,0.506,2.7,4.2
Jayson Wilson,DEN,2013-14,21,48,32,11.9,18.3,0.5,3.2,0.4,1.4,2.4,0.399,0.332,0.654,33.1,16.9,0.542,1.6,0.4
DeAndre Wilson,DEN,2013-14,24,79,46,6.2,12.8,6.5,0.2,1.5,0.7,1.9,0.444,0.419,0.753,32.8,10.1,0.629,-1.0,2.9
Ja Cook,CHA,2013-14,23,21,8,24.1,7.3,4.6,4.0,0.8,0,1.5,0.441,0.361,0.784,26.3,17.0,0.616,-2.6,-0.9
Damian Baker,LAL,2013-14,24,49,49,33.9,16.0,0.5,5.3,0.6,0.3,1.9,0.428,0.296,0.683,32.8,6.6,0.622,-0.9,0.8
Donovan Baker,SAC,2013-14,24,78,8,19.2,2,11.3,2.2,0.4,1.4,3.3,0.481,0.378,0.793,18.8,19.1,0.637,0.3,4.7
Pascal Baker,MIL,2013-14,25,23,8,25.0,4.9,5.9,2.9,0,0,2.6,0.456,0.297,0.867,16.4,12.1,0.631,-3.5,0.9
Marcus White,MIA,2013-14,21,68,38,21.5,21.0,8.0,2.3,1.1,0.4,2.0,0.549,0.374,0.711,15.3,20.7,0.494,3.9,-0.5
CJ Collins,MIL,2013-14,26,27,23,10.9,5.6,2.1,10.4,1.6,0.2,1.3,0.425,0.384,0.672,32.8,6.9,0.566,-0.7,2.1
Julius Edwards,POR,2013-14,23,67,61,27.4,25.2,3.8,3.7,1.2,0.8,2.9,0.521,0.37,0.844,32.3,17.3,0.608,-6.5,1.9
Cade Miller,WAS,2013-14,22,73,40,12.3,2.1,7.2,3.3,0.8,0.3,1.9,0.39,0.339,0.887,24.8,15.2,0.636,-3.5,-1.8
Jordan Edwards,PHX,2013-14,33,80,70,27.6,8.0,5.1,1.8,0.8,1.0,0.9,0.465,0.417,0.709,24.8,10.3,0.569,5.5,2.5
CJ King,DET,2013-14,30,26,17,37.5,11.8,6.8,3.7,1.1,0.9,1.6,0.423,0.31,0.718,25.3,11.7,0.626,0.1,0.1
Nikola Lopez,MIL,2013-14,23,40,29,35.5,10.4,7.5,4.7,0.9,0.2,0.3,0.546,0.311,0.766,27.3,26.3,0.611,-2.8,2.1
Joel Campbell,MIA,2013-14,21,75,23,34.6,10.7,6.5,6.8,1.3,0.6,0.3,0.417,0.284,0.811,32.1,20.4,0.494,3.2,1.9
Domantas Stewart,CHI,2013-14,34,58,40,35.0,9.5,3.9,1.6,1.1,0.1,1.5,0.51,0.368,0.724,25.7,17.0,0.586,1.6,2.4
Giannis Cook,BKN,2013-14,23,36,14,23.7,17.7,0.5,0.4,1.0,0,0.4,0.39,0.36,0.909,26.9,18.5,0.527,1.6,-0.1
Brandon Lopez,LAC,2013-14,22,29,7,34.0,15.8,2.6,3.1,1.0,0.3,2.7,0.385,0.289,0.891,17.8,19.7,0.622,-3.6,3.6
Bam Young,ORL,2013-14,28,27,10,27.3,2,7.1,0.2,0.3,2.0,2.6,0.446,0.377,0.868,30.7,14.0,0.631,-2.6,0.3
Damian Brown,DET,2013-14,23,65,16,28.3,26.9,9.6,3.5,0.6,0,2.2,0.413,0.303,0.701,28.2,14.8,0.508,-4.0,4.5
Tyrese Murphy,MIL,2013-14,26,73,4,23.4,19.1,3.9,7.0,1.3,0.9,2.2,0.413,0.381,0.765,33.1,15.3,0.522,2.1,1.0
Zach Lopez,CLE,2013-14,19,40,11,26.3,12.9,8.8,4.2,0.4,0,2.2,0.51,0.3,0.719,27.1,17.0,0.53,0.9,-0.4
Cade Mitchell,GSW,2013-14,32,56,34,22.2,17.0,3.5,4.5,1.1,0.6,1.3,0.489,0.391,0.915,25.3,18.9,0.488,-1.9,2.2
Luka Cook,NYK,2013-14,21,22,0,27.5,7.0,5.8,2.0,1.2,0,2.3,0.458,0.308,0.676,34.9,14.4,0.606,1.9,3.8
Tyrese Thompson,MIN,2013-14,25,23,1,31.6,23.2,7.5,5.9,0.9,0,1.4,0.501,0.348,0.68,24.9,8.8,0.601,0.8,2.9
Brandon Hill,POR,2013-14,21,40,17,35.4,15.0,2.8,4.2,0.6,0.6,1.7,0.525,0.385,0.915,27.1,7.7,0.531,4.0,2.1
Joel Campbell,NYK,2013-14,19,27,24,38,11.0,4.7,6.3,0.9,1.2,2.5,0.548,0.307,0.892,31.6,21.9,0.577,3.3,1.9
DeAndre Green,UTA,2013-14,25,24,3,17.9,18.6,5.6,6.9,0.5,0.2,1.8,0.468,0.351,0.87,23.7,16.9,0.504,-0.1,1.7
Malik Evans,NOP,2013-14,20,48,40,25.3,22.0,5.8,0.2,1.3,0.1,2.3,0.499,0.385,0.878,28.8,11.8,0.54,-4.1,2.8
Damian Cook,CHI,2013-14,28,36,30,20.7,18.3,3.8,0.2,0.8,1.1,3.9,0.532,0.383,0.813,27.3,23.8,0.649,-2.1,0.2
Bam Reed,NYK,2013-14,26,80,47,37.0,14.8,0.5,4.2,1.3,0.6,2.4,0.517,0.42,0.804,31.9,22.1,0.563,0.6,4.3
Tyrese Williams,CLE,2013-14,22,27,22,18.6,14.0,4.8,1.4,1.2,0.9,0.4,0.386,0.332,0.733,27.2,12.3,0.617,-6.1,-0.7
DeMar Miller,OKC,2013-14,33,64,4,24.8,12.2,6.3,3.4,0.6,0.4,1.2,0.411,0.418,0.785,34.5,16.8,0.518,0.6,3.3
Fred Davis,CHI,2013-14,34,40,4,12.4,23.8,9.5,3.5,1.3,0.4,0.3,0.459,0.417,0.678,27.9,16.4,0.554,-5.3,3.2
Zion Phillips,HOU,2013-14,26,42,39,8.4,19.2,3.2,2.6,1.5,0.1,1.9,0.436,0.352,0.746,33.0,15.5,0.576,0.5,0.7
DeAndre Reed,OKC,2013-14,35,22,14,22.0,20.6,3.2,6.7,0.4,0.8,2.6,0.498,0.364,0.834,26.9,12.3,0.642,-0.7,-1.2
Trae Morris,TOR,2013-14,26,29,1,14.4,17.7,6.2,4.9,0.9,1.6,1.5,0.463,0.343,0.811,17.2,12.7,0.63,3.5,3.4
Pascal Thompson,LAL,2013-14,24,33,10,34.6,14.7,5.0,1.5,1.3,0.8,1.1,0.405,0.406,0.718,31.1,10.5,0.519,1.3,1.7
Joel Thomas,MIN,2013-14,28,82,80,28.0,11.5,7.3,5.6,1.7,0.1,2.3,0.396,0.405,0.714,23.8,8.2,0.516,-0.4,2.8
Julius Young,UTA,2013-14,29,73,28,38,15.5,12.8,2.6,0.9,1.0,1.1,0.481,0.301,0.66,16.7,17.8,0.599,-1.0,3.9
Chris Stewart,UTA,2013-14,21,24,0,19.5,15.2,6.9,2.0,0.8,0.6,0.7,0.434,0.288,0.767,25.8,17.1,0.508,4.4,0.2
Giannis Young,BKN,2013-14,28,53,38,34.9,21.6,3.6,1.5,0.8,0.4,2.4,0.451,0.383,0.775,30.2,9.5,0.618,5.3,3.0
CJ Martin,DEN,2013-14,20,36,13,24.6,12.5,6.6,4.0,1.9,0.3,1.6,0.464,0.334,0.673,29.3,14.3,0.512,2.5,5.5
Khris Martin,DET,2013-14,23,30,5,19.4,6.1,4.4,3.1,1.6,0,1.4,0.429,0.397,0.742,31.9,16.4,0.503,-1.6,-2.2
Domantas Parker,MEM,2013-14,20,30,27,5,12.7,6.6,1.6,1.3,1.2,2.4,0.385,0.298,0.735,24.7,12.3,0.482,1.7,1.2
Jalen Baker,CHA,2013-14,27,27,20,24.4,16.8,2.7,3.4,1.1,1.1,2.3,0.497,0.367,0.652,15.8,16.0,0.595,3.7,1.4
Jaylen Williams,UTA,2013-14,29,39,0,29.8,6.8,2.7,1.2,0.9,0.7,1.5,0.523,0.284,0.77,30.2,11.7,0.556,-2.9,2.8
LaMelo Thompson,LAL,2013-14,25,71,10,31.8,13.0,8.3,4.1,0.6,0.9,2.1,0.46,0.324,0.762,21.1,10.6,0.626,2.8,3.7
Ja Jackson,ATL,2013-14,30,60,1,25.8,27.4,4.3,2.8,1.6,1.1,1.4,0.539,0.305,0.878,30.2,12.6,0.591,-0.8,-0.7
Fred Wright,ATL,2013-14,34,59,36,16.5,6.9,5.6,3.1,0.6,0.6,1.8,0.386,0.386,0.88,19.7,9.4,0.6,-0.1,0.2
Pascal Allen,DAL,2013-14,25,35,28,24.3,12.4,7.1,1.7,0.8,0.7,1.8,0.428,0.35,0.87,17.8,17.4,0.482,-1.0,1.3
Kevin Brown,BKN,2013-14,33,77,50,25.1,19.4,7.8,9.4,0.5,0,1.8,0.515,0.306,0.717,22.2,19.5,0.568,-5.1,0.5
Jalen Morris,DET,2013-14,22,67,31,23.9,10.8,6.3,2.4,1.8,1.0,0.3,0.464,0.343,0.767,28.9,20.9,0.572,1.1,1.7
Jalen Murphy,NYK,2013-14,32,70,58,35.5,20.4,0.5,3.1,1.1,0.7,1.9,0.536,0.335,0.672,18.8,11.7,0.582,-2.7,2.9
Trae Miller,BKN,2013-14,25,36,12,34.6,19.3,9.2,5.3,1.9,0,1.5,0.401,0.361,0.91,22.1,15.9,0.596,-3.6,1.1
Devin Turner,NYK,2013-14,22,76,23,23.8,9.6,7.7,0.2,0.7,0.4,3.1,0.459,0.4,0.888,27.9,11.1,0.578,-4.5,1.6
Kevin Johnson,LAC,2013-14,28,31,21,16.2,2,4.6,1.1,1.7,1.4,0.7,0.435,0.305,0.84,33.9,10.8,0.581,-0.3,2.9
CJ Evans,LAC,2013-14,23,66,63,12.8,4.1,8.6,0.5,1.3,1.2,2.6,0.442,0.305,0.852,16.1,2.6,0.619,-5.0,3.2
Tyrese King,HOU,2013-14,19,79,41,17.4,10.5,5.9,1.5,1.5,0.1,0.3,0.393,0.302,0.741,26.9,4.9,0.578,3.2,2.3
Devin Mitchell,PHI,2013-14,25,55,53,17.3,16.3,0.5,3.1,0.2,1.4,2.3,0.483,0.389,0.857,21.7,7.5,0.619,-1.6,2.6
Tyrese Johnson,NOP,2013-14,24,35,15,33.2,14.3,6.8,5.5,1.6,0,1.3,0.382,0.402,0.762,25.6,12.3,0.567,-3.5,3.1
Donovan Green,DET,2013-14,21,82,73,26.9,13.7,4.8,2.2,1.2,0.5,1.9,0.39,0.334,0.832,29.0,19.1,0.558,1.3,3.6
Kyle Campbell,CLE,2013-14,27,45,10,24.2,24.7,3.3,5.3,1.0,1.1,1.6,0.484,0.33,0.833,25.6,21.8,0.641,-3.4,2.2
Julius Moore,WAS,2013-14,25,23,9,30.2,28.7,9.1,3.6,1.3,0.2,0.3,0.453,0.292,0.893,23.6,12.5,0.569,-1.6,1.6
Ja Lopez,NOP,2013-14,26,54,9,28.5,23.9,6.4,2.4,1.2,1.3,2.8,0.53,0.311,0.85,23.9,20.6,0.567,1.9,1.0
Ja Campbell,PHX,2013-14,31,38,13,24.3,18.0,2.0,6.0,1.1,1.0,1.7,0.532,0.41,0.663,28.4,22.2,0.513,-1.0,4.9
Andre Baker,GSW,2013-14,25,50,37,33.7,18.8,7.2,4.7,2.5,0.2,2.7,0.442,0.367,0.855,25.6,23.2,0.581,-0.9,2.0
Nikola Murphy,PHX,2013-14,32,44,19,15.8,8.8,0.5,2.0,0.8,0.6,1.1,0.531,0.405,0.784,32.3,22.6,0.491,7.0,1.0
Domantas Nelson,NYK,2013-14,22,52,50,28.4,12.1,3.7,1.5,1.5,1.5,3.3,0.423,0.377,0.771,27.5,29.2,0.577,0.3,5.3
Shai Anderson,DAL,2013-14,30,52,22,18.3,3.9,9.2,2.7,1.7,1.2,2.9,0.421,0.37,0.831,18.9,19.1,0.633,0.4,-1.9
Ja Johnson,IND,2013-14,19,24,15,27.6,13.4,5.4,4.0,0.9,0.6,3.7,0.517,0.376,0.805,21.5,11.1,0.485,0.6,0.9
Domantas Parker,BKN,2013-14,21,67,42,9.0,14.8,5.1,2.6,1.6,1.1,0.6,0.396,0.32,0.844,18.3,7.3,0.635,-3.4,5.3
Luka Adams,IND,2013-14,33,31,27,13.1,18.5,10.9,0.4,2.0,1.1,0.4,0.508,0.403,0.853,28.6,18.3,0.6,0.6,2.6
Cade Wright,SAC,2013-14,25,21,13,27.1,13.0,11.1,0.2,1.7,0.5,4.0,0.47,0.394,0.66,26.2,11.6,0.553,-8.0,-1.7
Anthony Wilson,WAS,2013-14,25,75,25,31.0,8.4,1.6,1.3,1.8,0,2.8,0.423,0.398,0.873,22.4,18.6,0.563,-0.9,1.1
Brandon King,WAS,2013-14,25,81,65,38,13.0,8.6,2.7,0.8,0.9,1.6,0.391,0.41,0.886,22.4,17.2,0.53,1.2,5.1
Malik Morris,CLE,2013-14,20,35,21,27.1,16.1,3.4,2.6,1.6,1.1,1.3,0.384,0.388,0.738,33.3,16.5,0.649,-1.1,-0.0
Darius Davis,SAS,2013-14,24,20,13,15.0,18.1,5.4,6.6,1.2,0.6,1.9,0.479,0.309,0.908,23.7,12.9,0.635,0.6,5.5
LaMelo Taylor,TOR,2013-14,22,33,33,25.0,14.5,5.8,4.5,1.4,0.9,0.3,0.399,0.398,0.857,22.6,19.2,0.644,4.4,2.8
Tyrese Anderson,ORL,2013-14,22,54,49,22.9,11.2,7.4,9.1,1.1,0.1,0.3,0.515,0.329,0.836,26.7,18.8,0.516,-1.7,2.3
Khris Evans,NOP,2013-14,30,70,25,21.7,17.2,6.6,6.1,0.3,1.4,3.7,0.452,0.384,0.82,30.0,12.9,0.569,-1.7,1.3
Zion Parker,IND,2013-14,23,82,18,21.6,16.0,5.0,2.0,1.2,0.6,1.8,0.506,0.37,0.854,20.5,22.8,0.592,3.4,1.7
Giannis Morris,PHX,2013-14,22,25,25,27.3,14.2,1.6,3.7,0.4,0.3,0.7,0.491,0.348,0.768,29.9,7.6,0.544,0.9,-3.3
Domantas Mitchell,DEN,2013-14,24,69,5,37.7,26.6,5.0,3.5,1.3,1.0,2.0,0.389,0.293,0.724,17.4,21.1,0.547,2.9,1.7
DeAndre Collins,SAC,2014-15,33,33,10,29.2,18.4,4.8,2.1,0.6,1.3,1.9,0.385,0.4,0.812,28.0,10.6,0.509,2.2,-0.5
Jalen Thompson,WAS,2014-15,22,27,24,24.4,10.5,7.0,0.7,0.6,1.2,4.8,0.519,0.414,0.823,31.1,3.5,0.515,-1.9,3.1
Fred Mitchell,CLE,2014-15,30,51,2,16.3,2.7,0.5,8.2,0.8,0.4,0.6,0.495,0.361,0.874,19.1,25.1,0.644,1.1,1.3
Darius Roberts,OKC,2014-15,28,61,50,14.0,23.2,2.2,3.1,0.7,1.5,1.2,0.438,0.378,0.791,31.6,15.5,0.549,0.5,0.5
DeAndre Wilson,DEN,2014-15,24,78,65,21.4,16.6,5.9,7.5,0,1.1,2.2,0.531,0.349,0.79,27.1,9.7,0.627,0.0,2.0
Kevin Stewart,BKN,2014-15,29,69,11,24.0,3.4,4.6,5.2,1.3,0.8,4.9,0.385,0.377,0.87,33.1,11.3,0.516,5.7,1.3
DeAndre Nelson,DET,2014-15,28,60,36,19.8,20.6,5.0,5.3,0.8,0.9,1.2,0.384,0.329,0.669,33.9,9.1,0.648,1.5,0.1
Devin Stewart,SAS,2014-15,30,26,4,30.0,18.0,2.7,6.5,0.9,0,3.5,0.386,0.307,0.879,19.5,5.2,0.644,0.4,-0.2
Jalen Parker,ATL,2014-15,24,51,32,30.9,17.8,2.9,3.9,0.5,0.9,1.3,0.466,0.329,0.695,21.7,7.3,0.513,-5.0,-0.7
Jayson Jackson,NYK,2014-15,22,29,6,33.8,8.3,6.3,1.0,1.6,0.4,2.4,0.457,0.337,0.849,32.5,19.9,0.503,0.9,1.7
James Reed,SAS,2014-15,27,43,6,13.1,7.4,9.2,9.9,0.4,0.7,2.7,0.513,0.324,0.802,18.4,10.8,0.548,4.8,-0.2
CJ Jackson,SAC,2014-15,28,60,3,26.0,11.1,1.7,4.5,1.1,0.9,1.7,0.526,0.368,0.87,26.1,17.1,0.588,1.8,-2.3
Damian Turner,MIN,2014-15,21,37,34,26.8,13.5,5.6,4.4,1.0,1.2,0.4,0.455,0.335,0.683,32.8,24.3,0.528,2.8,2.7
Domantas Young,LAL,2014-15,28,69,30,34.0,9.0,7.4,3.7,1.0,0.1,1.9,0.439,0.415,0.825,28.2,18.3,0.642,-2.2,0.1
Zach Morris,SAC,2014-15,22,47,4,23.5,12.1,10.5,4.4,0.4,1.8,3.5,0.523,0.39,0.822,31.4,14.9,0.562,-3.2,0.3
Kyle Moore,ATL,2014-15,33,69,12,27.5,14.6,6.6,1.2,0.5,1.5,2.9,0.477,0.295,0.767,34.1,19.9,0.601,-0.5,0.2
Jayson White,ORL,2014-15,29,82,23,16.6,6.9,2.6,6.1,0.3,1.4,1.4,0.428,0.38,0.798,25.9,21.9,0.644,1.8,-0.3
Darius Mitchell,BKN,2014-15,20,65,49,23.0,11.4,0.7,0.2,0.6,1.4,2.1,0.516,0.317,0.714,17.1,20.9,0.614,-3.9,2.3
DeMar Campbell,BOS,2014-15,20,69,54,25.1,10.5,6.9,4.8,1.6,0.1,1.5,0.4,0.385,0.762,34.4,14.2,0.558,-0.8,3.5
DeMar Morris,DAL,2014-15,22,22,9,18.3,26.6,0.9,1.8,1.9,0.5,1.7,0.398,0.29,0.828,34.4,14.4,0.484,1.4,3.3
Cade Young,HOU,2014-15,30,50,12,23.1,22.2,8.8,2.8,1.2,0.3,2.5,0.511,0.394,0.724,21.3,19.9,0.521,-0.6,4.3
Ja Miller,BKN,2014-15,29,49,16,17.7,14.2,11.7,6.0,0.5,0.1,2.8,0.525,0.36,0.754,18.2,17.9,0.511,-3.1,0.6
Jaylen King,UTA,2014-15,26,74,58,8.6,9.3,3.6,0.2,1.2,0.8,1.2,0.495,0.299,0.743,31.2,19.6,0.625,3.7,0.8
Luka Evans,MIA,2014-15,23,80,14,27.1,17.5,6.5,6.6,0.6,0.8,4.6,0.402,0.294,0.784,26.6,14.0,0.544,0.2,1.8
Zion Moore,CHI,2014-15,24,26,0,34.1,14.7,5.8,4.7,1.1,1.3,1.4,0.484,0.313,0.891,30.8,12.9,0.537,0.2,-0.0
DeAndre Nelson,MIN,2014-15,36,75,13,26.5,15.6,2.5,0.2,1.1,0.4,1.9,0.433,0.325,0.707,23.7,5.5,0.645,-2.8,3.7
Kyle Carter,MIA,2014-15,25,78,16,26.9,13.9,5.1,5.7,1.5,0.8,2.6,0.399,0.296,0.729,25.8,17.3,0.488,-0.7,-0.2
Ja Evans,MIL,2014-15,25,50,20,34.0,7.5,1.8,5.9,0.8,0.8,1.5,0.5,0.319,0.834,17.8,15.5,0.488,-2.4,1.2
Ja Hill,MIN,2014-15,22,36,22,18.2,21.8,6.7,3.0,1.0,0.8,1.4,0.538,0.42,0.815,22.2,17.7,0.538,2.8,-4.4
Kyle Allen,MIA,2014-15,36,64,19,27.7,12.1,3.2,4.3,0.7,0,1.2,0.455,0.384,0.705,33.2,23.5,0.616,0.6,4.2
Kyle Baker,GSW,2014-15,25,53,11,37.0,10.1,6.5,3.7,1.0,1.8,1.3,0.474,0.352,0.714,25.7,15.2,0.643,2.6,-0.5
Jordan Lopez,IND,2014-15,21,26,10,26.2,28.6,6.2,3.4,1.1,0.4,0.3,0.395,0.392,0.847,25.9,14.2,0.55,-1.4,4.9
Tyrese Wright,LAL,2014-15,32,41,29,19.8,18.8,1.7,2.8,1.1,0.6,0.3,0.475,0.306,0.761,25.7,13.2,0.629,-1.9,0.0
Cade Phillips,NOP,2014-15,24,77,57,30.7,20.5,9.2,3.8,1.2,0.5,3.9,0.433,0.372,0.804,31.3,14.8,0.483,1.4,2.8
Darius Wilson,MIN,2014-15,29,46,1,15.1,20.9,4.4,6.1,1.1,0.9,0.5,0.474,0.299,0.715,29.6,14.9,0.551,2.0,2.6
Jayson Stewart,CHI,2014-15,22,56,39,27.0,15.1,2.6,2.6,1.4,0.5,1.8,0.412,0.296,0.915,20.4,26.2,0.613,-2.6,-0.2
Jaylen Martin,OKC,2014-15,33,49,20,16.0,23.5,8.8,1.7,1.5,0.8,1.1,0.453,0.33,0.875,26.3,16.6,0.551,-2.4,-0.2
Marcus Morris,BKN,2014-15,25,78,62,22.4,17.3,6.1,1.2,0.8,0.2,1.1,0.485,0.374,0.689,33.9,15.8,0.566,-4.2,0.1
Nikola Jackson,LAC,2014-15,23,43,22,26.4,5.7,2.6,4.6,1.2,2.1,2.2,0.436,0.391,0.912,22.4,9.4,0.561,0.4,1.0
Jalen Phillips,TOR,2014-15,28,54,50,28.4,7.6,4.0,2.2,0,0.7,3.7,0.425,0.31,0.897,28.3,22.1,0.54,-1.7,0.4
Luka Wilson,WAS,2014-15,23,55,47,26.8,23.0,4.8,5.1,1.5,1.7,1.7,0.393,0.301,0.748,18.9,19.1,0.571,-0.7,1.4
Jordan Morris,ATL,2014-15,30,79,24,38,19.8,6.0,8.9,0.4,0.4,2.6,0.492,0.337,0.865,29.5,9.4,0.563,-0.0,2.9
DeMar Williams,MIA,2014-15,27,23,18,34.2,16.8,3.1,0.5,0.4,1.5,1.6,0.451,0.307,0.912,18.3,15.5,0.578,2.2,3.0
Damian Miller,DET,2014-15,19,53,35,20.8,16.7,7.6,8.5,0.9,0.7,3.2,0.441,0.355,0.765,29.9,14.0,0.494,0.3,3.3
DeAndre Roberts,PHX,2014-15,24,60,6,29.2,4.3,2.2,0.2,0.2,0.5,3.6,0.52,0.298,0.684,18.2,13.6,0.481,3.0,0.2
Cade White,UTA,2014-15,20,60,42,21.2,18.2,7.5,4.3,2.1,0.4,3.6,0.455,0.332,0.816,17.0,5.8,0.591,1.5,-2.5
Kyle Wilson,LAC,2014-15,30,46,32,15.6,13.4,9.8,0.2,0,0.8,1.2,0.382,0.289,0.693,33.8,9.1,0.631,-1.5,4.1
Julius Parker,CHA,2014-15,22,66,30,38,17.7,2.7,5.3,0.5,0.5,1.8,0.4,0.392,0.911,22.3,8.1,0.583,-1.8,-0.9
Nikola Young,MIL,2014-15,29,27,1,17.1,15.4,7.6,1.7,1.4,0.4,1.3,0.528,0.332,0.736,21.5,23.1,0.57,3.9,4.7
Devin Lopez,PHX,2014-15,28,66,36,23.7,20.1,9.7,3.8,1.1,0,4.4,0.521,0.32,0.818,34.7,20.8,0.582,3.0,-2.4
Kyle Wright,CLE,2014-15,28,76,8,17.3,19.0,12.0,8.1,1.6,0.8,1.8,0.5,0.386,0.87,27.6,19.2,0.496,6.5,2.9
Julius Turner,HOU,2014-15,28,29,23,12.5,9.0,4.9,0.2,0.9,0.9,1.4,0.479,0.365,0.821,18.4,22.9,0.503,-1.1,0.8
Jordan Miller,LAC,2014-15,23,47,47,34.0,18.9,10.0,0.2,0.4,0.2,0.6,0.447,0.393,0.659,16.2,18.4,0.589,3.4,-0.4
Darius Johnson,PHX,2014-15,23,81,24,32.0,12.0,8.6,5.0,1.1,0.8,2.2,0.416,0.379,0.802,18.1,18.6,0.504,2.0,0.3
Tyler Thompson,ORL,2014-15,26,80,2,13.4,15.7,2.1,0.2,0.9,0.8,2.4,0.414,0.326,0.888,33.8,15.4,0.571,2.8,2.5
Tyrese Carter,WAS,2014-15,30,56,27,17.1,11.1,3.3,1.2,1.3,1.0,3.2,0.523,0.399,0.713,33.0,5.3,0.619,2.4,1.1
Kevin Reed,PHX,2014-15,37,62,10,23.1,3.1,5.3,2.0,1.2,0.5,3.8,0.52,0.356,0.653,30.5,15.0,0.538,-4.5,-2.2
Andre Campbell,DET,2014-15,20,41,7,36.7,6.6,6.5,4.1,1.6,0.2,3.3,0.468,0.406,0.724,30.6,16.3,0.63,6.0,1.5
Jayson Parker,MIL,2014-15,34,44,18,35.1,26.4,3.3,1.9,0.3,0,2.6,0.527,0.405,0.859,16.1,19.1,0.604,1.9,-0.3
Cade Moore,DAL,2014-15,33,67,7,16.4,13.2,2.5,1.4,1.4,0.7,1.1,0.468,0.399,0.892,24.1,15.3,0.491,2.0,2.3
Luka Hill,NOP,2014-15,34,53,37,16.1,16.5,1.4,4.6,1.8,0.7,1.5,0.542,0.418,0.72,23.8,18.7,0.572,2.2,2.8
Fred Phillips,PHX,2014-15,24,31,7,20.7,17.7,6.4,6.1,1.4,1.1,3.0,0.398,0.343,0.691,23.0,14.2,0.611,-3.1,1.2
CJ Anderson,ATL,2014-15,28,80,76,19.6,15.3,1.7,1.2,0.9,0,1.2,0.418,0.34,0.892,23.6,9.3,0.544,1.7,1.5
Joel Campbell,LAC,2014-15,23,80,50,38,8.9,0.8,6.7,0.9,0.5,2.6,0.462,0.379,0.845,18.8,14.6,0.528,4.5,3.3
Julius Adams,LAC,2014-15,27,75,72,25.6,16.8,9.3,4.3,1.4,0.4,3.8,0.398,0.408,0.747,32.4,20.7,0.603,-4.4,4.1
Zion Morris,LAL,2014-15,24,27,20,6.0,2,4.6,2.8,0.8,0.5,2.9,0.404,0.306,0.877,15.5,23.7,0.513,-0.3,3.8
Julius Nelson,ORL,2014-15,25,72,45,30.8,15.6,0.5,4.4,0.5,0.9,3.7,0.506,0.353,0.879,26.0,14.8,0.494,-0.6,0.5
Nikola Wilson,BOS,2014-15,25,41,24,14.3,23.3,5.4,0.2,1.5,0.4,2.1,0.481,0.355,0.863,23.4,18.9,0.592,4.0,1.1
DeAndre Turner,IND,2014-15,31,38,5,34.4,15.0,6.5,5.0,0.7,0.4,1.9,0.454,0.35,0.74,26.6,9.8,0.564,-2.9,-1.2
Chris Wright,CLE,2014-15,25,44,9,22.1,14.2,5.2,4.4,1.6,0.2,3.0,0.543,0.371,0.916,20.1,17.3,0.606,-3.2,0.9
James Phillips,SAC,2014-15,27,58,17,27.2,7.7,1.5,0.2,1.0,1.1,0.3,0.522,0.365,0.808,27.6,13.3,0.576,1.5,2.0
Kyle Nelson,CHI,2014-15,22,49,20,38,19.1,11.2,6.1,2.0,0.6,1.3,0.542,0.376,0.71,27.3,22.7,0.55,6.6,1.0
Ja Morris,HOU,2014-15,28,67,65,30.4,17.3,6.9,4.2,0.6,1.9,2.5,0.413,0.336,0.812,34.0,16.2,0.504,-1.2,4.9
Malik Wilson,NOP,2014-15,28,33,3,13.4,11.3,3.0,5.2,1.6,0.4,1.7,0.427,0.302,0.863,32.3,12.6,0.601,-1.5,0.7
Malik Collins,MIN,2014-15,24,22,2,28.5,10.2,9.6,6.7,0.8,1.2,2.2,0.412,0.344,0.898,27.7,13.7,0.483,2.7,0.1
Jordan Phillips,CHA,2014-15,27,35,32,34.7,13.0,4.1,2.2,1.6,0.7,1.2,0.489,0.381,0.775,28.0,15.4,0.592,4.5,-1.2
Joel Moore,UTA,2014-15,22,31,12,26.8,15.3,5.7,7.4,0.7,1.3,2.8,0.504,0.337,0.742,26.7,11.0,0.612,-1.5,-3.1
Damian Martin,LAL,2014-15,23,65,15,11.4,11.0,1.5,2.5,1.2,0,2.5,0.523,0.366,0.77,33.9,13.0,0.566,3.6,3.9
Kyle Taylor,CLE,2014-15,24,40,9,32.3,3.4,5.6,6.9,0.1,0.1,2.6,0.548,0.345,0.653,33.5,22.3,0.483,1.6,-1.7
Malik Johnson,CHI,2014-15,26,51,40,20.2,13.9,0.5,5.1,1.5,0.3,1.0,0.383,0.347,0.709,20.4,15.5,0.638,2.9,3.3
Anthony Campbell,ORL,2014-15,24,61,17,33.2,16.2,3.3,1.9,1.7,0.3,3.3,0.539,0.39,0.747,34.1,6.9,0.638,4.1,0.7
Marcus Davis,SAS,2014-15,20,24,12,31.1,13.1,3.6,0.2,0.9,0.3,1.3,0.441,0.287,0.705,33.7,9.9,0.63,1.2,-0.8
Anthony Anderson,PHX,2014-15,27,54,47,22.5,18.8,0.7,0.2,0.9,0.7,2.0,0.538,0.299,0.743,16.9,15.9,0.606,2.9,1.9
Shai Phillips,MIN,2014-15,22,75,2,22.6,11.0,4.6,7.5,1.2,0.1,1.8,0.51,0.357,0.734,21.0,10.1,0.555,-0.7,0.5
Joel Green,MIA,2014-15,24,24,17,24.7,14.2,5.8,0.2,1.4,0,2.5,0.52,0.366,0.816,23.3,11.2,0.556,1.2,5.0
Cade Roberts,MIA,2014-15,28,75,72,28.0,13.6,4.6,7.6,0.3,1.3,1.8,0.441,0.291,0.673,27.0,12.1,0.58,2.6,2.0
LaMelo Taylor,CHI,2014-15,23,60,38,30.3,5.7,3.6,1.9,1.2,0.5,3.4,0.401,0.331,0.806,26.5,31.3,0.572,3.5,2.2
Shai Reed,WAS,2014-15,28,63,45,30.4,5.0,4.7,0.2,1.3,0.8,1.1,0.526,0.366,0.878,18.5,17.8,0.569,2.2,1.2
James White,PHI,2014-15,32,69,55,30.6,11.9,2.8,3.8,0.9,0.9,2.3,0.47,0.416,0.77,22.2,17.8,0.645,-3.4,-1.4
Bam Green,NYK,2014-15,30,66,36,17.5,9.1,2.8,7.9,1.0,0.5,2.2,0.439,0.329,0.92,30.3,19.4,0.535,0.4,4.8
Chris Wilson,BOS,2014-15,28,69,12,22.8,2,7.8,4.8,0.1,0.5,1.3,0.549,0.389,0.896,19.6,15.0,0.627,3.5,3.2
Donovan Mitchell,TOR,2014-15,28,22,21,8.9,16.8,1.4,6.8,1.0,0.5,2.2,0.387,0.348,0.699,18.3,17.3,0.492,7.1,1.2
Jayson Taylor,MEM,2014-15,27,51,46,19.9,19.3,0.5,7.0,0.7,0,2.5,0.55,0.404,0.823,29.9,16.8,0.617,-1.7,4.5
Fred Thompson,NOP,2014-15,22,42,2,25.0,14.2,10.3,1.3,0.3,0.5,0.3,0.484,0.349,0.92,19.2,18.8,0.573,1.0,3.9
Jayson Williams,DEN,2014-15,24,43,30,25.7,14.6,8.7,0.2,1.5,0.8,1.9,0.391,0.33,0.825,21.8,18.3,0.638,-1.4,-0.7
Marcus Hill,CHA,2014-15,30,23,13,23.9,10.8,3.1,0.8,0.6,0.7,1.1,0.453,0.302,0.847,25.0,13.4,0.545,-1.6,0.9
DeAndre Young,OKC,2014-15,24,56,27,19.6,15.1,3.8,4.7,0.6,0.9,2.8,0.397,0.304,0.73,27.4,16.0,0.618,-1.8,0.4
Tyrese Green,CHA,2014-15,30,33,11,29.8,9.7,8.2,3.1,0.6,0.5,3.8,0.521,0.409,0.839,28.6,9.6,0.609,-2.6,5.8
Jordan Edwards,IND,2014-15,19,55,53,37.4,19.2,0.5,3.9,1.1,0.9,2.3,0.4,0.407,0.864,33.1,18.4,0.543,1.9,4.8
Domantas Nelson,POR,2014-15,23,70,64,16.0,15.3,6.5,4.9,0.9,1.0,1.9,0.531,0.305,0.821,19.6,18.0,0.515,1.5,0.5
Andre Brown,CHA,2014-15,31,76,9,30.0,17.2,2.8,1.6,1.1,1.2,3.2,0.502,0.34,0.71,32.0,11.3,0.59,-2.0,3.4
Jrue Jackson,OKC,2014-15,25,51,20,17.8,22.0,3.7,2.5,0.9,0,1.6,0.443,0.387,0.903,15.9,16.1,0.531,0.1,0.7
CJ Nelson,SAC,2014-15,26,55,48,38,7.9,1.8,3.9,1.2,0,0.7,0.506,0.285,0.696,18.2,18.4,0.648,-3.8,-0.1
Donovan Brown,CHI,2014-15,23,65,42,19.7,18.6,2.6,5.0,0.1,0.2,1.6,0.491,0.305,0.903,32.5,6.0,0.596,-0.5,4.9
Shai Turner,BKN,2014-15,29,32,21,30.8,13.1,10.9,3.9,1.7,1.4,2.5,0.53,0.411,0.817,23.1,21.9,0.625,-1.1,-0.8
Giannis Evans,UTA,2014-15,20,29,25,23.1,8.5,2.4,2.3,1.3,0,1.0,0.539,0.286,0.893,17.3,19.7,0.63,-6.1,3.2
Malik Allen,BKN,2014-15,34,53,20,20.5,17.9,2.8,4.9,0.6,1.7,2.8,0.444,0.308,0.818,15.2,15.8,0.529,2.3,-0.8
Domantas Thomas,HOU,2014-15,22,36,26,18.1,14.3,4.5,5.2,1.0,0.6,1.3,0.462,0.388,0.88,25.5,24.1,0.503,1.9,0.2
Giannis Wilson,UTA,2014-15,27,49,39,16.9,18.8,5.0,4.9,1.1,1.1,0.9,0.536,0.38,0.66,26.6,15.3,0.534,0.2,-0.6
Malik Campbell,GSW,2014-15,23,36,27,33.4,15.1,7.0,3.5,0.5,0.4,2.2,0.511,0.341,0.908,33.8,18.8,0.511,-1.3,-0.8
James Cook,PHX,2014-15,26,27,1,14.4,20.9,2.3,8.5,0.4,0.4,1.7,0.437,0.29,0.897,24.8,9.6,0.547,-0.0,2.0
Malik Brown,CHI,2014-15,24,68,65,25.2,14.3,6.3,3.3,1.1,1.1,1.1,0.545,0.373,0.864,24.3,22.1,0.492,1.3,2.0
Tyrese Evans,BKN,2014-15,26,41,38,21.3,15.5,10.0,6.0,1.6,0.2,2.3,0.427,0.366,0.767,34.4,17.0,0.518,6.4,-0.3
Damian Roberts,LAC,2014-15,25,61,20,28.4,11.1,6.8,1.0,0.5,0.4,0.5,0.505,0.394,0.756,21.9,15.3,0.647,1.6,1.8
Brandon Parker,CHA,2014-15,26,74,33,38,6.2,6.8,5.6,0.4,0.9,3.7,0.421,0.389,0.881,18.8,21.5,0.5,0.0,0.4
Jayson Wilson,CLE,2014-15,24,41,4,27.2,12.9,5.3,5.8,1.3,0,1.5,0.419,0.287,0.748,23.0,21.7,0.484,0.5,4.9
DeAndre Wilson,BKN,2014-15,26,56,20,31.8,4.3,10.5,2.6,0.2,0.4,3.3,0.486,0.298,0.717,25.2,19.5,0.521,-0.7,1.6
Ja Cook,PHX,2014-15,24,33,31,12.2,21.3,6.9,5.6,0.4,0.2,3.1,0.488,0.299,0.695,19.7,25.0,0.485,-3.5,2.5
Nikola Baker,IND,2014-15,21,37,28,30.6,12.3,4.7,5.6,0.9,0.7,1.5,0.389,0.408,0.918,23.1,16.0,0.501,-2.5,1.6
Donovan Baker,UTA,2014-15,24,74,59,29.6,8.0,1.9,4.2,1.2,0.9,1.8,0.525,0.335,0.861,30.7,13.0,0.551,1.6,-0.6
Pascal Baker,HOU,2014-15,25,28,18,12.0,9.8,2.6,6.1,1.0,0,1.5,0.508,0.299,0.698,17.4,18.9,0.594,-4.9,-1.5
Marcus White,DET,2014-15,21,27,11,30.8,18.9,3.5,0.2,0.8,0.2,2.9,0.504,0.292,0.748,34.3,12.3,0.556,4.5,3.4
CJ Collins,PHI,2014-15,26,25,2,19.3,4.7,9.0,7.0,0.4,1.5,1.5,0.404,0.386,0.698,18.6,21.7,0.617,-1.6,0.2
Andre Baker,SAS,2014-15,21,28,24,20.3,24.6,5.3,4.1,0.5,0.4,3.8,0.41,0.399,0.879,28.7,9.6,0.502,-0.1,1.6
Julius Edwards,BKN,2014-15,22,77,10,13.6,9.1,7.8,4.9,0.9,0.8,2.4,0.408,0.38,0.742,34.0,20.2,0.573,-1.2,-0.9
Cade Miller,SAC,2014-15,23,36,9,36.8,21.2,3.2,0.2,1.2,0.2,1.3,0.503,0.395,0.735,22.9,13.5,0.529,0.4,2.9
Trae Adams,HOU,2014-15,20,69,53,27.0,21.3,3.0,5.4,0.5,0,0.6,0.546,0.399,0.915,20.1,1.9,0.573,-0.5,3.0
Nikola Lopez,MIA,2014-15,21,52,21,28.2,12.9,7.1,6.3,1.0,0.8,1.9,0.526,0.37,0.899,32.6,14.1,0.645,1.8,1.3
Joel Campbell,GSW,2014-15,21,62,54,32.8,24.8,4.7,4.3,0.6,1.2,1.4,0.4,0.329,0.683,31.6,6.3,0.522,2.4,1.4
Giannis Cook,MIA,2014-15,25,72,29,18.0,3.0,4.8,4.5,0.6,0.8,1.2,0.38,0.32,0.672,34.7,8.9,0.552,0.7,2.3
Brandon Lopez,BOS,2014-15,23,50,37,22.5,11.3,0.5,2.8,0.9,0.5,0.9,0.467,0.38,0.792,31.3,11.8,0.649,7.0,-3.7
Bam Young,MEM,2014-15,30,47,40,17.8,17.8,4.8,0.2,0.9,0.2,1.6,0.404,0.414,0.81,18.6,14.4,0.491,-8.4,3.1
Domantas Carter,MEM,2014-15,21,63,4,17.5,15.7,4.9,2.9,1.3,0.2,3.2,0.393,0.314,0.853,26.7,6.6,0.535,-2.4,4.4
LaMelo Campbell,LAL,2014-15,19,26,3,24.9,18.4,5.1,3.4,0.9,0.2,2.3,0.399,0.293,0.856,16.3,13.2,0.493,-4.6,0.8
Tyrese Murphy,ATL,2014-15,25,46,32,31.9,5.0,0.5,1.6,1.0,1.1,2.0,0.471,0.346,0.76,26.1,9.2,0.619,3.4,-0.3
Zach Lopez,LAL,2014-15,21,82,4,19.6,20.0,1.9,6.1,1.3,0.4,2.6,0.466,0.308,0.709,27.4,18.1,0.572,0.9,3.5
Cade Mitchell,PHI,2014-15,31,68,45,28.3,19.8,5.8,1.3,0.6,2.1,1.5,0.507,0.415,0.682,23.3,16.8,0.589,0.1,-3.6
Luka Cook,MIN,2014-15,21,33,18,31.2,7.7,3.6,0.2,0.4,0,2.2,0.407,0.406,0.745,16.1,14.6,0.552,5.2,-0.2
Tyrese Thompson,OKC,2014-15,27,74,20,22.8,11.4,1.2,7.7,0.8,0.1,1.8,0.435,0.286,0.82,20.6,14.9,0.574,-0.3,-0.9
Brandon Hill,WAS,2014-15,23,52,42,35.9,16.9,7.0,4.2,1.0,0.1,0.9,0.462,0.409,0.834,22.6,21.6,0.632,1.4,3.4
Joel Campbell,LAC,2014-15,21,22,5,12.9,17.9,0.5,3.2,1.0,0.1,3.1,0.383,0.308,0.669,26.3,15.0,0.516,-2.1,0.6
DeAndre Green,MIL,2014-15,29,44,8,30.5,2,6.9,3.4,1.8,0,2.0,0.459,0.314,0.918,16.7,16.7,0.483,-3.4,2.6
Malik Evans,PHX,2014-15,24,79,3,21.6,13.5,9.5,0.4,0.7,0,1.9,0.484,0.34,0.731,24.7,13.1,0.572,-1.6,1.4
Damian Cook,IND,2014-15,29,36,14,12.5,13.9,2.9,3.2,1.7,0.8,1.2,0.447,0.4,0.773,17.4,14.8,0.577,-2.8,0.6
Bam Reed,LAL,2014-15,26,41,14,16.7,28.4,5.3,3.1,1.1,1.2,1.5,0.52,0.367,0.855,29.5,9.3,0.529,3.9,2.4
Tyrese Williams,SAC,2014-15,25,82,36,21.0,14.7,8.6,6.9,0.9,0.5,2.4,0.392,0.31,0.693,26.2,17.8,0.642,5.8,1.9
DeMar Miller,CHI,2014-15,36,29,16,27.8,13.9,6.9,2.7,1.1,1.3,2.6,0.44,0.36,0.742,25.9,16.3,0.502,4.1,1.0
Fred Davis,ORL,2014-15,36,67,16,26.3,4.8,4.0,0.2,1.6,0.2,2.4,0.531,0.41,0.89,24.2,14.0,0.53,-2.1,3.9
Fred Carter,CLE,2014-15,20,81,45,21.8,12.7,8.7,4.1,0.1,0,4.2,0.504,0.319,0.667,31.2,22.4,0.603,-1.5,0.5
Zion Phillips,LAC,2014-15,26,28,13,33.6,12.8,7.5,4.0,0.9,1.5,0.3,0.417,0.369,0.853,18.1,22.0,0.628,0.9,1.2
DeAndre Reed,OKC,2014-15,35,23,21,27.6,23.1,6.7,7.1,1.4,1.1,1.9,0.462,0.333,0.912,24.5,12.0,0.539,-3.9,1.1
Trae Morris,BKN,2014-15,27,45,4,16.6,8.7,6.8,6.3,1.0,0.6,1.9,0.46,0.38,0.734,33.3,16.9,0.545,1.0,1.1
Pascal Thompson,BKN,2014-15,24,33,3,29.4,10.0,3.7,4.9,0.9,0.6,0.6,0.463,0.337,0.876,21.3,20.8,0.607,-3.7,4.3
Joel Thomas,PHI,2014-15,28,20,9,38,22.3,4.7,3.0,1.0,0.2,2.2,0.515,0.374,0.88,26.9,3.3,0.533,-7.0,-2.1
Julius Young,CLE,2014-15,30,55,23,21.3,4.1,7.5,0.2,0.8,0.7,1.5,0.494,0.359,0.88,31.0,19.8,0.607,-3.6,6.2
Chris Stewart,POR,2014-15,24,20,8,24.8,10.0,0.6,3.1,0.6,0,1.0,0.54,0.406,0.812,17.0,7.9,0.577,2.3,0.3
Giannis Young,MIL,2014-15,27,36,25,12.8,8.1,8.7,5.7,0.9,0.8,1.4,0.516,0.365,0.73,23.1,22.8,0.577,-4.7,2.4
CJ Martin,MIA,2014-15,22,70,25,25.5,13.3,8.6,4.3,1.3,0,0.3,0.472,0.35,0.815,21.3,12.4,0.635,0.1,-2.3
Khris Martin,POR,2014-15,26,76,37,19.3,28.1,6.1,4.2,1.5,0.4,2.7,0.495,0.375,0.876,30.3,13.8,0.512,-1.2,4.9
Domantas Parker,DET,2014-15,24,79,31,14.5,6.9,7.0,0.7,0.3,0.6,1.2,0.457,0.379,0.902,25.8,14.9,0.626,-1.0,0.7
Jalen Baker,IND,2014-15,26,75,13,34.5,11.5,3.3,3.0,0.8,1.7,1.1,0.433,0.416,0.816,28.8,15.2,0.612,1.3,2.6
Jaylen Williams,NYK,2014-15,28,72,71,17.7,5.8,12.0,5.5,0.8,0.5,3.4,0.389,0.368,0.744,16.3,16.0,0.524,3.3,2.3
LaMelo Thompson,LAL,2014-15,24,80,34,38,10.9,6.7,2.1,1.2,0.1,2.2,0.48,0.374,0.695,20.6,12.4,0.5,3.7,3.8
Ja Jackson,UTA,2014-15,33,69,6,18.5,9.0,4.2,4.6,0.8,1.1,2.6,0.449,0.28,0.898,24.0,10.1,0.537,-1.0,1.1
James Martin,NOP,2014-15,21,32,6,38,17.5,0.5,0.2,0.8,0.1,3.6,0.511,0.36,0.845,26.8,11.2,0.607,0.8,-0.4
Fred Wright,DAL,2014-15,35,24,4,23.9,21.1,3.1,0.7,0.4,0.2,1.5,0.391,0.384,0.863,26.4,13.0,0.515,0.9,-0.3
DeAndre Moore,OKC,2014-15,19,41,21,28.2,17.6,0.5,1.8,0.7,0.4,2.2,0.384,0.336,0.695,33.1,16.7,0.577,-1.2,3.5
Pascal Allen,GSW,2014-15,26,67,50,15.9,22.5,0.5,5.9,0.5,0.2,1.4,0.382,0.379,0.734,26.1,10.9,0.481,2.1,0.6
Kevin Brown,SAC,2014-15,34,47,4,32.1,2,1.2,2.9,1.5,0.4,2.7,0.418,0.414,0.679,17.5,18.8,0.649,0.0,-1.7
Jalen Morris,SAC,2014-15,21,20,6,34.3,5.4,10.4,8.9,1.6,0.5,1.7,0.543,0.316,0.851,28.6,16.0,0.493,-2.9,2.1
Jalen Murphy,HOU,2014-15,31,33,4,34.9,13.1,9.5,0.2,1.0,0.4,1.6,0.529,0.298,0.816,26.4,11.8,0.559,-1.3,-0.6
Malik Wilson,PHX,2014-15,19,57,48,24.8,17.1,6.5,0.2,0.2,1.2,2.6,0.507,0.37,0.74,28.3,14.4,0.569,1.6,-0.2
Trae Miller,DAL,2014-15,28,23,23,29.5,14.2,8.8,1.1,1.2,0.3,1.5,0.409,0.355,0.818,32.0,18.3,0.526,1.4,2.9
Devin Turner,MEM,2014-15,20,22,8,21.5,18.3,1.2,1.9,0,0.1,1.6,0.475,0.283,0.877,31.3,22.3,0.549,3.2,1.3
Kevin Johnson,GSW,2014-15,29,73,15,34.9,14.9,6.3,3.3,1.3,0.5,2.4,0.471,0.334,0.789,22.0,12.0,0.536,-0.1,-0.9
CJ Evans,OKC,2014-15,23,33,32,26.7,4.2,0.9,7.2,1.0,0.7,2.1,0.411,0.367,0.66,31.2,14.0,0.631,-1.3,2.8
Tyrese King,OKC,2014-15,23,63,14,38,11.2,8.8,4.3,0.8,0.5,1.5,0.48,0.408,0.759,19.5,14.1,0.52,-1.8,2.5
Devin Mitchell,LAC,2014-15,27,35,18,38,23.8,6.8,4.4,1.7,0.7,2.3,0.504,0.359,0.81,25.8,18.3,0.57,-0.4,1.9
Tyrese Johnson,ORL,2014-15,23,25,1,10.9,19.9,2.5,0.2,0.9,0.5,3.1,0.463,0.342,0.692,21.3,17.7,0.495,2.7,0.3
Donovan Green,ORL,2014-15,24,50,14,24.6,13.3,3.8,7.8,0.9,0.2,1.4,0.502,0.357,0.761,25.6,23.2,0.571,-0.9,2.2
Kyle Campbell,SAS,2014-15,26,38,14,29.2,17.8,2.9,4.0,2.0,0.4,3.3,0.414,0.319,0.672,22.1,19.2,0.513,-3.1,-1.2
Julius Moore,LAC,2014-15,27,20,5,18.7,19.0,6.3,6.6,1.2,0.9,1.4,0.381,0.365,0.71,22.5,16.1,0.535,0.7,3.2
Ja Lopez,CHI,2014-15,25,29,26,5,2,2.8,4.0,0.7,0,3.2,0.396,0.338,0.707,20.1,14.4,0.516,3.8,0.3
Ja Campbell,MEM,2014-15,35,49,17,20.5,24.6,13.0,0.2,1.8,0,1.0,0.532,0.303,0.792,19.7,13.4,0.543,0.1,0.2
Andre Baker,SAC,2014-15,25,54,33,16.8,17.7,7.0,8.7,0.6,0.5,0.6,0.542,0.385,0.774,25.3,14.6,0.562,-0.7,1.7
Nikola Murphy,PHI,2014-15,32,46,30,26.8,9.4,5.4,4.9,1.0,0.7,1.3,0.506,0.41,0.858,30.3,7.7,0.625,5.8,-0.3
Domantas Nelson,DEN,2014-15,23,32,11,24.9,18.0,7.6,5.6,1.7,1.7,2.1,0.411,0.411,0.669,23.8,17.7,0.555,1.4,2.8
Shai Anderson,WAS,2014-15,33,40,35,24.9,10.4,1.4,6.4,1.1,0.7,1.5,0.443,0.388,0.843,21.2,14.6,0.555,-1.1,3.9
Ja Johnson,BKN,2014-15,23,67,23,19.8,6.0,4.1,4.2,1.8,0.7,2.9,0.527,0.37,0.653,25.2,7.0,0.636,4.2,-0.1
Domantas Parker,SAC,2014-15,23,72,65,11.2,22.0,2.7,3.5,0.7,0.9,0.3,0.491,0.308,0.726,27.6,10.4,0.565,4.9,-1.8
Luka Adams,DET,2014-15,33,77,7,13.8,16.3,1.2,0.2,0.6,1.4,2.1,0.469,0.413,0.653,23.8,20.1,0.629,0.1,-0.4
Cade Wright,WAS,2014-15,28,31,19,30.2,6.9,8.4,4.0,0.7,0.7,2.5,0.487,0.394,0.817,28.4,21.0,0.598,4.5,2.9
Anthony Wilson,LAL,2014-15,23,69,54,23.0,7.1,9.9,5.1,1.1,1.1,1.7,0.492,0.331,0.809,20.7,19.7,0.518,-2.2,-1.7
Brandon King,ORL,2014-15,25,44,24,14.8,7.8,5.8,1.7,1.0,1.1,2.4,0.431,0.39,0.81,22.3,23.7,0.62,0.7,2.6
Malik Morris,DAL,2014-15,21,51,25,33.8,13.9,6.2,4.4,1.1,1.1,1.3,0.529,0.313,0.77,16.5,15.0,0.481,4.9,-1.9
Darius Davis,MIL,2014-15,25,62,3,22.1,10.7,3.0,5.1,1.7,0.4,2.4,0.392,0.407,0.908,19.6,11.3,0.515,1.0,-0.4
DeMar Thompson,DAL,2014-15,21,45,37,20.6,13.6,11.4,1.9,1.8,0.4,1.8,0.432,0.382,0.86,28.6,11.8,0.556,3.4,2.7
LaMelo Taylor,LAL,2014-15,24,81,14,29.8,16.8,4.9,1.4,0.9,0,1.8,0.518,0.317,0.881,18.4,19.6,0.49,0.4,2.1
Tyrese Anderson,SAC,2014-15,26,47,42,20.2,17.0,5.9,0.7,1.5,0.9,1.7,0.507,0.328,0.912,22.7,15.6,0.537,3.1,1.6
Khris Evans,NYK,2014-15,29,77,2,37.2,17.6,4.4,6.4,0.6,0.6,1.8,0.53,0.368,0.789,32.6,18.3,0.505,2.8,0.7
Zion Parker,DET,2014-15,23,53,1,37.2,15.4,1.5,7.1,0.7,0.3,1.0,0.511,0.357,0.843,20.9,24.2,0.599,0.7,2.5
Khris Miller,LAL,2014-15,20,41,41,26.7,16.2,0.5,0.2,1.0,0.4,2.5,0.472,0.398,0.814,34.6,16.6,0.595,-2.9,0.1
Giannis Morris,PHX,2014-15,25,27,4,24.0,8.8,0.5,7.4,1.6,1.3,3.1,0.488,0.323,0.874,15.8,10.4,0.506,-0.0,0.9
Domantas Mitchell,HOU,2014-15,25,60,10,31.6,14.9,3.4,4.1,1.3,0.4,2.1,0.539,0.373,0.902,19.0,18.3,0.569,5.1,0.2
DeAndre Collins,PHI,2015-16,35,61,49,36.2,12.9,6.1,2.7,1.2,0.2,2.5,0.411,0.348,0.694,23.4,23.0,0.616,-0.3,3.6
Jalen Thompson,POR,2015-16,22,36,7,28.7,15.4,1.9,3.1,0.4,0.7,1.8,0.517,0.408,0.9,20.3,11.5,0.636,-1.5,2.9
Fred Mitchell,WAS,2015-16,30,77,7,31.0,11.1,11.9,3.0,1.2,0.2,1.6,0.452,0.36,0.749,20.7,9.2,0.634,3.9,5.3
Darius Roberts,LAC,2015-16,28,62,31,32.8,11.2,7.9,0.5,1.3,1.2,2.0,0.509,0.373,0.82,30.4,23.8,0.513,5.6,2.4
DeAndre Wilson,SAS,2015-16,25,46,29,28.0,25.4,7.9,7.0,0.6,0.7,0.9,0.479,0.347,0.79,28.7,23.6,0.56,0.2,3.6
Kevin Stewart,CHA,2015-16,27,68,49,12.2,14.2,1.8,2.0,1.6,0,2.8,0.445,0.381,0.865,33.4,13.5,0.611,-4.8,-1.0
DeAndre Nelson,MIA,2015-16,29,72,38,30.7,4.3,9.0,2.5,0.4,0.6,2.0,0.534,0.331,0.813,27.9,8.8,0.576,4.7,1.6
Devin Stewart,POR,2015-16,32,61,3,15.9,12.1,0.5,3.3,1.2,0.5,0.3,0.428,0.397,0.836,24.4,11.7,0.523,-0.2,2.1
Jalen Parker,GSW,2015-16,26,72,72,38,13.5,11.1,0.2,1.5,1.7,2.2,0.383,0.281,0.894,25.5,20.6,0.617,2.9,3.3
Zion Stewart,NOP,2015-16,19,61,55,20.7,4.5,2.8,3.6,0.5,0.3,2.1,0.487,0.343,0.854,17.3,7.5,0.482,-5.4,0.2
James Reed,ORL,2015-16,28,74,44,29.7,13.9,9.6,1.8,0.4,0.7,2.6,0.404,0.287,0.756,30.1,10.3,0.583,-1.2,0.7
CJ Jackson,BKN,2015-16,28,65,65,18.3,9.7,8.5,3.1,0.9,0.1,0.3,0.426,0.393,0.755,33.1,21.4,0.592,3.6,-0.3
Damian Turner,DET,2015-16,23,30,20,28.5,15.8,10.7,0.2,0.7,0.9,2.3,0.394,0.367,0.81,34.3,17.1,0.537,-1.4,2.5
Domantas Young,IND,2015-16,31,43,21,28.1,19.3,7.2,3.0,0.2,0,2.2,0.513,0.418,0.899,20.2,16.6,0.594,0.4,5.0
Zach Morris,DET,2015-16,23,55,29,37.9,7.5,3.9,1.6,1.5,0.1,3.1,0.538,0.396,0.857,31.9,8.1,0.511,3.9,1.2
Kyle Moore,SAC,2015-16,34,47,6,27.3,17.9,12.3,6.5,0.5,0.3,3.0,0.53,0.379,0.716,33.8,13.4,0.503,-0.2,-0.8
Jayson White,POR,2015-16,31,54,3,24.5,11.8,6.6,0.2,0.8,0,1.1,0.467,0.359,0.838,21.7,13.9,0.53,5.1,1.4
Darius Mitchell,DAL,2015-16,23,41,23,10.7,21.6,7.7,3.4,0.5,1.5,0.4,0.527,0.385,0.865,16.5,14.7,0.609,-0.2,3.3
DeMar Campbell,LAL,2015-16,20,52,42,29.6,23.2,2.4,4.2,0.9,0.6,1.1,0.425,0.345,0.898,34.8,16.5,0.582,-2.9,0.3
DeMar Morris,MIL,2015-16,23,75,56,27.6,9.3,3.5,6.2,0.8,0.9,1.4,0.421,0.415,0.885,24.3,14.1,0.578,0.1,-0.8
Cade Young,ATL,2015-16,28,24,12,33.9,8.9,8.4,0.2,1.1,0.7,1.2,0.399,0.287,0.659,21.4,0.5,0.622,5.1,2.2
Ja Miller,BKN,2015-16,29,35,8,33.3,20.6,5.7,4.7,0.9,0.5,0.3,0.487,0.309,0.761,26.4,9.1,0.525,1.8,0.0
Jaylen King,CHA,2015-16,27,70,54,18.4,17.1,6.2,3.5,0.6,0,1.9,0.414,0.304,0.678,17.7,9.6,0.52,1.9,2.7
Luka Evans,CHA,2015-16,22,37,21,20.0,4.8,4.0,3.6,1.3,0.6,1.6,0.533,0.404,0.836,25.2,13.4,0.604,5.5,-1.6
Damian Murphy,SAS,2015-16,20,35,12,21.6,20.7,2.8,5.9,0.3,0.5,2.7,0.52,0.343,0.841,22.0,19.4,0.528,-1.8,-0.7
Zion Moore,MIL,2015-16,28,51,25,30.1,2,5.5,3.3,0.8,1.0,2.2,0.389,0.299,0.895,22.3,19.2,0.562,-0.6,-0.1
DeAndre Nelson,DEN,2015-16,35,72,5,38,28.0,8.2,3.1,0.3,0.1,2.2,0.549,0.306,0.652,18.3,8.8,0.644,-2.8,1.4
Kyle Carter,IND,2015-16,28,65,56,25.8,24.7,1.6,0.7,0.4,1.2,3.2,0.51,0.3,0.775,21.1,6.2,0.642,-6.7,-0.1
Ja Evans,DEN,2015-16,25,39,0,12.6,7.5,0.8,4.1,0.7,1.3,2.3,0.44,0.399,0.684,22.4,15.1,0.641,1.3,0.3
Ja Hill,DAL,2015-16,24,72,54,12.6,8.4,3.6,0.2,1.5,0.6,4.0,0.404,0.323,0.666,28.3,10.0,0.612,0.2,3.4
Kyle Baker,DET,2015-16,23,29,11,33.6,2,1.5,6.8,2.6,0.5,1.1,0.492,0.363,0.681,18.4,19.0,0.637,1.4,1.4
Jordan Lopez,DEN,2015-16,23,55,51,22.1,24.2,2.1,6.9,0.9,0.3,1.6,0.422,0.325,0.774,20.9,21.7,0.61,3.8,0.9
Tyrese Wright,POR,2015-16,32,75,59,23.7,18.4,0.5,5.5,2.0,0.7,2.8,0.487,0.312,0.853,18.3,18.0,0.606,-0.8,3.3
Cade Phillips,BOS,2015-16,23,26,11,20.9,11.2,5.8,2.9,0.9,1.4,2.3,0.462,0.3,0.683,16.0,12.3,0.5,2.2,0.5
Darius Wilson,ATL,2015-16,27,50,18,38,2,6.3,4.1,1.4,0,3.6,0.512,0.399,0.763,21.4,14.4,0.513,0.6,5.8
Bam Edwards,NYK,2015-16,20,43,31,37.6,14.4,4.0,4.3,1.8,0.9,3.0,0.415,0.39,0.849,19.6,15.3,0.632,-4.0,-0.5
Jayson Stewart,ORL,2015-16,24,46,30,25.4,5.7,0.5,6.4,1.5,0,2.7,0.493,0.299,0.72,32.3,13.1,0.622,-5.4,-1.3
Jaylen Martin,MIN,2015-16,34,72,49,23.4,12.2,2.3,8.6,0.3,1.0,0.7,0.457,0.31,0.831,25.1,19.5,0.547,1.8,0.1
Marcus Morris,LAC,2015-16,26,74,33,30.5,34.3,0.5,4.2,0.7,1.2,3.2,0.423,0.313,0.84,33.2,10.3,0.495,1.5,0.5
Giannis Mitchell,PHI,2015-16,21,46,43,28.4,11.8,4.3,0.8,0.9,1.1,1.3,0.528,0.299,0.885,32.7,11.7,0.502,1.2,-1.1
Nikola Jackson,ATL,2015-16,23,23,3,15.7,19.2,5.5,2.3,0.8,1.2,0.7,0.515,0.378,0.771,23.9,18.8,0.586,-0.3,1.0
Jalen Phillips,CLE,2015-16,27,50,37,33.6,14.2,6.9,5.4,0.2,0.3,2.8,0.385,0.382,0.729,18.4,16.0,0.577,-2.7,0.4
Luka Wilson,MIN,2015-16,22,76,66,23.6,11.1,1.8,3.5,0.9,0.4,2.9,0.413,0.379,0.795,34.1,9.8,0.607,0.8,0.2
Jordan Morris,CLE,2015-16,33,36,19,33.0,22.0,1.1,2.5,0.6,0.7,2.9,0.412,0.316,0.893,34.4,18.6,0.612,-2.1,2.2
DeMar Williams,BOS,2015-16,30,63,61,24.1,17.2,4.8,3.7,1.7,0.9,2.7,0.546,0.322,0.831,17.5,26.1,0.563,-2.2,2.2
Damian Miller,DAL,2015-16,20,50,1,30.2,11.9,1.4,3.3,0.3,0.8,0.7,0.545,0.409,0.754,20.3,8.5,0.591,-3.3,6.6
DeAndre Roberts,HOU,2015-16,25,28,6,27.1,10.9,6.1,1.8,0.2,0.4,0.7,0.488,0.289,0.767,17.6,14.0,0.615,3.3,-0.7
Cade White,PHX,2015-16,24,41,37,15.0,18.8,0.5,0.5,0.6,0.3,2.1,0.508,0.411,0.754,29.6,17.7,0.621,5.3,-0.6
Kyle Wilson,DEN,2015-16,31,59,28,25.7,3.2,7.1,0.3,0.8,0,1.3,0.536,0.306,0.666,24.7,15.2,0.598,3.0,1.6
Nikola Young,TOR,2015-16,27,62,53,29.4,15.4,7.5,2.6,0.9,0.8,2.7,0.453,0.39,0.894,20.1,15.1,0.632,-1.1,4.1
Devin Lopez,SAC,2015-16,30,82,44,38,12.6,7.3,0.2,0.8,0.8,2.8,0.471,0.395,0.669,28.2,10.2,0.524,3.5,0.7
Kyle Wright,DAL,2015-16,29,48,11,25.2,2,1.8,7.4,0.5,0.4,1.6,0.538,0.413,0.705,19.5,16.5,0.599,2.8,1.1
Julius Turner,OKC,2015-16,28,72,23,21.0,14.1,7.4,4.8,0.4,0.3,2.0,0.505,0.345,0.659,27.6,4.7,0.553,1.3,1.6
Jordan Miller,DEN,2015-16,25,82,21,24.1,18.7,3.8,3.1,1.3,0.7,1.1,0.455,0.32,0.83,24.8,8.8,0.633,-4.6,4.4
Darius Johnson,SAS,2015-16,25,36,24,18.0,7.8,6.0,2.4,0.6,0.8,3.7,0.399,0.417,0.915,17.7,11.2,0.625,1.8,3.0
Tyler Thompson,GSW,2015-16,27,51,17,16.9,9.0,5.3,4.7,0.9,0.3,1.9,0.404,0.385,0.873,32.4,14.4,0.597,-1.2,-1.2
Tyrese Carter,MEM,2015-16,28,32,25,23.7,19.9,4.8,6.3,0.8,0.2,1.7,0.445,0.409,0.689,15.6,10.2,0.516,1.3,3.3
Andre Campbell,PHI,2015-16,22,48,26,25.5,18.9,6.0,3.1,0.8,0.7,1.2,0.512,0.359,0.914,19.8,18.1,0.6,1.0,0.1
Jayson Parker,WAS,2015-16,37,76,25,12.9,15.6,1.4,1.6,1.2,0.7,2.0,0.417,0.411,0.844,15.0,19.0,0.619,1.3,3.7
Cade Moore,LAL,2015-16,33,75,13,34.2,4.4,5.4,2.7,0.7,0.9,0.3,0.395,0.331,0.831,34.1,11.0,0.547,2.8,0.2
Luka Hill,PHI,2015-16,35,22,3,26.3,13.8,4.3,1.4,0.7,1.2,4.2,0.425,0.354,0.838,25.4,12.9,0.54,-3.5,0.9
CJ Anderson,SAS,2015-16,29,76,66,26.2,13.4,8.3,6.1,0.5,1.2,1.7,0.486,0.353,0.876,17.7,12.5,0.624,-0.2,0.9
Joel Campbell,CHA,2015-16,23,55,30,30.7,12.4,1.9,1.2,1.1,0.6,2.3,0.423,0.337,0.831,28.5,12.7,0.515,4.2,1.5
Julius Adams,MEM,2015-16,28,33,30,25.5,8.5,2.7,5.8,0.4,1.6,1.4,0.441,0.355,0.856,32.7,15.5,0.617,-2.2,-0.4
Zion Morris,TOR,2015-16,25,68,49,38,8.9,3.6,2.7,1.7,0.6,2.7,0.529,0.357,0.715,17.6,15.4,0.645,0.4,3.7
Julius Nelson,UTA,2015-16,27,29,9,29.4,19.0,3.9,0.2,0.1,0.4,2.5,0.472,0.4,0.728,20.4,16.7,0.635,1.8,4.2
Nikola Wilson,CLE,2015-16,28,66,6,29.6,18.7,7.1,2.1,1.8,0.3,0.3,0.5,0.396,0.671,34.5,21.4,0.639,0.5,-2.0
Chris Wright,CHA,2015-16,25,72,18,20.0,11.9,9.0,2.5,1.5,0.4,0.3,0.452,0.418,0.654,32.4,15.0,0.618,5.2,3.7
Kyle Nelson,PHI,2015-16,21,46,44,14.7,10.4,5.8,6.2,0.5,0.9,3.5,0.385,0.315,0.775,24.6,15.2,0.565,-6.0,2.7
Ja Morris,BKN,2015-16,28,53,10,33.7,11.3,7.0,1.7,1.6,0,0.4,0.505,0.335,0.864,31.0,15.5,0.635,0.0,-2.3
Malik Wilson,DAL,2015-16,28,62,44,31.6,18.2,2.4,8.8,0.8,1.1,0.8,0.428,0.308,0.687,27.5,23.1,0.605,-1.3,4.2
Malik Collins,IND,2015-16,27,37,29,24.6,5.5,3.3,4.0,1.5,0,2.5,0.514,0.336,0.793,18.4,9.3,0.534,5.3,0.8
Jordan Phillips,MIN,2015-16,27,36,31,11.0,18.7,7.0,3.5,0.9,0,2.3,0.505,0.397,0.896,15.6,16.8,0.489,0.1,4.2
Joel Moore,CHI,2015-16,21,53,40,20.5,14.6,4.8,3.4,1.1,0,4.5,0.472,0.333,0.899,16.5,12.7,0.481,-1.5,3.9
Damian Martin,MIL,2015-16,22,40,37,34.3,11.5,2.1,0.7,1.8,0.5,2.8,0.539,0.328,0.907,18.3,16.4,0.64,-1.8,-0.7
Kyle Taylor,MEM,2015-16,23,42,2,9.5,8.1,3.3,2.9,0.8,1.0,1.2,0.419,0.293,0.685,28.7,20.3,0.564,3.2,4.3
Malik Johnson,PHI,2015-16,27,28,15,26.1,11.5,7.9,4.4,1.1,0.6,2.7,0.392,0.315,0.67,21.1,17.3,0.54,4.1,-0.3
Anthony Campbell,MIA,2015-16,25,45,22,17.0,10.1,7.4,2.8,1.4,0.9,0.8,0.423,0.3,0.806,31.0,11.6,0.615,3.2,-2.2
Marcus Davis,DET,2015-16,24,77,10,26.2,17.8,9.4,8.6,1.2,0,2.8,0.528,0.33,0.744,18.5,14.7,0.601,1.0,1.7
Anthony Anderson,BKN,2015-16,30,55,44,34.4,10.6,6.4,4.0,2.1,0.3,2.8,0.389,0.34,0.831,32.9,15.6,0.58,-0.0,6.6
Shai Phillips,BKN,2015-16,20,24,12,32.1,12.7,0.5,1.0,0.8,0,3.3,0.505,0.282,0.657,21.5,20.9,0.516,0.6,6.3
Joel Green,HOU,2015-16,25,41,36,18.4,14.3,7.1,2.4,2.3,0.2,1.5,0.541,0.366,0.874,28.0,20.9,0.641,2.0,3.4
Cade Roberts,CHI,2015-16,27,68,65,29.4,16.5,4.9,4.6,1.2,0,3.5,0.528,0.295,0.685,27.8,11.9,0.624,-1.2,0.1
Damian Anderson,TOR,2015-16,22,82,6,33.8,13.4,0.5,1.0,1.3,0.1,1.8,0.454,0.303,0.716,29.9,8.9,0.601,-2.4,0.3
LaMelo Taylor,MIN,2015-16,25,35,4,24.9,2,3.5,2.9,1.7,0,1.8,0.533,0.389,0.816,15.2,16.6,0.491,-4.2,0.8
Shai Reed,PHX,2015-16,29,58,34,16.1,9.5,5.9,2.6,1.9,0.6,1.2,0.435,0.374,0.726,18.6,19.6,0.592,-4.1,1.7
James White,WAS,2015-16,35,66,7,16.0,13.2,0.5,4.9,0.5,0.2,3.8,0.512,0.33,0.864,34.3,6.9,0.565,1.7,1.4
Bam Green,IND,2015-16,33,75,46,27.0,16.7,8.2,3.3,0.5,0.1,2.7,0.418,0.352,0.807,21.6,17.5,0.504,-1.3,3.7
Chris Wilson,CHA,2015-16,31,34,16,21.5,8.9,7.4,4.5,1.2,0.8,2.0,0.482,0.36,0.809,31.0,16.2,0.536,-3.1,-1.4
Jayson Taylor,MIA,2015-16,27,82,52,33.6,14.9,8.9,0.2,1.8,0.6,1.0,0.438,0.312,0.866,27.9,17.3,0.554,-0.4,3.6
Fred Thompson,NYK,2015-16,21,29,5,21.5,7.0,4.2,3.6,1.9,1.3,1.7,0.451,0.403,0.869,16.4,16.6,0.549,3.3,1.9
Jayson Williams,CLE,2015-16,22,65,58,24.8,8.2,5.6,0.2,0.4,0,1.4,0.465,0.341,0.837,19.5,5.9,0.611,3.2,1.3
Marcus Hill,MIN,2015-16,32,63,58,21.5,16.3,8.7,2.2,0.9,0.5,0.3,0.404,0.416,0.804,29.4,23.8,0.574,3.8,1.8
DeAndre Young,LAC,2015-16,24,77,38,35.9,9.1,6.7,5.8,0.7,0,3.2,0.53,0.366,0.734,32.9,17.1,0.57,2.6,-0.4
Tyrese Green,LAC,2015-16,30,36,30,30.0,19.7,9.5,0.8,0.8,0.3,1.0,0.54,0.299,0.709,34.8,14.9,0.561,-0.7,1.3
Jordan Edwards,CHI,2015-16,21,75,60,31.1,20.5,4.7,0.6,0.1,0,3.1,0.48,0.403,0.739,23.5,18.0,0.63,-3.2,-0.5
Domantas Nelson,DEN,2015-16,22,38,15,25.7,13.0,6.7,6.0,0.4,0.1,1.9,0.437,0.388,0.754,21.1,20.1,0.589,-1.9,0.4
Andre Brown,DAL,2015-16,32,70,37,18.3,17.6,5.8,0.2,1.1,0,0.6,0.418,0.393,0.911,19.8,15.2,0.547,-0.5,-3.8
Jrue Jackson,CHI,2015-16,27,69,30,23.2,17.6,7.7,2.5,1.4,0.7,2.3,0.389,0.347,0.777,25.3,8.0,0.537,1.6,1.8
CJ Nelson,DAL,2015-16,29,58,36,26.7,14.2,7.4,2.0,1.0,0.2,1.8,0.454,0.418,0.725,30.4,18.6,0.613,-4.8,3.6
Donovan Brown,IND,2015-16,23,60,32,5,8.9,8.2,3.0,1.0,0.6,0.9,0.527,0.388,0.805,20.9,19.1,0.501,4.4,4.4
Giannis Evans,ORL,2015-16,20,65,62,24.0,17.2,0.5,5.5,0.6,0,1.8,0.386,0.369,0.767,31.9,17.2,0.498,-2.3,1.8
Malik Allen,MIL,2015-16,38,63,28,15.4,13.2,4.6,0.4,1.5,1.3,2.1,0.423,0.325,0.867,22.8,18.8,0.601,-0.2,1.0
Domantas Thomas,BKN,2015-16,24,53,25,32.7,15.5,6.4,2.0,1.2,0,1.9,0.474,0.412,0.845,31.5,8.3,0.647,0.8,2.1
Giannis Wilson,MIN,2015-16,25,28,10,14.0,5.0,5.9,3.1,1.2,0.7,0.5,0.432,0.316,0.654,33.3,12.5,0.482,3.9,2.0
Jalen Thomas,BKN,2015-16,22,76,47,22.8,14.6,4.9,12.6,0.7,0.2,3.3,0.546,0.387,0.73,19.6,17.3,0.606,-3.7,-3.1
James Cook,CLE,2015-16,25,41,29,31.3,24.5,3.2,4.4,0.8,0.4,3.2,0.407,0.383,0.88,19.7,20.4,0.482,3.6,4.3
Malik Brown,HOU,2015-16,25,50,18,25.7,16.8,3.6,6.1,0.4,1.0,1.0,0.53,0.4,0.881,28.7,18.7,0.52,-0.4,3.0
Tyrese Evans,CHA,2015-16,25,27,16,14.0,25.4,1.2,2.8,1.4,0.1,3.2,0.38,0.405,0.708,33.5,11.2,0.637,2.6,-2.4
Damian Roberts,TOR,2015-16,25,40,6,14.3,7.2,2.7,5.3,0,1.1,2.4,0.402,0.349,0.812,17.2,13.3,0.553,-0.7,0.3
Brandon Parker,DAL,2015-16,27,52,34,32.1,19.6,3.3,1.0,1.0,0.6,2.4,0.493,0.351,0.669,15.4,12.9,0.624,0.5,2.7
Jayson Wilson,BKN,2015-16,26,50,19,37.5,21.4,1.8,7.4,2.1,0,2.7,0.545,0.287,0.836,18.6,11.4,0.528,-0.2,4.5
DeAndre Wilson,MIL,2015-16,26,76,55,19.5,5.6,6.3,3.0,0.5,1.0,2.0,0.484,0.296,0.886,26.2,17.8,0.504,0.6,3.4
Ja Cook,POR,2015-16,26,39,10,31.7,13.7,6.1,3.9,0.7,0.5,3.8,0.456,0.299,0.895,16.3,16.3,0.522,2.8,-2.3
Nikola Baker,IND,2015-16,21,20,2,23.6,11.5,2.5,6.5,1.0,1.2,3.1,0.383,0.403,0.819,34.7,8.1,0.533,-2.4,2.5
Donovan Baker,BKN,2015-16,26,39,24,28.2,22.9,5.0,4.9,0.5,0.8,1.7,0.445,0.296,0.705,21.4,9.5,0.574,-1.0,3.0
Pascal Baker,UTA,2015-16,27,55,31,18.1,17.9,9.1,0.8,1.2,1.1,1.3,0.424,0.395,0.664,31.5,17.9,0.547,3.3,1.8
Marcus White,WAS,2015-16,22,45,34,30.1,17.3,2.1,7.1,0.6,1.4,2.1,0.402,0.35,0.803,17.2,9.5,0.542,0.3,1.6
CJ Collins,TOR,2015-16,29,59,8,13.3,10.5,5.9,0.2,0.9,0.1,3.8,0.52,0.329,0.843,29.1,13.1,0.619,2.0,1.2
Andre Baker,MIN,2015-16,22,62,25,18.7,21.2,9.6,2.1,0.8,0.9,2.8,0.452,0.282,0.861,16.7,12.0,0.549,-1.3,4.3
Julius Edwards,WAS,2015-16,26,44,1,14.5,16.5,1.9,3.7,1.2,0.9,2.4,0.497,0.399,0.89,34.9,16.3,0.61,0.4,0.4
Cade Miller,NYK,2015-16,22,66,35,20.5,18.6,5.3,0.2,0.6,0.3,2.4,0.523,0.348,0.871,33.5,21.6,0.643,5.8,-1.3
Trae Adams,SAC,2015-16,20,39,14,30.4,21.0,3.7,4.4,1.0,0.2,3.0,0.457,0.381,0.798,17.8,8.4,0.581,-1.4,0.5
Nikola Lopez,SAS,2015-16,22,59,19,30.8,22.0,0.5,5.5,1.1,0.2,1.7,0.394,0.285,0.899,22.0,4.0,0.55,0.8,2.5
Joel Campbell,TOR,2015-16,22,79,56,20.5,16.5,3.0,6.7,0.9,0.7,2.0,0.393,0.346,0.735,29.5,18.4,0.648,-2.8,2.4
Giannis Cook,DEN,2015-16,25,41,2,16.5,12.7,2.5,4.6,0.4,0.4,0.7,0.504,0.301,0.873,29.2,14.1,0.602,0.8,0.2
Brandon Lopez,ATL,2015-16,22,42,38,28.2,15.2,0.5,9.9,1.7,0,1.7,0.546,0.332,0.881,19.6,14.9,0.549,-1.3,1.4
Bam Young,ATL,2015-16,33,41,9,12.3,14.4,0.5,1.1,0.5,0.7,2.6,0.434,0.349,0.728,28.3,19.8,0.564,-1.6,-1.2
Damian Green,LAL,2015-16,22,42,18,34.5,2,9.8,9.1,1.9,1.0,1.9,0.403,0.353,0.711,16.9,12.8,0.548,-2.1,0.1
Domantas Carter,GSW,2015-16,22,57,25,29.9,13.6,4.5,1.6,1.8,0.6,4.2,0.548,0.403,0.887,33.4,14.7,0.538,-2.4,0.4
LaMelo Campbell,OKC,2015-16,20,76,75,29.6,15.9,0.5,4.4,1.6,0,0.9,0.466,0.359,0.848,34.9,17.1,0.628,0.4,2.8
Tyrese Murphy,TOR,2015-16,27,64,11,21.7,11.8,9.0,0.9,1.5,0.2,4.4,0.537,0.297,0.83,25.0,20.3,0.537,1.3,1.3
Zach Lopez,SAC,2015-16,23,61,9,38,2,6.6,6.2,0.8,0.9,2.5,0.408,0.305,0.771,22.0,6.5,0.595,1.4,0.3
Cade Mitchell,NOP,2015-16,32,72,19,19.4,14.4,4.2,4.8,1.5,0.9,2.0,0.412,0.338,0.82,18.8,13.0,0.635,-0.9,0.9
Andre Phillips,UTA,2015-16,20,30,13,35.5,18.1,4.0,7.3,1.2,0.3,3.3,0.393,0.338,0.729,23.7,8.0,0.524,3.1,2.9
Luka Cook,DEN,2015-16,24,77,65,28.3,18.5,5.9,3.1,1.6,0,4.1,0.541,0.387,0.852,22.7,9.9,0.56,1.5,-2.8
Tyrese Thompson,CHI,2015-16,29,24,4,16.6,15.6,9.7,2.4,0.5,0.6,4.1,0.432,0.304,0.739,18.2,14.6,0.482,-4.2,1.6
Brandon Hill,MIA,2015-16,23,21,10,28.5,9.2,3.7,6.2,1.4,0.7,0.3,0.466,0.341,0.84,29.2,7.3,0.612,-3.5,6.1
Joel Campbell,NYK,2015-16,23,51,22,21.5,11.8,4.2,4.3,0.3,0.5,2.2,0.445,0.329,0.75,17.6,25.4,0.498,0.3,2.9
DeAndre Green,HOU,2015-16,27,62,30,36.6,14.1,5.8,4.0,0.7,0.9,0.3,0.46,0.391,0.846,33.6,14.0,0.616,-1.7,1.0
Malik Evans,IND,2015-16,24,72,0,17.7,21.1,6.1,3.8,0.4,0.4,2.5,0.547,0.365,0.821,26.0,18.9,0.614,4.8,-0.0
Bam Reed,CLE,2015-16,28,48,21,20.6,18.6,3.2,1.0,1.3,0.6,1.8,0.501,0.317,0.681,31.9,18.1,0.545,-1.6,0.2
Kyle Morris,TOR,2015-16,21,55,50,25.6,20.6,7.5,8.3,1.4,1.5,1.8,0.432,0.308,0.826,26.9,16.9,0.585,5.0,1.6
Tyrese Williams,SAS,2015-16,25,72,28,18.6,18.1,6.0,5.3,1.4,0.9,2.6,0.529,0.419,0.908,31.5,16.4,0.502,-0.6,0.2
Fred Davis,CHI,2015-16,36,41,8,13.2,4.2,8.6,6.2,0,0.8,1.7,0.521,0.303,0.756,26.6,21.3,0.486,-6.9,2.0
Fred Carter,ATL,2015-16,21,71,12,36.1,13.9,9.6,4.0,1.6,0.7,0.9,0.542,0.33,0.858,33.6,14.6,0.617,-1.1,0.4
Zion Phillips,GSW,2015-16,26,27,0,17.9,3.0,2.3,5.2,0.6,1.0,2.2,0.528,0.379,0.7,25.7,12.6,0.592,0.1,1.9
DeAndre Reed,DET,2015-16,37,47,35,13.9,16.6,7.9,5.0,1.0,0.9,1.7,0.411,0.404,0.725,29.4,13.7,0.522,-2.8,2.0
Trae Morris,ATL,2015-16,28,28,23,27.2,16.3,5.0,0.4,1.3,0,0.3,0.451,0.354,0.761,16.5,25.8,0.517,-0.6,1.8
Pascal Thompson,ATL,2015-16,24,63,17,24.1,13.7,8.0,4.9,0.7,0.4,1.8,0.466,0.37,0.704,15.4,17.3,0.643,-2.0,4.5
Joel Thomas,MIL,2015-16,27,77,40,9.9,15.8,3.8,6.0,0.3,0.1,3.2,0.427,0.336,0.703,34.7,16.8,0.539,2.5,0.3
Julius Young,BOS,2015-16,32,77,5,30.6,13.9,8.6,6.3,0.8,1.0,2.1,0.458,0.338,0.696,16.9,17.1,0.538,-0.9,4.3
Chris Stewart,SAC,2015-16,25,42,33,28.4,18.5,6.5,0.2,0.7,1.7,4.0,0.51,0.406,0.758,28.6,14.6,0.546,6.5,-1.8
CJ Martin,GSW,2015-16,24,33,16,23.5,16.2,0.5,0.2,1.0,0.9,0.4,0.444,0.333,0.678,23.0,19.9,0.483,-2.3,2.4
Khris Martin,DEN,2015-16,27,61,5,19.1,12.3,5.2,4.2,0.6,0.9,2.3,0.489,0.35,0.684,29.2,13.2,0.622,1.3,1.0
Giannis Phillips,LAC,2015-16,20,22,15,32.2,17.4,6.4,6.2,1.7,1.4,1.8,0.532,0.374,0.766,27.0,15.2,0.629,3.3,2.7
Domantas Parker,LAL,2015-16,24,67,53,17.5,13.2,5.9,1.5,0.4,0.6,3.2,0.538,0.359,0.699,21.8,10.2,0.532,4.2,-0.4
Jalen Baker,DEN,2015-16,26,54,23,25.9,6.7,8.7,3.1,1.0,0.3,2.0,0.449,0.378,0.913,26.5,14.5,0.494,0.1,0.7
Jaylen Williams,POR,2015-16,28,26,12,38,5.2,1.4,3.4,1.2,0,1.8,0.429,0.325,0.799,18.6,4.6,0.585,-1.7,5.5
LaMelo Thompson,LAL,2015-16,24,65,30,16.7,19.6,7.1,6.0,0.4,0.3,2.2,0.434,0.392,0.913,32.3,9.8,0.49,1.2,-0.3
Ja Jackson,CHA,2015-16,34,44,9,21.7,5.3,8.3,0.2,1.6,0.7,1.7,0.417,0.354,0.751,31.7,7.4,0.617,1.2,-2.1
James Martin,LAC,2015-16,23,40,25,26.2,20.0,2.2,2.1,0.8,0.7,2.9,0.416,0.283,0.823,25.3,21.1,0.638,1.3,2.3
Fred Wright,DET,2015-16,36,75,54,29.7,22.3,7.9,6.6,1.8,1.1,2.9,0.387,0.392,0.81,26.2,16.5,0.557,1.5,2.4
DeAndre Moore,ATL,2015-16,23,40,0,16.9,11.0,6.1,2.1,0.7,0.8,1.6,0.431,0.411,0.675,17.6,11.0,0.517,1.5,2.0
Pascal Allen,NOP,2015-16,27,74,62,27.9,14.6,5.1,5.2,1.2,1.1,3.7,0.514,0.333,0.702,16.6,18.5,0.621,-3.6,1.4
Jalen Morris,MIL,2015-16,22,65,53,21.5,23.7,4.5,4.8,0.9,2.5,1.0,0.449,0.288,0.721,25.1,16.9,0.643,-0.0,1.1
Jalen Murphy,SAS,2015-16,35,49,25,36.5,13.2,3.3,2.0,0.3,0.6,1.3,0.458,0.4,0.705,28.0,18.6,0.645,6.4,0.9
Malik Wilson,POR,2015-16,21,79,46,32.6,14.8,0.5,1.7,0,0.9,3.4,0.479,0.393,0.867,29.8,21.1,0.556,-3.6,-0.2
Trae Miller,CLE,2015-16,27,21,4,20.7,25.2,9.2,1.4,1.5,0.6,3.3,0.479,0.356,0.78,20.1,16.8,0.568,-3.5,1.1
Devin Turner,GSW,2015-16,21,61,30,19.4,14.1,7.0,5.3,1.6,1.6,1.3,0.381,0.326,0.69,26.6,1.7,0.595,-4.5,0.7
Kevin Johnson,MIA,2015-16,30,76,30,17.0,6.5,2.0,5.6,0.9,0.7,1.3,0.485,0.42,0.852,32.1,12.2,0.534,-3.8,5.5
CJ Evans,MIN,2015-16,24,82,59,38,16.4,1.1,5.1,0.8,0.1,1.7,0.473,0.387,0.913,30.2,15.2,0.571,1.2,1.4
Tyrese King,CHI,2015-16,24,65,30,24.6,25.8,5.2,0.8,1.8,0.4,1.3,0.483,0.334,0.882,23.1,15.1,0.483,1.5,0.2
Devin Mitchell,NYK,2015-16,29,72,28,13.2,3.2,2.3,4.6,1.3,0.7,3.6,0.436,0.331,0.9,19.1,9.6,0.617,1.4,-0.9
Tyrese Johnson,DET,2015-16,27,44,26,24.1,14.6,6.0,6.4,1.1,1.1,2.9,0.532,0.35,0.673,22.2,19.2,0.577,-3.2,2.2
Donovan Green,ORL,2015-16,23,43,29,34.5,17.6,8.5,1.8,1.0,1.4,2.4,0.423,0.334,0.674,15.5,13.6,0.589,0.9,1.8
Kyle Campbell,PHI,2015-16,26,22,22,38,15.1,3.9,4.8,1.7,0,2.9,0.492,0.344,0.723,15.2,11.1,0.56,-3.8,3.7
Domantas Mitchell,PHI,2015-16,20,50,8,13.7,19.1,2.5,2.5,1.2,0.7,1.7,0.413,0.305,0.853,31.3,13.6,0.641,3.7,-1.6
Julius Moore,HOU,2015-16,30,26,0,33.4,16.1,5.7,1.6,0.4,0.6,2.2,0.39,0.304,0.916,18.0,7.6,0.601,-2.4,0.7
Ja Lopez,GSW,2015-16,29,51,46,38,18.2,5.8,4.6,1.4,0.6,3.0,0.525,0.358,0.801,32.7,19.3,0.527,-4.8,2.9
Ja Campbell,GSW,2015-16,34,49,37,33.3,23.1,3.3,0.2,1.7,0.3,1.5,0.547,0.375,0.839,28.9,13.2,0.629,-1.6,1.0
Darius Green,HOU,2015-16,22,39,14,34.7,18.5,0.5,2.1,0.9,0.3,3.2,0.438,0.308,0.863,22.3,13.0,0.576,-0.6,0.6
Andre Baker,DEN,2015-16,29,81,59,30.0,5.5,5.1,6.0,1.0,1.4,2.4,0.537,0.376,0.75,34.5,15.1,0.615,-3.3,0.5
Domantas Nelson,SAC,2015-16,25,61,49,14.1,2.9,4.7,0.2,1.0,1.0,0.3,0.461,0.362,0.742,26.8,14.0,0.573,2.4,2.6
Shai Anderson,MIA,2015-16,32,45,42,26.2,16.0,3.8,4.2,1.4,0.9,1.2,0.403,0.386,0.866,16.8,18.7,0.623,-2.7,-0.6
Ja Johnson,PHX,2015-16,23,78,62,34.3,7.4,6.7,3.7,0.9,1.0,2.3,0.511,0.394,0.888,25.6,4.2,0.595,6.2,2.9
Domantas Parker,CHA,2015-16,26,67,55,19.1,16.8,5.4,3.0,1.6,0.6,0.8,0.404,0.307,0.708,21.4,15.8,0.594,-0.9,4.4
Devin Thompson,ATL,2015-16,19,25,20,19.5,17.5,2.8,5.7,0.9,0,1.8,0.425,0.338,0.708,26.0,14.1,0.65,-0.7,3.7
Zach Parker,LAL,2015-16,22,36,28,38,9.7,4.6,2.4,0.9,0.5,0.4,0.414,0.35,0.88,30.5,17.9,0.542,-0.1,2.2
Luka Adams,PHX,2015-16,37,35,0,26.4,17.2,2.3,0.5,2.2,0,2.8,0.509,0.358,0.715,21.0,22.0,0.592,-2.0,-0.2
Zach Adams,POR,2015-16,22,64,38,26.5,9.7,8.5,5.9,1.6,0.8,2.9,0.476,0.352,0.697,34.8,14.8,0.637,4.5,0.3
Cade Wright,TOR,2015-16,29,49,16,23.8,13.9,4.8,5.5,0.7,0.6,3.2,0.49,0.358,0.89,31.3,13.3,0.579,3.3,3.1
Anthony Wilson,SAC,2015-16,24,26,23,26.2,17.3,3.3,4.4,0.6,1.9,2.1,0.518,0.418,0.889,32.0,12.7,0.543,1.5,3.0
Brandon King,LAC,2015-16,28,21,19,24.6,7.6,5.8,2.3,1.4,0.3,3.5,0.408,0.32,0.693,19.6,9.8,0.65,-3.5,-1.6
Malik Morris,NOP,2015-16,23,51,17,22.1,17.3,5.2,5.6,1.1,0.1,2.5,0.465,0.38,0.769,22.3,11.4,0.619,1.9,0.3
Darius Davis,PHX,2015-16,26,33,33,32.9,27.9,2.7,1.9,1.6,0.5,1.2,0.424,0.294,0.79,17.0,17.0,0.525,-7.1,1.9
DeMar Thompson,ORL,2015-16,22,44,41,21.3,9.3,5.0,3.1,1.1,0.8,3.7,0.403,0.354,0.863,26.0,18.7,0.583,-0.5,1.4
LaMelo Taylor,DAL,2015-16,24,20,16,26.2,4.2,4.3,5.2,0,0.4,2.1,0.546,0.381,0.812,15.7,15.5,0.554,-3.5,2.5
Tyrese Anderson,BKN,2015-16,25,66,34,32.2,12.4,3.1,2.4,1.5,0,1.9,0.506,0.324,0.755,20.6,12.2,0.619,2.5,-0.9
Khris Evans,CHI,2015-16,31,66,53,29.4,22.6,4.2,5.6,0.2,1.5,1.9,0.431,0.328,0.818,15.6,6.2,0.507,-3.8,0.7
Zion Parker,SAC,2015-16,25,60,39,25.1,18.3,4.4,2.7,1.2,0,2.0,0.385,0.351,0.8,18.9,21.0,0.591,6.4,1.2
Khris Miller,TOR,2015-16,22,76,63,38,24.1,1.8,5.1,0.8,0.1,1.4,0.447,0.417,0.675,33.0,19.2,0.543,-0.1,-2.6
Giannis Morris,TOR,2015-16,25,31,30,25.5,9.2,7.6,2.8,1.2,0.9,2.2,0.529,0.368,0.808,17.8,15.6,0.507,2.8,2.1
Domantas Mitchell,DAL,2015-16,24,61,48,14.8,2.7,0.5,2.3,0.5,0.3,1.0,0.403,0.35,0.899,29.6,19.9,0.536,0.4,1.8
Jalen Thompson,WAS,2016-17,21,32,8,22.9,13.9,2.2,0.9,1.4,0.3,4.7,0.398,0.333,0.839,32.4,15.3,0.626,-0.8,4.2
Fred Mitchell,DET,2016-17,31,46,1,7.7,10.1,10.6,1.5,1.8,1.0,4.0,0.504,0.334,0.843,32.8,12.7,0.646,-4.1,2.2
Darius Roberts,SAC,2016-17,29,76,22,22.2,11.7,8.3,0.2,2.3,0.1,1.1,0.444,0.34,0.716,32.8,14.2,0.579,-1.4,1.1
Kevin Stewart,MEM,2016-17,29,77,49,25.2,9.9,3.0,5.7,0.7,0.6,1.7,0.42,0.346,0.659,27.7,11.2,0.612,-6.0,1.8
DeAndre Nelson,CHI,2016-17,30,25,14,27.6,13.1,4.9,3.8,0.9,0,2.3,0.506,0.416,0.739,20.8,13.3,0.568,-1.1,1.6
Devin Stewart,BOS,2016-17,33,61,17,32.2,17.8,6.2,2.2,0.1,1.3,1.1,0.498,0.376,0.804,18.6,3.9,0.54,-0.4,2.1
Jalen Parker,OKC,2016-17,28,57,6,18.2,8.1,1.8,1.9,0.6,0.7,3.4,0.407,0.33,0.833,20.7,15.8,0.538,7.0,-0.1
Zion Stewart,DEN,2016-17,21,27,20,19.4,11.2,10.7,6.0,0,1.4,0.9,0.388,0.363,0.898,17.7,25.1,0.508,-1.3,-0.1
James Reed,MIN,2016-17,28,56,19,6.3,2,5.5,0.8,0.4,1.5,1.8,0.529,0.362,0.689,19.4,21.3,0.565,3.1,-1.5
CJ Jackson,PHX,2016-17,30,80,53,37.1,9.7,0.5,0.2,1.5,0.5,3.7,0.385,0.314,0.721,27.2,16.0,0.518,-4.8,-0.2
Damian Turner,WAS,2016-17,23,32,24,28.6,14.5,3.0,2.4,1.3,0.6,1.6,0.483,0.319,0.761,24.6,17.9,0.599,1.1,2.3
Domantas Young,CHA,2016-17,30,57,3,33.1,15.5,5.0,4.2,0.4,0.3,3.3,0.533,0.347,0.801,32.7,13.2,0.607,-0.2,0.9
Zach Morris,LAC,2016-17,25,47,30,32.1,5.7,4.5,1.6,0.8,1.2,0.3,0.503,0.324,0.841,21.6,19.0,0.607,3.9,3.2
Kyle Moore,LAC,2016-17,34,75,0,20.9,11.5,4.2,2.4,0.2,0.2,2.9,0.39,0.287,0.835,31.3,12.4,0.628,2.6,3.3
Jayson White,SAS,2016-17,30,20,11,18.2,15.5,2.6,7.1,1.1,1.4,2.6,0.407,0.397,0.9,16.8,19.2,0.511,-2.2,1.2
Darius Mitchell,MEM,2016-17,23,77,21,23.1,11.0,4.7,2.4,1.6,1.2,2.4,0.463,0.291,0.891,23.4,8.8,0.585,0.5,-1.2
Jalen Davis,BKN,2016-17,22,76,18,28.8,12.8,6.9,2.9,0.8,0.8,1.2,0.491,0.339,0.889,30.3,16.6,0.579,-2.0,2.1
DeMar Campbell,BOS,2016-17,21,41,40,23.8,11.6,1.4,6.0,1.3,1.0,2.3,0.546,0.292,0.731,19.0,11.0,0.538,-2.5,2.1
Zach Young,NYK,2016-17,21,77,21,18.1,17.1,6.3,6.0,0.6,0.4,0.8,0.435,0.393,0.882,21.4,10.4,0.576,-1.4,1.1
DeMar Morris,UTA,2016-17,22,79,12,20.1,17.7,3.0,6.3,1.0,0,2.2,0.461,0.281,0.894,22.7,7.1,0.596,0.7,1.0
Cade Young,CHA,2016-17,29,64,29,20.8,15.0,0.5,1.3,1.0,0.7,1.1,0.438,0.314,0.835,33.4,12.5,0.507,2.3,0.2
Ja Miller,OKC,2016-17,30,80,69,24.5,9.9,12.9,0.2,0.6,1.0,2.4,0.495,0.374,0.821,24.0,16.1,0.621,-2.9,0.4
Luka Evans,NYK,2016-17,24,77,70,23.3,19.1,10.6,0.2,0.3,0.1,2.6,0.469,0.287,0.748,23.5,7.3,0.494,-2.8,0.1
Damian Murphy,CLE,2016-17,23,44,28,18.1,8.9,8.6,2.4,0.4,1.4,1.7,0.467,0.338,0.657,31.7,14.2,0.616,0.4,8.5
Zion Moore,SAS,2016-17,27,32,4,13.5,13.4,4.4,6.6,0.8,0.4,1.1,0.519,0.332,0.792,28.4,12.4,0.57,1.6,2.2
DeAndre Nelson,NOP,2016-17,36,30,9,14.2,21.0,8.0,0.8,0.5,0.1,1.6,0.422,0.292,0.879,22.8,13.4,0.564,1.1,3.4
Kyle Carter,POR,2016-17,27,81,71,13.4,10.8,0.9,1.4,0.5,0.3,1.8,0.528,0.407,0.699,28.5,9.7,0.496,-4.5,2.0
Ja Evans,ORL,2016-17,27,42,41,38,25.4,5.8,1.8,0.8,0.3,3.4,0.498,0.297,0.862,19.1,11.5,0.565,1.7,-0.8
Ja Hill,CHA,2016-17,24,80,55,33.6,11.4,1.1,0.5,0.4,0.3,3.8,0.382,0.37,0.868,17.4,19.5,0.598,-1.5,2.5
Jordan Lopez,DAL,2016-17,21,51,28,36.6,19.3,3.5,4.6,1.3,0,2.1,0.529,0.308,0.695,19.0,9.7,0.558,-0.4,-0.1
Andre Cook,MEM,2016-17,19,45,38,22.3,21.9,1.0,5.9,1.0,0.6,0.8,0.436,0.399,0.84,30.3,17.2,0.577,-1.7,-1.8
Tyrese Wright,HOU,2016-17,33,38,38,22.9,26.0,1.6,5.3,0.6,1.2,1.5,0.485,0.355,0.902,16.8,26.9,0.614,-1.4,-0.5
Cade Phillips,MIA,2016-17,26,46,29,20.6,8.1,5.1,4.7,1.4,0.7,2.9,0.422,0.287,0.8,24.6,23.1,0.535,2.5,3.5
Darius Wilson,BOS,2016-17,29,29,7,25.2,15.4,0.5,4.2,1.3,0.6,2.2,0.413,0.375,0.87,20.2,21.4,0.6,-3.7,0.7
Bam Edwards,CLE,2016-17,21,70,39,35.8,5.1,10.9,2.8,1.9,0.5,2.3,0.492,0.292,0.872,28.4,21.0,0.542,-6.0,3.9
Jayson Stewart,CHA,2016-17,24,46,40,16.9,12.6,6.2,4.9,1.6,0.9,2.9,0.452,0.407,0.905,15.9,7.6,0.605,-3.6,-1.5
Marcus Morris,DAL,2016-17,28,36,15,26.7,13.2,5.6,1.5,0.9,0.7,1.1,0.481,0.282,0.891,15.9,13.9,0.571,8.6,0.7
Giannis Mitchell,LAC,2016-17,20,44,32,21.8,6.4,5.6,0.8,0,0.8,2.7,0.403,0.325,0.881,21.3,10.2,0.542,-1.7,1.1
Nikola Jackson,CHI,2016-17,24,51,13,30.3,27.8,4.9,1.3,0.8,0.7,2.1,0.499,0.333,0.897,26.3,7.3,0.569,2.2,-0.6
Nikola Murphy,NOP,2016-17,19,44,37,15.9,17.1,3.3,1.9,1.8,1.1,0.3,0.419,0.351,0.758,23.7,18.8,0.595,-4.7,2.7
Jalen Phillips,DEN,2016-17,30,67,31,23.3,13.2,5.8,5.7,0.8,0.2,2.5,0.448,0.373,0.658,30.7,13.2,0.543,-0.0,2.4
Jordan Morris,NYK,2016-17,34,74,65,20.0,12.5,7.8,6.8,0.8,0.1,1.7,0.453,0.329,0.861,20.9,15.2,0.57,2.0,3.2
DeMar Williams,NOP,2016-17,31,58,50,28.3,4.1,5.2,0.2,1.1,0,1.8,0.411,0.32,0.905,20.8,7.2,0.556,2.7,5.5
Damian Miller,IND,2016-17,24,39,7,21.0,19.1,5.0,0.2,1.3,0.5,2.1,0.42,0.386,0.791,30.1,21.6,0.535,-0.9,-0.8
DeAndre Roberts,LAC,2016-17,28,39,5,8.5,13.2,9.0,3.6,1.1,0,1.4,0.485,0.326,0.854,27.4,12.6,0.634,3.7,2.0
Cade White,BKN,2016-17,24,60,6,27.9,10.7,5.5,0.2,0.3,0,2.2,0.446,0.335,0.737,25.0,14.1,0.587,7.0,0.5
Kyle Wilson,PHX,2016-17,31,65,51,14.2,10.9,3.2,8.0,1.6,1.1,5.0,0.396,0.402,0.883,16.7,15.4,0.494,5.3,1.8
Nikola Young,WAS,2016-17,31,52,19,23.9,6.1,7.6,5.1,0.7,0.4,0.3,0.443,0.35,0.701,27.8,20.7,0.534,1.0,2.3
Kyle Wright,ATL,2016-17,32,27,5,34.4,7.3,6.1,5.2,0.3,0.2,1.2,0.449,0.35,0.707,16.6,16.0,0.58,-4.9,2.3
Jordan Miller,SAC,2016-17,26,58,55,21.2,16.2,0.5,3.6,0.8,1.2,3.0,0.466,0.355,0.913,24.4,14.5,0.631,1.1,-1.3
Donovan Lopez,CHA,2016-17,22,47,15,19.8,15.8,1.4,6.4,1.8,1.1,2.1,0.411,0.322,0.856,29.9,13.1,0.649,-2.0,7.5
Darius Johnson,DAL,2016-17,24,55,52,24.3,9.8,5.5,3.6,0.2,0.7,0.9,0.501,0.383,0.761,23.4,11.5,0.598,-3.1,1.4
Tyler Thompson,MIA,2016-17,30,70,35,28.2,8.0,3.9,6.1,1.2,1.1,3.4,0.447,0.381,0.89,19.0,16.5,0.633,-4.2,3.0
Tyrese Carter,ATL,2016-17,32,33,26,18.1,15.3,5.4,3.6,1.2,1.0,4.0,0.409,0.417,0.658,32.6,18.6,0.633,0.5,1.0
Andre Campbell,BOS,2016-17,21,53,30,27.2,20.8,5.3,0.2,1.6,0.2,2.7,0.511,0.351,0.835,19.0,16.3,0.5,2.0,1.0
Jayson Parker,POR,2016-17,35,55,10,27.5,16.0,8.2,0.2,1.3,0.4,1.8,0.539,0.322,0.894,16.6,13.2,0.486,-1.8,1.5
CJ Anderson,DAL,2016-17,29,70,16,25.2,9.3,7.6,5.6,1.3,0.3,1.7,0.52,0.378,0.875,17.8,17.4,0.486,1.6,1.2
Joel Campbell,DAL,2016-17,25,61,29,9.5,13.3,3.5,5.1,1.3,1.7,1.4,0.398,0.3,0.857,15.7,7.4,0.576,-2.3,2.1
Tyrese Murphy,MIL,2016-17,21,23,1,20.7,8.0,5.2,2.2,1.5,0,1.3,0.454,0.363,0.685,22.2,15.3,0.52,0.4,3.9
Julius Adams,GSW,2016-17,30,29,17,35.7,6.5,5.1,1.5,0.5,0.9,2.2,0.509,0.389,0.888,25.3,13.9,0.597,3.4,-1.4
Zion Morris,MEM,2016-17,25,51,21,31.0,8.7,6.2,4.2,1.0,0.8,1.7,0.436,0.348,0.728,31.5,17.6,0.627,-5.6,1.3
Julius Nelson,ATL,2016-17,25,27,7,30.0,10.1,9.7,3.5,0,0.9,2.6,0.484,0.363,0.839,33.5,19.1,0.511,1.8,1.3
Nikola Wilson,TOR,2016-17,30,62,37,33.4,17.5,5.6,5.7,1.8,0.3,1.6,0.389,0.375,0.704,23.1,9.1,0.589,-2.4,2.0
Chris Wright,BOS,2016-17,29,30,10,25.1,3.4,5.6,4.5,0.9,0,1.4,0.524,0.417,0.88,29.9,17.4,0.556,-0.5,2.5
Pascal Mitchell,LAC,2016-17,19,77,17,21.8,11.1,5.5,6.8,0.5,0.5,1.1,0.439,0.315,0.694,18.5,12.0,0.59,-2.0,0.4
Kyle Nelson,CLE,2016-17,22,78,11,26.4,9.4,4.1,0.2,0.5,0.4,0.7,0.45,0.317,0.869,17.6,11.8,0.512,-2.9,1.4
Ja Morris,MIL,2016-17,31,21,7,34.1,17.4,5.4,2.7,1.5,1.0,0.9,0.48,0.397,0.668,33.6,22.5,0.598,-6.0,1.0
Devin Johnson,LAC,2016-17,22,70,7,31.7,13.4,7.2,0.2,1.2,0,1.7,0.469,0.41,0.87,31.6,13.6,0.483,0.4,0.2
Malik Wilson,DET,2016-17,30,71,9,22.0,26.5,2.5,0.4,2.0,0.4,1.5,0.444,0.297,0.812,30.2,17.8,0.508,-3.5,1.7
Malik Collins,GSW,2016-17,26,58,16,36.7,14.1,0.5,6.9,0.4,0.3,1.7,0.442,0.311,0.805,17.5,23.5,0.599,1.1,2.6
Jordan Phillips,MIL,2016-17,26,67,16,13.4,10.5,10.1,5.5,1.2,0.7,2.2,0.448,0.371,0.651,24.9,19.3,0.556,10.3,2.0
Joel Moore,POR,2016-17,24,38,26,23.0,2,4.7,2.4,1.0,1.0,0.8,0.505,0.397,0.682,31.7,11.4,0.501,-5.8,1.6
Damian Martin,WAS,2016-17,25,80,0,31.3,7.1,3.5,4.3,1.3,0.2,2.5,0.44,0.328,0.773,20.3,7.6,0.502,-0.6,-1.2
Kyle Taylor,GSW,2016-17,23,80,74,29.6,10.4,3.7,6.5,1.7,0.7,2.5,0.502,0.304,0.909,29.0,7.8,0.61,0.3,0.2
Malik Johnson,HOU,2016-17,26,61,30,24.9,16.2,8.4,3.0,0.3,0,2.4,0.457,0.413,0.677,21.3,16.6,0.498,-0.5,-1.3
Anthony Campbell,DEN,2016-17,26,28,20,21.3,12.1,2.4,0.2,0.2,0.2,0.5,0.459,0.419,0.794,25.9,9.1,0.576,1.4,1.4
Marcus Davis,ORL,2016-17,23,53,30,32.5,18.4,8.6,1.0,0.2,0,3.9,0.471,0.333,0.897,34.2,12.4,0.54,5.6,-0.6
Anthony Anderson,MEM,2016-17,30,55,34,25.7,20.6,4.7,4.2,1.1,0,2.2,0.479,0.389,0.858,23.6,19.3,0.599,-3.2,3.3
Shai Phillips,ORL,2016-17,21,54,36,21.7,2.5,6.0,3.0,0.7,1.5,0.6,0.402,0.414,0.733,22.7,14.4,0.639,1.1,2.2
Joel Green,PHX,2016-17,25,74,56,34.4,9.6,6.3,0.2,0.9,0.6,0.8,0.438,0.286,0.802,16.5,19.0,0.594,3.2,1.0
Cade Roberts,LAL,2016-17,29,56,52,18.0,17.2,6.6,0.4,0.9,0,1.9,0.393,0.333,0.728,22.6,16.7,0.485,4.2,3.6
Damian Anderson,LAC,2016-17,23,64,21,29.4,12.7,1.0,2.0,0.4,0.1,2.8,0.488,0.407,0.92,19.8,12.2,0.554,-3.6,-2.1
LaMelo Taylor,WAS,2016-17,25,54,29,26.2,12.8,0.5,2.6,1.5,0.7,0.8,0.477,0.315,0.872,21.5,11.0,0.589,1.4,-1.1
Shai Reed,DAL,2016-17,29,29,22,18.0,20.8,5.3,1.8,1.2,0.7,1.2,0.524,0.341,0.724,19.9,5.5,0.556,0.5,2.9
James White,NYK,2016-17,33,74,38,28.3,8.2,8.3,5.0,0.4,1.2,2.9,0.419,0.317,0.895,25.9,12.6,0.607,0.2,-0.3
Bam Green,BOS,2016-17,35,78,69,30.9,16.5,0.5,4.4,0.8,1.0,0.3,0.494,0.397,0.652,30.5,17.1,0.566,1.0,0.0
Chris Wilson,CHA,2016-17,30,64,45,38,2.6,2.4,6.1,0.9,0.5,2.8,0.461,0.369,0.74,25.7,7.9,0.564,0.9,1.9
Jayson Taylor,MIL,2016-17,29,55,0,27.4,18.2,7.3,1.0,1.4,0.9,2.8,0.503,0.351,0.891,27.6,15.7,0.562,-1.2,1.6
Fred Thompson,NOP,2016-17,23,45,4,32.7,14.4,2.2,3.8,0.5,0.1,1.1,0.467,0.385,0.843,22.9,26.0,0.634,1.8,2.1
Jayson Williams,MIN,2016-17,26,55,36,7.4,7.3,6.7,5.8,1.8,0.7,2.4,0.55,0.413,0.654,26.1,4.2,0.534,0.5,0.4
Marcus Hill,DAL,2016-17,35,62,5,19.3,9.5,6.4,1.1,1.0,0.8,2.1,0.459,0.386,0.79,33.1,10.2,0.587,-0.5,2.5
DeAndre Young,DAL,2016-17,25,60,16,27.2,4.5,4.0,2.3,1.8,0,1.1,0.521,0.375,0.747,30.8,10.4,0.492,-0.4,-0.7
Tyrese Green,MIN,2016-17,30,61,6,14.4,15.2,6.0,0.2,1.3,0.3,2.9,0.448,0.324,0.77,24.2,11.7,0.565,3.8,-1.9
Jordan Edwards,GSW,2016-17,22,39,39,23.6,27.1,1.5,3.1,0.8,0.3,2.7,0.488,0.289,0.672,17.2,18.9,0.515,1.1,-1.6
Andre Brown,CHI,2016-17,33,54,10,17.6,23.7,4.5,4.7,0.6,0.8,1.8,0.497,0.354,0.757,18.3,16.0,0.65,-8.0,3.6
Jrue Jackson,GSW,2016-17,28,40,2,20.8,20.4,4.8,4.8,1.2,1.1,4.6,0.512,0.361,0.658,30.5,13.7,0.593,2.2,1.0
CJ Nelson,TOR,2016-17,31,72,22,34.1,9.9,4.6,7.3,0.3,0.7,1.8,0.549,0.321,0.732,24.0,8.8,0.507,4.8,5.4
Donovan Brown,DAL,2016-17,24,75,36,28.4,14.3,4.8,5.7,1.7,0.4,1.2,0.507,0.322,0.835,25.1,11.4,0.645,-0.6,1.7
Giannis Evans,OKC,2016-17,24,64,22,38,3.8,0.5,6.1,1.2,0.9,1.6,0.485,0.33,0.841,20.3,15.9,0.509,3.4,1.5
Malik Allen,IND,2016-17,39,58,40,20.4,6.9,8.1,2.3,1.4,1.0,2.9,0.393,0.296,0.791,29.8,16.9,0.584,-2.2,-0.3
Giannis Wilson,ATL,2016-17,29,41,32,23.9,8.7,2.6,2.0,0.8,0.4,1.6,0.542,0.387,0.75,20.2,9.5,0.564,0.5,-1.8
Jalen Thomas,IND,2016-17,20,81,59,34.0,11.8,9.2,0.2,0.8,0,0.3,0.544,0.35,0.69,30.6,14.2,0.523,0.8,3.7
Marcus Evans,SAS,2016-17,19,33,3,19.8,22.5,0.5,6.4,0.3,0,0.6,0.453,0.34,0.919,15.2,16.1,0.492,0.3,5.8
James Cook,ORL,2016-17,28,37,27,38,22.1,5.2,1.3,1.6,0.9,2.7,0.522,0.316,0.869,26.7,17.2,0.584,1.3,2.1
Malik Brown,POR,2016-17,29,58,23,26.9,10.4,0.9,3.3,1.4,0.9,3.9,0.476,0.32,0.763,34.4,14.7,0.622,-0.0,-0.3
Tyrese Evans,NOP,2016-17,26,67,21,18.9,11.1,1.4,4.2,1.0,0.9,1.4,0.39,0.375,0.686,34.7,19.2,0.518,3.7,1.0
Damian Roberts,BKN,2016-17,25,60,38,18.2,22.5,9.0,6.1,1.1,0.5,2.0,0.484,0.408,0.888,17.7,13.4,0.521,-2.9,4.0
Brandon Parker,HOU,2016-17,27,74,45,19.6,11.4,8.1,2.5,0.3,0,1.0,0.429,0.338,0.726,19.1,12.2,0.572,0.8,0.4
Jayson Wilson,IND,2016-17,26,26,26,29.7,10.3,0.5,1.6,1.4,0.6,1.4,0.517,0.338,0.739,18.7,4.4,0.607,3.3,3.2
DeAndre Wilson,NYK,2016-17,27,73,39,16.5,11.0,3.3,3.5,1.6,0.2,3.2,0.384,0.378,0.703,18.0,17.7,0.547,2.2,0.4
Ja Cook,DET,2016-17,24,30,7,14.9,12.8,3.8,2.1,1.2,0.4,2.3,0.402,0.316,0.723,21.6,23.4,0.495,0.0,-3.5
Nikola Baker,BKN,2016-17,21,68,60,17.8,12.8,2.6,3.4,1.4,0,1.7,0.422,0.346,0.771,16.8,13.5,0.607,-2.2,1.0
Donovan Baker,POR,2016-17,27,43,0,27.0,11.4,5.9,7.2,0,0.7,2.5,0.447,0.365,0.902,23.6,7.1,0.571,-2.5,1.2
Pascal Baker,MEM,2016-17,28,22,7,32.4,21.1,10.2,4.1,2.0,1.2,1.3,0.517,0.337,0.663,28.4,21.7,0.485,3.2,3.4
Marcus White,POR,2016-17,25,28,4,33.8,3.7,8.0,0.6,1.6,0.6,3.0,0.442,0.415,0.655,34.6,8.6,0.556,-6.5,3.0
CJ Collins,DEN,2016-17,28,22,14,17.5,24.2,6.6,2.9,0.8,0.5,4.4,0.547,0.374,0.902,27.8,18.6,0.57,5.0,4.8
Andre Baker,BKN,2016-17,21,52,7,38,2,4.3,6.9,0.7,0.6,2.1,0.527,0.365,0.762,18.2,21.5,0.562,-1.1,4.9
Julius Edwards,CLE,2016-17,25,54,11,25.3,13.2,6.6,0.9,1.6,0.5,1.9,0.544,0.359,0.818,22.7,10.0,0.591,-0.4,0.6
Cade Miller,CHI,2016-17,24,70,48,15.1,20.2,7.9,1.2,0.6,0.5,1.6,0.542,0.309,0.878,29.6,11.6,0.595,1.6,3.9
Trae Adams,HOU,2016-17,24,50,41,36.1,26.3,8.3,6.0,1.0,1.4,0.3,0.428,0.306,0.91,25.4,19.2,0.514,6.4,1.6
Domantas Jackson,PHX,2016-17,21,81,70,29.7,3.1,8.0,3.7,0.4,0,1.2,0.465,0.364,0.736,18.0,15.2,0.548,1.0,0.1
Khris Green,DAL,2016-17,20,62,0,22.0,13.9,2.6,3.2,1.2,0,1.2,0.42,0.339,0.861,15.9,10.1,0.62,-4.0,0.2
Nikola Lopez,DET,2016-17,24,41,9,19.5,22.4,3.0,0.3,1.3,0.8,1.9,0.429,0.306,0.675,17.8,-2.0,0.548,-3.4,-0.3
Joel Campbell,IND,2016-17,25,76,51,31.3,8.5,2.7,5.4,0.7,0.6,0.4,0.512,0.34,0.874,28.5,14.1,0.569,2.5,1.2
Giannis Cook,MIN,2016-17,27,75,33,14.6,19.0,0.7,6.2,1.1,0.6,2.3,0.537,0.394,0.854,31.4,18.0,0.502,4.4,-0.8
Bam Young,CHI,2016-17,34,68,9,32.4,20.6,5.9,0.8,0.4,0.5,3.0,0.396,0.39,0.817,25.6,14.4,0.552,1.6,0.5
Damian Green,SAC,2016-17,21,47,29,27.2,10.5,0.5,11.2,0.9,0,1.8,0.395,0.325,0.848,29.1,7.1,0.561,-1.2,3.8
Domantas Carter,CHA,2016-17,24,73,23,35.3,28.9,6.2,2.4,0.4,0.5,3.5,0.434,0.334,0.762,28.7,8.5,0.531,3.8,1.1
LaMelo Campbell,ORL,2016-17,21,74,63,37.1,11.0,3.3,4.7,1.6,0.5,1.1,0.381,0.359,0.793,19.2,18.7,0.519,3.4,1.3
Tyrese Murphy,TOR,2016-17,30,75,46,32.5,4.0,5.5,3.2,0.8,0.6,1.5,0.446,0.322,0.793,20.2,8.1,0.631,-0.9,-1.5
Jordan Mitchell,MIA,2016-17,20,38,3,29.8,5.8,4.0,2.0,1.5,0,2.8,0.434,0.32,0.721,26.9,18.9,0.53,0.1,2.2
Luka Murphy,IND,2016-17,22,35,25,14.7,23.2,5.7,1.2,0.6,0.6,1.2,0.498,0.399,0.866,16.9,16.5,0.627,-3.2,-1.4
Cade Mitchell,IND,2016-17,34,45,34,21.2,17.3,0.5,4.3,0.1,0.4,2.0,0.55,0.347,0.871,18.0,4.9,0.484,-1.0,0.9
Andre Phillips,MIL,2016-17,22,33,3,32.3,13.0,5.5,5.6,1.4,1.4,0.3,0.414,0.306,0.835,16.4,13.1,0.596,3.3,4.5
Luka Cook,LAL,2016-17,23,55,9,14.3,19.0,7.3,6.6,1.3,0.4,2.2,0.492,0.369,0.788,22.5,13.0,0.627,-2.6,3.7
Tyrese Thompson,NOP,2016-17,28,43,39,31.6,13.2,0.5,4.3,1.0,0.3,1.1,0.398,0.31,0.703,23.1,16.0,0.497,0.6,0.7
Brandon Hill,BKN,2016-17,23,58,2,26.8,2,0.5,3.1,1.0,1.1,3.1,0.543,0.307,0.848,16.2,17.5,0.595,-2.6,2.9
Shai Taylor,NOP,2016-17,20,56,50,31.4,14.8,6.8,4.7,0.9,0.8,3.1,0.394,0.358,0.811,16.1,13.4,0.519,0.2,1.3
Joel Campbell,UTA,2016-17,22,73,42,21.0,9.9,5.8,2.0,0.6,0,1.4,0.415,0.419,0.845,18.7,19.8,0.559,-0.6,0.4
DeAndre Green,TOR,2016-17,28,38,21,22.5,25.6,5.9,3.0,0,1.2,0.9,0.42,0.363,0.892,24.5,11.8,0.494,-1.9,2.9
Malik Evans,IND,2016-17,25,37,16,26.6,16.5,3.5,5.2,1.5,0.3,0.6,0.388,0.342,0.709,17.0,16.9,0.5,1.4,1.3
Bam Reed,WAS,2016-17,28,64,22,16.9,6.3,5.9,4.0,0.7,0.8,2.2,0.437,0.418,0.798,34.3,19.6,0.538,2.4,-0.8
Damian Miller,POR,2016-17,22,64,32,28.8,11.8,1.2,2.2,0.5,0.9,2.4,0.436,0.285,0.906,15.2,15.7,0.502,7.5,1.6
Kyle Morris,SAC,2016-17,20,67,20,38,20.3,5.6,4.3,1.0,0,1.9,0.546,0.388,0.741,33.4,14.1,0.575,-2.6,1.2
Joel Phillips,PHX,2016-17,21,20,20,33.4,10.4,0.5,8.4,1.2,0.1,2.1,0.549,0.392,0.882,28.8,16.8,0.633,2.3,2.8
Tyrese Williams,PHX,2016-17,27,74,16,28.9,2,4.0,0.2,1.0,0.3,1.4,0.435,0.384,0.834,18.8,24.6,0.641,-0.8,1.7
Fred Davis,LAC,2016-17,36,62,33,23.3,9.4,1.0,2.2,0,0.9,1.9,0.483,0.413,0.776,15.4,13.8,0.607,4.3,3.2
Fred Carter,GSW,2016-17,24,79,34,37.5,10.2,5.9,0.2,0.8,0.4,1.2,0.382,0.289,0.816,25.5,13.3,0.642,2.2,-0.2
Trae Morris,CLE,2016-17,28,81,52,19.3,11.9,3.8,2.5,0.1,1.5,0.3,0.408,0.286,0.729,23.9,15.6,0.642,-4.0,-3.4
Pascal Thompson,NOP,2016-17,26,77,59,30.2,15.0,4.2,6.0,1.5,1.5,0.9,0.52,0.416,0.81,28.2,15.1,0.594,-3.5,2.9
Joel Thomas,BOS,2016-17,31,54,1,14.8,15.4,10.3,8.9,1.3,0.5,1.5,0.432,0.321,0.867,26.2,9.3,0.576,-3.3,0.6
Julius Young,WAS,2016-17,33,59,27,31.4,12.9,2.9,3.2,1.7,0.3,1.1,0.429,0.409,0.744,32.9,22.1,0.621,3.3,2.0
Chris Stewart,WAS,2016-17,27,59,12,13.6,23.3,3.0,5.5,1.4,0,0.5,0.443,0.305,0.759,23.4,24.2,0.485,-1.5,3.8
CJ Martin,SAS,2016-17,22,78,8,9.4,5.3,5.0,5.2,1.4,0.6,2.5,0.426,0.408,0.744,29.9,13.9,0.627,1.2,2.5
Khris Martin,LAC,2016-17,27,31,29,15.4,16.9,8.7,7.0,1.1,0.3,2.6,0.41,0.397,0.694,20.9,5.7,0.528,2.7,-1.6
Giannis Phillips,IND,2016-17,23,38,26,28.6,13.1,0.5,1.1,0.5,0,2.5,0.475,0.345,0.725,24.7,19.8,0.492,-2.8,0.6
Domantas Parker,LAC,2016-17,26,66,59,18.0,15.7,6.2,3.7,1.7,0,1.8,0.397,0.351,0.655,15.3,11.7,0.649,0.5,-0.3
Jalen Baker,PHX,2016-17,30,62,62,16.4,2,5.4,2.2,1.1,0.6,2.6,0.4,0.38,0.741,15.8,12.9,0.569,0.5,-0.2
Jaylen Williams,CHA,2016-17,31,40,2,8.2,5.7,2.1,4.0,1.0,0.3,1.0,0.49,0.419,0.815,27.1,12.3,0.524,-1.1,1.1
LaMelo Thompson,TOR,2016-17,27,48,31,19.7,8.2,4.9,6.0,1.5,1.1,1.0,0.427,0.292,0.898,21.6,5.6,0.589,2.2,4.5
Ja Jackson,MIN,2016-17,34,29,26,30.7,12.8,1.1,1.2,0.9,0.4,1.9,0.478,0.282,0.733,34.6,17.9,0.549,-1.3,0.3
James Martin,SAC,2016-17,21,72,38,13.3,18.0,4.9,4.6,0.9,0.5,2.5,0.534,0.316,0.789,19.0,12.6,0.59,3.8,1.1
Fred Wright,MIL,2016-17,39,80,3,28.5,17.3,3.2,4.4,0.7,0.2,2.1,0.495,0.381,0.686,22.9,17.3,0.504,2.6,1.2
DeAndre Moore,SAS,2016-17,22,82,26,23.2,5.0,1.7,1.6,0.7,0.6,3.0,0.461,0.294,0.744,17.4,13.4,0.583,4.4,1.2
Pascal Allen,GSW,2016-17,29,76,43,23.4,5.9,6.1,4.9,1.2,0.5,1.5,0.462,0.304,0.782,17.0,11.1,0.528,-5.4,2.8
Nikola Phillips,LAL,2016-17,20,27,27,35.1,5.4,8.4,4.9,1.4,1.0,2.1,0.489,0.307,0.766,20.5,14.6,0.643,2.5,4.3
Jayson Green,ORL,2016-17,19,39,9,26.1,11.5,6.4,1.7,1.8,1.3,1.9,0.481,0.402,0.681,19.4,10.2,0.583,0.2,3.8
Jalen Morris,MIN,2016-17,25,36,34,32.6,13.3,4.9,4.5,2.0,1.2,4.1,0.506,0.36,0.803,21.0,20.7,0.627,-1.7,1.2
Devin Collins,MIN,2016-17,20,66,40,37.7,5.7,9.1,4.8,0.7,0.6,3.5,0.487,0.282,0.868,17.9,14.6,0.517,2.6,-0.9
Jalen Murphy,PHI,2016-17,33,60,31,26.7,9.0,4.2,3.0,0,0,2.5,0.514,0.315,0.694,20.2,12.3,0.557,3.7,-0.8
Zach Young,NYK,2016-17,19,49,12,14.9,17.3,2.0,12.1,0.9,0.9,0.3,0.505,0.386,0.778,15.8,11.9,0.562,-1.4,-1.7
Malik Wilson,CLE,2016-17,21,21,7,17.8,9.5,6.6,0.2,0.4,0.2,2.5,0.445,0.408,0.891,24.0,8.5,0.534,-1.5,4.5
Trae Miller,UTA,2016-17,27,25,15,37.0,14.5,7.4,4.0,1.2,0.2,0.3,0.496,0.371,0.821,35.0,18.3,0.629,-1.7,-0.5
Devin Turner,PHI,2016-17,24,71,9,38,18.1,5.2,1.7,1.2,1.4,1.1,0.531,0.398,0.758,25.1,18.6,0.576,0.6,2.3
Kevin Johnson,MIL,2016-17,28,48,1,29.2,15.8,3.3,2.3,0.7,1.4,1.2,0.445,0.35,0.811,19.3,15.3,0.636,-2.0,0.6
CJ Evans,WAS,2016-17,24,22,7,27.7,5.9,1.4,6.9,1.8,1.4,2.3,0.482,0.283,0.896,29.5,18.2,0.603,0.9,-0.9
Tyrese King,LAL,2016-17,24,27,15,17.7,14.9,4.9,6.3,1.4,0,0.3,0.529,0.388,0.845,25.7,8.0,0.581,-5.2,4.0
Devin Mitchell,PHI,2016-17,28,42,0,22.9,2,5.1,6.0,0.7,0,1.4,0.385,0.351,0.654,16.0,15.4,0.52,0.3,2.7
Tyrese Johnson,MIA,2016-17,27,63,53,38,2,1.5,0.8,1.3,0.9,1.6,0.464,0.327,0.831,17.7,12.7,0.508,3.9,1.1
Donovan Green,SAS,2016-17,26,52,6,27.4,9.6,4.0,1.6,0.8,0.6,1.2,0.461,0.368,0.811,28.8,17.9,0.507,-2.4,0.4
Domantas Mitchell,WAS,2016-17,21,63,38,29.6,6.4,9.5,2.5,1.4,0.3,0.3,0.46,0.409,0.835,15.6,9.2,0.545,-3.4,1.6
Jrue Brown,ORL,2016-17,19,82,37,22.9,14.2,4.1,7.0,1.6,0.8,2.2,0.49,0.377,0.887,19.6,13.1,0.538,3.3,4.3
Julius Moore,ATL,2016-17,31,43,31,24.6,2.7,5.8,5.6,0.5,1.0,2.8,0.42,0.329,0.837,29.7,15.9,0.573,-0.2,5.8
Ja Lopez,ATL,2016-17,28,29,20,27.7,10.6,9.4,1.9,0.5,1.5,1.8,0.417,0.388,0.837,19.9,10.9,0.644,-2.2,2.1
Ja Campbell,TOR,2016-17,35,58,44,22.9,12.6,0.5,2.9,0.4,1.8,1.8,0.461,0.364,0.693,17.4,27.7,0.544,-5.4,2.5
Darius Green,LAL,2016-17,20,57,42,17.3,11.8,8.9,6.2,0.1,0.8,1.2,0.46,0.413,0.746,28.8,15.9,0.578,1.2,3.0
Kyle Turner,ATL,2016-17,20,78,4,22.9,16.2,5.1,4.5,0.2,0.3,2.2,0.407,0.411,0.9,19.3,16.1,0.559,0.4,3.4
Andre Baker,LAL,2016-17,28,68,15,35.7,15.9,6.5,3.8,0.5,1.5,1.8,0.497,0.281,0.696,30.3,20.1,0.63,5.5,-2.5
Domantas Nelson,BOS,2016-17,24,32,8,20.4,10.7,6.3,5.6,1.4,0,2.3,0.397,0.354,0.691,30.7,15.8,0.599,0.5,0.1
Ja Johnson,DET,2016-17,25,61,43,24.0,25.5,5.3,3.5,0.3,0.6,1.4,0.44,0.286,0.752,26.5,11.9,0.492,0.8,0.9
Domantas Parker,OKC,2016-17,24,65,59,32.5,13.8,10.1,0.2,1.3,0,2.4,0.512,0.359,0.919,19.8,13.5,0.588,1.7,2.6
Devin Thompson,MIA,2016-17,20,70,55,22.3,16.9,4.0,0.2,2.0,0.2,2.1,0.521,0.325,0.788,27.0,9.7,0.597,-0.1,-1.5
Zach Parker,SAC,2016-17,22,72,10,35.3,15.6,4.8,4.6,1.0,0.9,2.1,0.477,0.376,0.68,19.1,20.4,0.528,1.7,-3.0
Luka Adams,DEN,2016-17,35,29,1,16.2,2,5.8,6.2,1.1,0.3,1.5,0.457,0.308,0.756,25.2,15.3,0.58,0.2,1.2
Zach Adams,TOR,2016-17,22,54,14,28.1,17.8,1.0,1.4,1.4,1.1,2.1,0.441,0.291,0.766,24.4,20.3,0.579,1.4,-0.2
Cade Wright,PHX,2016-17,30,30,29,12.5,12.8,3.9,8.1,1.7,0.4,2.1,0.397,0.343,0.821,28.0,18.7,0.549,6.3,1.2
Anthony Wilson,MIL,2016-17,25,41,36,7.5,2,5.3,1.7,0.8,1.1,1.3,0.536,0.283,0.863,27.0,11.4,0.512,4.9,2.1
Brandon King,LAL,2016-17,27,54,23,38,18.6,3.7,3.7,0.3,0.2,2.5,0.542,0.362,0.688,20.4,12.4,0.569,-2.2,1.4
Malik Morris,PHI,2016-17,25,41,31,33.8,18.6,6.2,3.3,1.0,0,2.5,0.495,0.322,0.693,29.5,16.6,0.625,-3.5,2.5
Darius Davis,CHI,2016-17,26,56,52,30.1,3.3,8.9,9.5,1.4,0.6,1.4,0.441,0.284,0.9,28.4,24.3,0.598,-3.8,-0.0
DeMar Thompson,HOU,2016-17,23,69,50,27.9,6.0,4.2,0.2,1.7,0.9,1.7,0.486,0.38,0.71,20.5,16.7,0.631,1.8,0.1
LaMelo Taylor,MEM,2016-17,26,37,15,23.7,20.0,4.4,3.3,1.2,0.9,2.0,0.547,0.319,0.827,18.1,9.3,0.628,5.9,0.3
Tyrese Anderson,POR,2016-17,26,41,25,25.6,16.5,5.9,0.5,1.2,1.5,2.4,0.391,0.291,0.881,30.1,12.7,0.563,6.3,-0.0
Malik Taylor,CHA,2016-17,21,73,34,30.3,22.5,6.1,3.5,0.4,0.1,2.9,0.443,0.375,0.846,21.2,21.9,0.628,-2.1,1.8
Khris Evans,SAS,2016-17,31,44,37,15.9,18.8,8.2,2.4,1.4,0.1,3.6,0.547,0.3,0.837,34.5,12.1,0.568,-2.3,0.1
Khris Miller,NOP,2016-17,22,44,20,34.1,26.4,5.0,0.2,0.9,0.3,0.5,0.412,0.367,0.658,21.2,16.8,0.602,1.8,1.8
Giannis Morris,CLE,2016-17,26,31,18,24.6,2.5,5.0,0.2,0.4,1.3,3.3,0.427,0.321,0.758,29.3,18.6,0.612,0.6,-0.0
Domantas Mitchell,OKC,2016-17,27,61,10,23.6,14.3,8.7,4.6,0.4,0.4,0.4,0.466,0.298,0.858,27.9,19.5,0.48,0.1,1.7
Fred Mitchell,ORL,2017-18,32,28,18,19.4,21.3,0.5,3.0,0.8,0.1,1.9,0.537,0.333,0.768,24.7,29.1,0.633,6.0,1.0
Darius Roberts,HOU,2017-18,29,24,21,30.0,18.4,6.0,6.5,1.0,0.9,2.0,0.466,0.306,0.724,29.0,16.5,0.571,2.5,-0.2
Kevin Stewart,SAC,2017-18,29,36,0,24.1,12.1,3.9,3.4,1.0,0.6,0.3,0.526,0.313,0.85,30.2,12.4,0.572,0.3,2.8
DeAndre Nelson,PHI,2017-18,30,62,58,33.3,2.3,0.5,1.5,1.4,1.0,2.6,0.494,0.317,0.809,20.2,18.3,0.563,4.0,1.3
Devin Stewart,POR,2017-18,31,79,64,16.0,14.5,4.9,0.4,1.5,0.6,0.8,0.485,0.37,0.845,25.6,10.6,0.486,-2.9,-1.8
Jalen Parker,NOP,2017-18,29,47,35,33.3,13.1,2.4,5.7,0.4,1.1,1.0,0.418,0.38,0.753,24.9,6.6,0.521,1.6,4.0
Zion Stewart,GSW,2017-18,21,24,22,14.7,24.5,3.2,2.6,0.9,0,3.4,0.394,0.419,0.894,25.1,12.7,0.532,-2.1,2.7
Giannis Nelson,CHA,2017-18,21,67,51,36.0,11.9,4.0,1.3,1.3,0.2,1.6,0.503,0.415,0.819,33.9,18.9,0.607,-2.3,2.4
James Reed,OKC,2017-18,30,70,42,23.3,24.2,4.6,1.6,1.4,0.1,2.1,0.481,0.391,0.734,18.8,20.3,0.485,-1.3,2.2
CJ Jackson,LAL,2017-18,30,79,46,32.4,17.7,9.7,2.3,0.4,1.1,1.5,0.538,0.311,0.809,34.7,16.0,0.524,-1.7,-1.3
Damian Turner,ATL,2017-18,25,39,31,28.1,17.9,5.7,4.2,1.6,0.8,2.6,0.395,0.333,0.83,23.5,17.4,0.569,-2.1,-1.0
Domantas Young,LAC,2017-18,33,68,50,25.3,9.5,3.2,2.4,1.6,0.1,0.6,0.434,0.37,0.91,17.4,9.3,0.503,-0.7,6.6
Zach Morris,TOR,2017-18,26,63,61,30.7,20.5,1.0,4.8,0.1,0.3,0.8,0.535,0.38,0.824,16.4,13.8,0.482,6.2,2.1
Jayson White,SAC,2017-18,33,62,17,7.2,19.9,3.4,1.8,1.0,0,3.0,0.485,0.368,0.671,23.4,17.2,0.592,-7.8,3.2
Darius Mitchell,DET,2017-18,24,58,15,22.7,16.0,5.7,7.3,0.4,0,1.7,0.487,0.356,0.81,27.1,15.7,0.623,-0.3,-1.8
Jalen Davis,BKN,2017-18,21,40,16,16.1,22.5,1.1,0.7,0.1,0.2,1.5,0.534,0.304,0.684,26.4,5.0,0.593,-2.0,5.6
DeMar Campbell,BKN,2017-18,24,31,22,33.7,11.2,5.0,2.6,0.6,0.2,0.6,0.461,0.315,0.668,34.2,27.7,0.595,-2.8,-0.8
Zach Young,LAL,2017-18,21,69,69,31.4,2,3.8,4.9,0,0.3,0.8,0.495,0.358,0.708,32.7,18.6,0.547,4.2,3.2
DeMar Morris,MIN,2017-18,22,52,19,20.7,11.6,8.3,0.2,0.9,1.1,2.7,0.384,0.362,0.863,25.2,5.6,0.504,0.9,3.5
Cade Young,DEN,2017-18,30,22,21,26.4,11.0,2.4,0.2,0.8,0.8,3.6,0.479,0.284,0.814,30.9,14.3,0.592,-4.0,2.0
Ja Miller,LAC,2017-18,32,26,26,38,2.8,5.9,0.8,1.3,0.6,3.3,0.417,0.376,0.776,27.3,13.5,0.553,0.4,1.6
Fred Lopez,DET,2017-18,21,45,29,15.5,9.1,2.8,0.2,1.8,0,2.2,0.532,0.383,0.678,21.5,21.2,0.496,-3.6,3.9
Luka Evans,DAL,2017-18,24,82,8,27.0,9.2,6.8,1.4,0.3,0.9,2.4,0.463,0.329,0.791,27.1,13.0,0.59,0.4,2.6
Damian Murphy,MIL,2017-18,22,26,0,18.5,5.6,3.7,1.1,0.5,0.3,3.0,0.541,0.378,0.857,21.2,18.0,0.527,0.4,-1.1
Zion Moore,NYK,2017-18,30,47,10,34.7,6.5,1.7,2.5,0.9,1.0,3.3,0.433,0.292,0.904,23.3,21.2,0.638,-0.4,3.9
Kyle Carter,CHI,2017-18,28,47,32,27.3,11.5,4.7,5.3,1.2,1.2,2.5,0.538,0.364,0.699,29.3,25.0,0.515,0.9,1.2
Ja Evans,LAC,2017-18,28,58,31,20.5,12.4,3.7,1.4,0.7,0,2.4,0.483,0.418,0.724,34.2,18.3,0.573,3.2,-2.0
Ja Hill,CHA,2017-18,25,73,71,38,20.4,5.2,2.6,1.3,0.2,2.8,0.542,0.418,0.816,23.7,17.8,0.563,-0.7,1.3
Jordan Lopez,GSW,2017-18,25,82,73,13.5,17.2,6.6,3.3,0.9,1.3,1.1,0.437,0.324,0.654,19.0,13.2,0.524,-2.1,1.4
Andre Cook,ORL,2017-18,22,64,7,25.4,16.9,9.5,4.7,0.6,0.6,1.3,0.543,0.356,0.877,16.8,13.6,0.636,-4.0,1.0
Tyrese Wright,IND,2017-18,34,37,10,26.7,12.0,2.9,1.0,1.1,1.5,2.5,0.418,0.391,0.874,32.7,22.1,0.563,-3.4,-1.1
Cade Phillips,GSW,2017-18,24,25,19,23.9,11.0,2.9,0.2,0,0.9,2.9,0.52,0.283,0.776,20.3,30.8,0.568,-0.6,3.0
Darius Wilson,MIL,2017-18,29,79,32,38,8.9,5.9,5.5,0.6,0.7,1.8,0.529,0.416,0.795,35.0,18.6,0.647,-4.8,4.3
Zion Campbell,DAL,2017-18,20,53,24,19.6,20.5,1.4,7.0,1.0,0.6,2.1,0.547,0.393,0.759,23.9,19.3,0.488,-6.0,3.4
Bam Edwards,OKC,2017-18,21,44,1,22.9,19.0,5.9,0.2,1.2,0.8,1.5,0.418,0.325,0.742,17.1,27.4,0.626,3.0,-1.3
Jayson Stewart,SAC,2017-18,27,62,11,38,8.6,4.1,2.3,1.0,0.6,1.8,0.455,0.323,0.92,21.5,10.6,0.607,0.0,1.1
Marcus Morris,BKN,2017-18,26,44,12,32.8,16.4,4.2,0.2,1.0,0.7,1.8,0.395,0.317,0.758,26.4,16.7,0.637,-1.2,0.9
Giannis Mitchell,BOS,2017-18,21,67,28,21.2,5.6,8.8,0.2,1.2,0.7,1.6,0.395,0.364,0.83,18.8,18.3,0.588,1.3,1.4
Nikola Jackson,MIL,2017-18,27,35,6,38,14.2,0.5,3.1,1.5,0.7,1.8,0.452,0.347,0.747,26.6,14.7,0.583,-4.8,1.7
Nikola Murphy,MEM,2017-18,21,27,7,27.8,13.4,5.6,0.2,0.5,0.3,1.0,0.521,0.415,0.683,15.6,10.6,0.624,1.1,0.6
Jalen Phillips,IND,2017-18,30,74,34,38,4.2,1.2,5.7,1.2,1.1,1.3,0.463,0.322,0.799,15.6,11.3,0.607,2.7,1.0
Jordan Morris,PHX,2017-18,33,55,28,6.3,16.2,5.5,0.2,0.6,0.6,1.4,0.486,0.411,0.767,25.4,16.7,0.545,3.1,3.1
Darius Reed,DET,2017-18,22,72,67,26.0,10.1,8.2,1.3,0.4,0.3,1.4,0.419,0.344,0.802,19.0,2.8,0.581,0.7,1.3
DeMar Williams,DEN,2017-18,31,29,29,29.6,15.1,6.2,2.8,0.9,0,1.1,0.519,0.314,0.78,32.9,3.4,0.545,2.9,3.7
Damian Miller,WAS,2017-18,23,48,18,37.4,20.4,10.0,0.4,0,0.2,3.7,0.486,0.406,0.891,16.7,15.6,0.516,-0.2,7.0
DeAndre Roberts,NYK,2017-18,27,73,70,19.6,12.1,2.7,6.8,2.0,0.2,2.2,0.458,0.365,0.89,29.0,19.2,0.596,-3.7,3.4
Pascal King,TOR,2017-18,20,64,2,15.0,5.0,3.8,6.2,0.4,0.8,2.9,0.392,0.341,0.814,19.7,16.6,0.586,0.7,1.8
Bam Morris,MIN,2017-18,20,70,35,24.3,20.3,5.4,9.5,0.3,0.4,0.7,0.546,0.38,0.675,22.1,12.5,0.525,-5.1,4.3
Cade White,IND,2017-18,23,65,60,23.0,14.1,2.9,6.2,1.2,0.3,0.9,0.469,0.416,0.791,25.3,8.4,0.528,-5.1,-2.0
LaMelo King,BKN,2017-18,22,81,70,25.1,15.9,9.8,1.4,1.9,0.4,2.6,0.545,0.346,0.656,21.0,20.0,0.637,1.4,1.4
Kyle Wilson,POR,2017-18,34,54,19,22.6,18.5,4.8,3.8,1.2,0.7,1.6,0.538,0.371,0.831,29.9,18.6,0.607,-0.8,3.0
Nikola Young,DAL,2017-18,29,59,7,33.9,15.9,4.7,0.2,0.7,1.0,1.8,0.398,0.349,0.852,15.2,13.8,0.505,-2.4,-0.1
Kyle Wright,PHI,2017-18,33,22,3,17.2,14.9,4.9,4.9,0.8,1.2,1.9,0.524,0.361,0.849,18.5,8.8,0.576,7.8,3.3
Jordan Miller,CLE,2017-18,29,30,1,38,9.0,7.8,0.2,0.5,0.4,3.3,0.464,0.415,0.723,25.3,8.0,0.61,-0.5,1.7
CJ Mitchell,LAC,2017-18,22,61,33,26.6,9.6,3.8,4.4,1.1,0.8,1.2,0.388,0.29,0.657,23.9,16.4,0.503,-1.5,-0.4
Donovan Lopez,NYK,2017-18,22,72,51,11.3,10.0,4.3,1.2,1.4,0.6,1.4,0.538,0.308,0.845,29.5,7.8,0.606,1.3,1.6
Darius Johnson,CLE,2017-18,26,28,0,14.6,11.7,0.9,1.8,0.9,0.7,2.1,0.533,0.329,0.678,34.9,23.0,0.503,1.5,2.6
Tyler Thompson,SAC,2017-18,30,22,16,13.1,18.0,1.4,9.2,0.5,1.0,3.8,0.433,0.332,0.673,31.5,26.2,0.516,3.7,3.2
Tyrese Carter,NOP,2017-18,30,54,24,38,8.8,1.7,6.6,1.7,0.7,1.3,0.402,0.41,0.71,19.2,19.3,0.505,-0.4,5.1
Andre Campbell,SAC,2017-18,24,49,0,14.0,16.4,1.1,3.0,1.5,0.8,3.7,0.503,0.39,0.666,33.5,9.3,0.528,-1.4,-1.0
Jayson Parker,TOR,2017-18,39,27,23,31.1,16.4,4.1,0.2,1.4,1.1,2.2,0.547,0.337,0.843,30.6,15.4,0.619,2.9,1.3
CJ Anderson,NYK,2017-18,29,31,1,27.2,4.4,0.5,5.3,1.9,0.6,1.7,0.509,0.371,0.783,20.8,12.3,0.541,-1.1,0.3
Joel Campbell,ATL,2017-18,26,76,19,25.5,2,3.4,5.2,0.2,1.2,3.3,0.44,0.3,0.782,24.7,19.1,0.62,3.5,2.0
Giannis Harris,GSW,2017-18,20,47,17,26.7,15.2,3.0,2.6,0.3,0.1,1.8,0.548,0.366,0.897,27.0,5.6,0.524,0.4,1.1
Tyrese Murphy,CHI,2017-18,21,34,26,31.4,22.3,5.5,3.4,0.6,0.8,2.9,0.483,0.292,0.655,18.7,13.4,0.593,5.3,0.9
Julius Adams,OKC,2017-18,29,47,1,33.3,9.2,0.5,4.9,0.5,0,2.8,0.4,0.284,0.84,34.2,14.2,0.524,-2.7,2.0
Zion Morris,HOU,2017-18,28,39,14,30.8,14.3,6.9,0.2,1.7,0,0.3,0.497,0.353,0.848,21.7,18.1,0.629,2.0,3.3
Nikola Wilson,MIN,2017-18,31,47,19,36.1,17.2,6.3,5.4,2.8,1.3,2.3,0.449,0.339,0.685,34.5,-0.5,0.505,1.4,-0.9
Fred Brown,POR,2017-18,20,61,23,29.5,10.6,1.1,2.0,1.0,0.9,2.1,0.487,0.401,0.671,18.3,20.3,0.553,-2.4,2.3
Chris Wright,PHX,2017-18,28,30,10,14.8,18.9,8.6,4.3,0.4,0.9,2.8,0.387,0.284,0.682,19.4,9.7,0.511,-6.0,2.4
Pascal Mitchell,POR,2017-18,21,26,4,16.3,2,2.6,2.1,1.3,0,0.3,0.549,0.399,0.786,28.2,17.4,0.5,-3.6,0.6
Jrue Nelson,ORL,2017-18,21,46,1,17.9,12.9,4.1,0.2,0.9,0.4,2.7,0.457,0.353,0.714,29.3,14.9,0.497,0.6,0.8
Kyle Nelson,LAL,2017-18,26,29,29,25.7,3.2,4.5,0.2,0.9,1.1,2.3,0.516,0.364,0.871,33.7,17.1,0.493,-0.0,-0.6
Ja Morris,PHI,2017-18,31,76,49,26.2,18.7,7.5,7.8,0.9,0.4,1.3,0.537,0.347,0.848,19.8,24.0,0.585,2.7,-3.2
Devin Johnson,BKN,2017-18,20,31,16,38,9.9,2.5,5.9,1.5,0.3,1.7,0.521,0.304,0.802,34.5,23.3,0.554,4.6,0.7
Shai Thompson,PHX,2017-18,20,57,23,37.5,11.3,6.3,3.8,0.7,0.3,0.8,0.466,0.327,0.894,30.9,17.7,0.504,-1.1,1.6
Malik Wilson,SAS,2017-18,32,47,32,38,19.4,8.8,0.2,1.3,0.1,1.2,0.498,0.33,0.773,34.4,16.2,0.547,-0.6,-1.7
Malik Collins,WAS,2017-18,28,59,23,29.5,16.5,1.5,0.2,2.1,0.7,2.2,0.493,0.283,0.664,17.9,21.9,0.503,-4.0,3.4
Jordan Phillips,NYK,2017-18,27,51,51,20.6,24.8,5.7,0.2,1.5,0.4,1.5,0.498,0.346,0.812,27.6,8.8,0.518,2.7,0.8
CJ Hill,PHX,2017-18,20,68,6,23.1,19.3,1.7,5.1,1.8,0.7,1.8,0.509,0.352,0.734,25.2,16.6,0.494,1.5,4.2
Joel Moore,SAC,2017-18,25,23,6,13.5,23.2,6.6,0.2,2.2,0,1.4,0.424,0.419,0.754,28.6,12.2,0.526,-1.9,-2.5
Damian Martin,CLE,2017-18,26,31,24,20.8,14.8,2.9,1.8,0.9,0,3.1,0.542,0.286,0.7,26.3,8.9,0.48,1.4,1.2
Malik Johnson,CHI,2017-18,30,65,7,10.4,20.3,0.5,11.2,2.3,1.2,1.6,0.473,0.375,0.889,18.9,16.4,0.553,3.2,-1.1
Anthony Campbell,POR,2017-18,24,55,5,29.7,13.9,4.1,1.0,0.9,0.8,1.4,0.387,0.41,0.859,28.6,20.6,0.566,3.5,-0.1
Marcus Davis,DEN,2017-18,24,74,14,10.1,18.6,3.9,1.9,2.1,0.6,1.9,0.549,0.331,0.668,31.1,14.4,0.592,-1.8,0.8
Anthony Anderson,CHA,2017-18,32,60,4,31.6,4.1,4.2,4.7,1.2,0.6,2.4,0.544,0.33,0.705,26.3,13.5,0.481,-2.8,1.0
Shai Phillips,BKN,2017-18,22,43,23,32.2,5.1,4.4,3.9,0.9,0,0.6,0.467,0.379,0.762,20.3,24.4,0.554,-5.1,3.5
Joel Green,CHA,2017-18,24,33,17,12.5,15.4,7.1,8.1,1.0,0.7,0.9,0.409,0.333,0.668,29.0,14.0,0.491,-5.8,4.3
Cade Roberts,POR,2017-18,31,35,28,15.7,9.7,3.8,1.9,0.7,0.5,2.5,0.548,0.281,0.774,18.0,13.5,0.623,-1.9,0.8
Damian Anderson,HOU,2017-18,21,47,11,38,14.4,7.3,5.1,1.2,0.5,2.6,0.386,0.298,0.698,15.1,20.2,0.576,-1.8,1.6
LaMelo Taylor,WAS,2017-18,26,52,5,19.6,27.5,4.8,6.4,0.9,0,0.9,0.427,0.418,0.678,33.8,20.9,0.612,-4.5,4.3
Shai Reed,MIN,2017-18,31,27,1,32.4,16.3,4.8,4.1,1.6,0.6,0.9,0.384,0.368,0.711,16.0,9.4,0.562,0.2,1.7
CJ Cook,ORL,2017-18,21,35,16,29.5,10.8,2.9,0.2,1.0,0.3,1.6,0.43,0.339,0.869,32.9,13.7,0.51,-5.5,2.1
Chris Wilson,HOU,2017-18,33,54,7,28.2,13.5,1.1,6.7,1.0,0.7,4.3,0.425,0.348,0.73,25.1,9.8,0.584,-6.4,-0.2
Jayson Taylor,CLE,2017-18,30,43,28,34.2,21.7,2.3,5.6,0,0.3,1.7,0.435,0.282,0.731,18.5,10.0,0.614,4.3,1.8
Fred Thompson,POR,2017-18,22,60,11,16.6,17.6,4.5,5.9,1.1,0.2,1.6,0.528,0.337,0.905,16.8,19.1,0.603,-1.8,-1.5
Marcus Hill,DAL,2017-18,36,33,2,26.3,20.6,7.1,2.2,1.5,1.0,2.0,0.472,0.387,0.669,20.1,15.8,0.497,-2.8,-0.5
DeAndre Young,LAL,2017-18,28,44,3,21.2,15.9,10.6,4.2,0.6,1.4,2.1,0.465,0.389,0.72,32.4,14.3,0.557,4.5,-0.2
Tyrese Green,LAL,2017-18,34,43,10,28.7,8.0,9.6,4.9,1.9,1.3,2.3,0.453,0.354,0.708,21.1,15.3,0.591,-1.8,1.8
Jordan Edwards,NOP,2017-18,22,24,18,32.9,11.5,4.4,1.0,0.7,0.1,2.2,0.458,0.345,0.857,17.5,19.1,0.624,0.5,5.2
Kyle Hill,GSW,2017-18,22,77,52,25.0,12.5,7.1,1.0,0.3,0.5,0.5,0.519,0.322,0.682,24.5,11.6,0.642,-0.1,3.6
Andre Brown,SAS,2017-18,31,60,3,19.8,11.4,2.5,1.8,1.4,1.5,1.8,0.487,0.365,0.814,17.0,9.1,0.562,-0.8,3.0
Jrue Jackson,OKC,2017-18,30,28,23,25.8,7.5,8.4,3.4,0.9,0.6,2.0,0.453,0.319,0.652,23.4,13.2,0.489,0.3,0.2
CJ Nelson,UTA,2017-18,32,67,28,14.9,15.6,7.0,3.4,1.2,1.5,3.3,0.475,0.322,0.691,20.8,16.9,0.595,-0.2,1.8
Nikola Anderson,WAS,2017-18,20,44,43,14.4,12.7,10.1,5.6,0.3,0.4,0.9,0.538,0.295,0.8,32.9,11.9,0.496,3.2,2.1
Donovan Brown,DEN,2017-18,26,66,5,20.6,14.8,9.8,3.8,0.4,0.4,2.7,0.434,0.332,0.858,30.9,15.9,0.627,-4.5,-0.0
Giannis Evans,MEM,2017-18,22,26,3,27.2,22.0,6.3,0.2,1.9,0.3,1.9,0.471,0.404,0.868,18.5,18.0,0.597,0.9,5.4
Giannis Wilson,SAS,2017-18,27,51,26,23.8,7.2,3.3,3.4,1.2,1.3,1.8,0.474,0.318,0.796,34.2,19.2,0.648,1.9,-1.1
Jalen Thomas,LAC,2017-18,21,35,13,26.7,19.6,7.6,2.4,0.5,1.8,1.4,0.487,0.314,0.676,25.6,7.5,0.64,4.3,-0.4
Marcus Evans,CHA,2017-18,20,65,65,30.2,16.0,3.6,3.4,1.0,0.4,2.7,0.466,0.397,0.664,26.7,10.4,0.518,-4.1,-0.3
James Cook,NOP,2017-18,27,75,0,21.2,12.7,3.4,4.4,0.4,1.3,2.6,0.492,0.356,0.8,31.2,15.8,0.581,-1.9,-1.5
Malik Brown,DET,2017-18,29,31,15,16.5,20.0,8.3,3.5,0.7,0,2.3,0.382,0.287,0.682,18.6,16.2,0.495,1.0,4.3
Tyrese Evans,DAL,2017-18,29,28,13,35.0,4.7,4.8,6.1,0.7,0.9,2.3,0.414,0.4,0.867,22.1,14.0,0.564,-3.0,0.9
Damian Roberts,ATL,2017-18,26,42,31,29.0,10.9,5.9,5.1,0.8,0.9,2.3,0.52,0.297,0.869,30.6,12.9,0.491,-1.0,0.0
Brandon Parker,CHI,2017-18,29,56,39,20.2,8.7,3.6,1.6,1.1,0,3.9,0.403,0.333,0.752,21.1,14.4,0.597,-0.6,0.6
Jayson Wilson,CLE,2017-18,25,62,52,28.7,20.4,5.8,4.2,1.1,0.2,2.5,0.433,0.388,0.821,23.1,15.6,0.639,1.5,1.3
DeAndre Wilson,UTA,2017-18,29,57,48,34.2,10.0,2.5,9.2,0.8,1.1,1.8,0.409,0.322,0.841,30.0,16.2,0.58,-3.4,1.0
Ja Cook,CHI,2017-18,25,78,43,36.9,14.8,1.7,6.2,0.4,0,1.9,0.426,0.324,0.729,20.9,17.0,0.618,5.5,-0.2
Nikola Baker,NYK,2017-18,23,24,18,36.7,17.0,0.9,3.9,1.8,0.4,2.2,0.4,0.329,0.855,31.8,11.4,0.483,-2.9,0.5
Donovan Baker,DET,2017-18,28,73,24,26.4,16.0,9.4,7.4,1.0,1.3,2.4,0.469,0.291,0.799,32.5,13.1,0.574,-3.1,-0.3
Pascal Baker,CHI,2017-18,26,60,43,21.9,11.7,1.7,7.9,1.6,1.0,0.7,0.464,0.325,0.847,18.3,16.1,0.532,1.7,-3.0
Marcus White,TOR,2017-18,25,44,9,25.6,12.2,3.1,0.2,1.2,0.1,1.9,0.475,0.37,0.689,19.5,26.1,0.545,0.1,2.9
CJ Collins,WAS,2017-18,29,24,0,16.4,15.2,7.0,6.1,1.7,0,2.9,0.518,0.307,0.843,26.8,17.8,0.533,-3.6,2.6
Andre Baker,DEN,2017-18,23,21,14,25.0,16.4,0.9,0.8,1.4,0.8,2.3,0.399,0.343,0.824,15.3,23.7,0.618,-1.3,3.1
Julius Edwards,PHI,2017-18,26,21,13,21.6,15.1,4.0,4.3,1.3,0.8,2.6,0.402,0.296,0.7,15.1,15.0,0.528,-0.5,-0.7
Cade Miller,UTA,2017-18,25,25,4,15.1,10.3,4.2,7.5,1.5,0,1.6,0.466,0.284,0.794,26.2,18.9,0.505,3.6,1.9
Trae Adams,TOR,2017-18,23,60,20,30.6,12.5,6.6,5.6,1.4,0,0.3,0.504,0.378,0.695,34.0,19.9,0.535,-0.5,3.0
Domantas Jackson,TOR,2017-18,20,61,23,31.1,13.8,2.3,1.4,0.9,0.8,1.9,0.509,0.373,0.67,30.8,22.0,0.602,3.8,0.7
Khris Green,BKN,2017-18,21,58,44,28.0,7.0,10.1,1.6,1.5,1.2,3.3,0.53,0.284,0.738,21.9,13.4,0.517,4.5,3.0
Joel Campbell,UTA,2017-18,25,37,9,29.5,25.2,1.7,8.0,1.4,0.5,2.4,0.383,0.291,0.769,32.3,14.2,0.521,0.3,0.3
Giannis Cook,IND,2017-18,26,80,30,32.4,13.7,1.4,3.0,0.2,0.4,0.3,0.542,0.346,0.844,28.6,6.9,0.566,-2.7,1.6
Bam Young,CLE,2017-18,33,53,28,30.0,6.8,3.2,5.7,0.7,0.3,2.6,0.515,0.386,0.871,19.1,10.7,0.568,-2.1,0.5
CJ King,MIA,2017-18,19,32,22,38,12.1,2.2,0.2,0.5,1.5,2.6,0.46,0.281,0.795,15.3,8.0,0.511,-1.1,0.4
Damian Green,CHA,2017-18,22,64,56,22.4,28.5,2.2,4.6,1.5,0.3,1.5,0.482,0.318,0.683,28.8,26.6,0.483,-1.8,3.3
Domantas Carter,IND,2017-18,23,70,47,28.7,18.9,4.0,1.9,0.4,0.8,1.6,0.545,0.344,0.685,24.1,9.5,0.585,1.7,1.8
LaMelo Campbell,SAC,2017-18,24,22,1,26.0,12.5,2.6,6.1,1.7,0.6,1.6,0.549,0.387,0.675,32.8,16.6,0.517,2.8,0.1
Malik Hill,POR,2017-18,20,41,13,17.3,16.8,4.7,0.2,0.4,0.2,0.7,0.458,0.341,0.899,34.0,13.9,0.558,1.0,1.3
Tyrese Murphy,LAL,2017-18,29,36,25,28.5,12.7,9.1,4.7,0.7,1.1,3.2,0.48,0.391,0.853,17.5,16.3,0.547,3.3,1.6
Jordan Mitchell,GSW,2017-18,22,34,14,29.1,3.9,4.4,2.2,0.5,0.2,3.9,0.535,0.299,0.852,32.7,1.4,0.613,-7.5,-0.6
Luka Murphy,CHA,2017-18,22,57,0,27.4,5.0,5.0,3.1,0.6,0.4,2.9,0.44,0.415,0.87,20.3,15.7,0.63,-2.6,1.2
Cade Mitchell,PHI,2017-18,34,65,7,29.8,18.5,4.0,2.5,1.4,0.5,1.3,0.401,0.392,0.854,20.8,11.8,0.631,-4.0,4.4
Andre Phillips,GSW,2017-18,22,75,30,13.8,7.0,6.8,3.5,0.5,0.9,2.3,0.486,0.282,0.774,26.7,27.1,0.576,-0.5,-0.9
Luka Cook,ORL,2017-18,24,71,49,32.5,27.0,0.5,0.2,0,0.6,1.9,0.478,0.352,0.911,25.8,4.9,0.641,0.1,1.0
Tyrese Thompson,NYK,2017-18,31,61,22,27.2,12.6,1.0,5.0,1.3,0.4,1.5,0.476,0.407,0.729,19.0,13.7,0.551,0.5,2.0
Brandon Hill,ATL,2017-18,24,32,2,29.3,16.0,5.3,5.5,1.2,0.5,2.6,0.409,0.383,0.805,18.3,16.0,0.643,3.3,4.4
Shai Taylor,UTA,2017-18,23,72,38,10.2,11.8,1.2,1.8,1.8,0.3,3.3,0.435,0.404,0.91,33.8,18.2,0.592,-0.6,0.7
Joel Campbell,NYK,2017-18,23,21,17,9.6,15.2,9.6,3.0,0.9,1.5,3.0,0.427,0.282,0.803,28.6,11.6,0.593,-0.8,-1.8
DeAndre Green,CHA,2017-18,29,26,9,38,18.4,3.9,3.9,1.0,0.2,0.4,0.509,0.387,0.869,20.5,13.6,0.637,-3.3,2.7
Malik Evans,DET,2017-18,27,28,23,18.3,24.3,4.0,5.9,1.6,0.5,3.3,0.547,0.342,0.654,24.0,20.8,0.644,-4.5,5.5
Bam Reed,IND,2017-18,28,82,36,27.9,25.1,6.2,6.5,0.8,0.5,1.6,0.524,0.284,0.783,15.0,17.0,0.612,-1.9,-1.0
Damian Miller,SAC,2017-18,20,49,19,33.5,24.7,0.5,5.7,1.4,1.3,0.3,0.451,0.374,0.781,31.9,16.9,0.495,4.7,1.1
Kyle Morris,DET,2017-18,24,51,1,20.0,19.6,2.7,1.8,1.8,0.7,0.8,0.469,0.364,0.721,22.2,17.9,0.557,0.9,0.6
Joel Phillips,POR,2017-18,22,69,17,33.0,12.0,3.6,2.5,1.3,0.2,3.6,0.398,0.31,0.768,16.8,18.6,0.593,3.3,2.0
Tyrese Williams,SAC,2017-18,29,24,19,38,14.0,6.9,3.4,1.7,1.1,1.0,0.384,0.397,0.878,27.7,16.4,0.586,-3.3,1.0
Fred Davis,SAS,2017-18,39,34,3,5.8,11.7,9.6,2.6,0.9,1.0,1.5,0.401,0.392,0.744,34.8,18.9,0.506,-2.6,0.4
Fred Carter,CHI,2017-18,25,29,16,12.8,17.1,4.7,1.0,0.5,0.8,3.0,0.545,0.343,0.817,15.7,19.0,0.546,2.2,-0.6
Tyler Mitchell,DET,2017-18,20,59,29,20.5,8.3,1.9,4.3,1.2,0,1.6,0.463,0.338,0.859,30.6,16.8,0.53,-2.5,2.1
Trae Morris,WAS,2017-18,28,68,50,5,20.8,9.3,3.2,0.7,0.2,3.9,0.486,0.368,0.853,19.1,16.4,0.516,-0.6,-0.3
Pascal Thompson,MIA,2017-18,25,26,11,22.5,16.4,5.6,6.2,1.0,1.1,3.6,0.43,0.347,0.734,15.9,13.2,0.515,-2.5,-0.2
Joel Thomas,ATL,2017-18,31,61,21,24.6,26.1,7.9,3.6,1.1,0,2.7,0.407,0.341,0.857,24.7,14.5,0.617,-4.8,0.8
Chris Stewart,MIA,2017-18,25,34,31,19.6,21.2,7.0,2.2,1.2,0,3.4,0.446,0.41,0.905,22.9,12.8,0.645,-7.2,1.3
CJ Martin,MIN,2017-18,24,66,33,23.3,20.5,5.4,6.3,0.6,1.3,3.0,0.469,0.333,0.748,24.7,12.0,0.559,1.5,0.8
Khris Martin,LAC,2017-18,27,37,8,33.2,21.8,2.8,1.8,1.9,0.9,2.1,0.532,0.417,0.695,31.5,13.4,0.625,-0.9,2.7
Giannis Phillips,WAS,2017-18,23,56,15,38,25.7,5.3,1.4,1.6,0.7,2.1,0.441,0.348,0.738,27.1,17.6,0.604,3.9,1.7
Domantas Parker,MEM,2017-18,27,24,17,23.1,2,4.7,7.3,0.9,0.6,2.1,0.501,0.34,0.856,15.4,5.3,0.563,10.3,2.0
Jalen Baker,POR,2017-18,30,20,6,31.5,18.1,2.5,4.3,1.6,0.2,4.1,0.385,0.295,0.719,26.8,15.9,0.518,-3.5,0.6
Jaylen Williams,NYK,2017-18,30,36,18,26.6,22.0,5.8,1.0,0.5,0.6,0.5,0.404,0.387,0.748,24.4,9.9,0.515,1.1,0.5
LaMelo Thompson,PHX,2017-18,26,54,17,23.3,21.5,6.4,3.7,1.3,0.8,1.9,0.457,0.415,0.906,33.8,10.1,0.64,2.8,-0.6
Ja Jackson,DET,2017-18,35,58,42,16.0,10.7,10.8,0.9,1.3,0.3,2.1,0.429,0.414,0.72,23.1,16.2,0.492,1.2,-0.6
James Martin,WAS,2017-18,22,38,8,25.4,14.7,6.6,6.9,1.6,1.0,2.1,0.5,0.367,0.828,25.0,21.5,0.636,-2.4,6.7
DeAndre Moore,MIL,2017-18,24,59,13,38,15.5,12.6,0.2,0.9,0,1.5,0.433,0.307,0.845,26.5,10.9,0.491,3.0,2.2
Pascal Allen,MIL,2017-18,29,40,12,20.7,33.4,4.0,5.3,1.1,1.2,2.9,0.464,0.312,0.75,27.1,11.5,0.484,1.3,0.4
Nikola Phillips,MIN,2017-18,23,72,71,18.7,17.0,2.1,4.5,0.8,0.9,3.5,0.417,0.352,0.748,34.6,15.0,0.639,-5.2,2.5
Jayson Green,LAC,2017-18,21,51,42,13.7,15.8,3.0,2.2,0.5,0.9,0.9,0.496,0.412,0.861,18.3,21.0,0.497,-0.6,-0.6
Jalen Morris,WAS,2017-18,23,69,41,38,26.6,7.3,5.4,1.5,0,1.2,0.486,0.312,0.881,26.6,10.8,0.516,3.2,3.4
Devin Collins,CHA,2017-18,23,57,1,12.1,13.2,6.9,6.4,0.4,0.4,0.7,0.493,0.417,0.904,29.0,16.2,0.602,2.4,1.1
Zach Young,DEN,2017-18,22,45,14,18.1,3.5,4.6,6.4,1.5,0.6,1.7,0.447,0.354,0.714,34.8,23.3,0.521,-7.5,0.8
Malik Wilson,POR,2017-18,23,44,36,33.8,17.1,2.9,1.3,0.3,1.6,2.2,0.394,0.419,0.795,19.3,19.0,0.59,3.3,1.3
Trae Miller,SAS,2017-18,30,53,37,30.4,20.3,2.6,2.6,0.7,0.3,2.8,0.52,0.377,0.692,31.7,11.2,0.626,-1.1,0.5
Devin Turner,NOP,2017-18,26,27,17,28.8,14.1,8.8,3.0,0.9,0,2.6,0.405,0.319,0.722,20.5,17.9,0.648,1.6,1.4
Kevin Johnson,DEN,2017-18,29,63,10,27.4,24.0,4.3,4.6,0.6,1.1,2.3,0.505,0.36,0.75,33.4,8.8,0.523,1.5,0.1
CJ Wilson,LAL,2017-18,21,50,39,36.2,2,2.8,7.8,0.7,0.3,2.4,0.537,0.386,0.673,30.2,4.4,0.539,-2.0,3.6
Tyrese King,LAL,2017-18,24,21,0,29.0,16.4,10.1,8.8,1.1,0.3,3.4,0.529,0.365,0.671,20.7,16.1,0.527,2.2,2.4
Devin Mitchell,NYK,2017-18,31,56,32,25.7,4.3,4.8,5.8,0.9,0.7,1.8,0.428,0.38,0.767,29.6,8.3,0.552,2.1,0.7
Zion Parker,ORL,2017-18,19,44,28,23.1,14.1,7.6,1.7,0.8,0.9,2.2,0.455,0.349,0.771,17.5,2.1,0.599,3.1,2.4
Tyrese Johnson,POR,2017-18,28,75,73,29.9,4.0,9.9,3.1,1.0,0,2.5,0.546,0.345,0.782,25.0,17.2,0.6,0.0,2.9
Donovan Green,DAL,2017-18,26,36,18,29.7,19.5,6.6,4.3,0.6,0.5,3.5,0.469,0.33,0.816,16.6,17.1,0.604,-3.9,4.3
Anthony Turner,SAS,2017-18,21,75,11,22.1,24.8,0.5,4.8,0.9,0.4,3.1,0.478,0.285,0.686,34.5,8.6,0.587,-1.9,0.7
Domantas Mitchell,BOS,2017-18,24,48,38,28.1,10.8,5.2,4.9,0.7,0.9,3.1,0.55,0.334,0.697,28.8,20.8,0.592,-1.4,4.8
Jrue Brown,BOS,2017-18,20,54,34,18.4,11.4,7.8,3.6,1.1,0.5,0.8,0.404,0.381,0.824,23.6,23.7,0.589,0.4,1.2
Julius Moore,SAS,2017-18,29,74,19,22.4,10.2,3.9,2.3,1.2,0.3,2.9,0.54,0.348,0.714,30.7,16.3,0.575,3.6,4.1
Ja Lopez,IND,2017-18,31,34,0,22.7,23.8,7.3,4.0,0.6,0.9,2.9,0.415,0.388,0.816,26.7,17.5,0.65,-5.2,2.3
Ja Campbell,WAS,2017-18,35,78,27,14.2,13.5,2.9,0.2,1.7,0.6,1.9,0.415,0.408,0.675,25.3,20.4,0.63,0.4,1.2
Darius Green,DAL,2017-18,21,51,6,38,14.8,4.9,5.4,0.5,0.4,1.1,0.397,0.413,0.733,28.9,14.3,0.606,-0.7,0.1
Kyle Turner,HOU,2017-18,22,73,37,29.2,14.4,2.8,6.4,0.7,0.4,1.0,0.465,0.395,0.858,17.6,15.3,0.582,-6.1,2.1
Andre Lopez,MIA,2017-18,20,49,48,38,16.5,8.4,3.3,0.5,0.8,1.4,0.54,0.285,0.769,19.0,8.9,0.576,1.3,-0.2
Domantas Nelson,PHX,2017-18,25,57,54,19.8,9.1,3.9,0.7,0.6,0.8,1.0,0.424,0.352,0.897,26.2,16.9,0.567,3.9,2.6
Ja Johnson,GSW,2017-18,26,28,11,19.8,13.5,3.5,9.3,1.5,1.2,0.6,0.539,0.287,0.684,26.9,13.3,0.64,-0.5,2.3
Domantas Parker,GSW,2017-18,26,42,35,28.5,10.9,5.8,1.4,0.9,0,2.0,0.45,0.356,0.863,31.8,15.5,0.493,-1.0,-0.2
Devin Thompson,PHI,2017-18,21,36,11,28.7,12.8,3.5,5.4,1.6,1.2,1.8,0.524,0.353,0.837,28.4,12.8,0.549,0.7,1.9
Zach Parker,GSW,2017-18,21,72,18,33.2,27.3,7.1,4.6,1.1,1.1,2.0,0.532,0.351,0.798,28.0,12.2,0.493,0.4,0.7
Zach Adams,SAS,2017-18,21,59,34,28.1,19.8,5.9,0.2,0.1,0,3.3,0.385,0.309,0.785,20.1,11.9,0.52,3.2,-3.1
Cade Wright,UTA,2017-18,32,56,48,19.0,24.9,3.0,2.9,1.4,0,1.5,0.445,0.393,0.762,27.0,16.6,0.591,1.5,0.7
Anthony Wilson,PHI,2017-18,28,52,27,38,11.8,6.8,0.9,0.7,0.7,0.3,0.387,0.289,0.736,29.5,22.2,0.527,3.7,0.7
Brandon King,SAS,2017-18,28,64,23,15.8,2.2,6.4,6.1,0.6,1.0,0.9,0.5,0.386,0.894,25.9,12.3,0.582,1.4,1.3
Malik Morris,DEN,2017-18,24,70,18,23.3,14.2,5.5,0.2,1.0,0,1.3,0.545,0.38,0.719,34.4,14.6,0.522,2.0,3.2
Darius Davis,IND,2017-18,29,53,12,28.4,14.0,7.1,3.5,1.3,1.2,3.1,0.513,0.41,0.801,34.9,24.3,0.5,-3.2,-0.7
DeMar Thompson,LAC,2017-18,23,54,3,11.7,18.6,8.2,4.3,0.9,0.8,0.8,0.483,0.352,0.722,21.9,12.4,0.582,0.1,1.3
LaMelo Taylor,SAC,2017-18,25,69,28,9.3,10.6,3.4,1.1,0.9,1.2,2.4,0.46,0.297,0.696,18.8,18.6,0.513,1.8,5.6
Zach Johnson,ATL,2017-18,21,77,29,30.8,11.0,4.3,6.2,1.3,0.8,4.3,0.545,0.349,0.864,16.4,17.2,0.585,0.3,0.6
Jaylen Mitchell,NOP,2017-18,22,24,23,26.1,17.0,10.7,7.4,0.4,0.8,0.5,0.381,0.407,0.78,25.5,19.8,0.494,0.9,3.1
Malik Taylor,SAS,2017-18,23,28,26,13.4,9.2,2.2,4.3,1.4,0.9,1.8,0.538,0.306,0.742,29.2,13.9,0.555,-1.0,2.6
Khris Evans,UTA,2017-18,34,64,3,27.5,3.9,2.8,0.2,0.4,0.9,2.0,0.445,0.304,0.85,20.2,17.5,0.599,4.5,-0.7
Giannis Morris,BKN,2017-18,27,61,36,19.4,15.5,5.0,9.6,0.9,1.2,2.0,0.405,0.301,0.732,19.4,13.7,0.61,-0.8,2.7
Domantas Mitchell,OKC,2017-18,26,49,28,36.3,3.6,4.8,2.7,1.0,0.6,2.2,0.453,0.355,0.796,30.3,5.7,0.52,0.2,0.4
Fred Mitchell,LAL,2018-19,33,70,56,18.7,14.4,0.5,2.0,1.0,0.4,1.6,0.414,0.386,0.909,24.8,22.1,0.643,1.4,0.5
Darius Roberts,DAL,2018-19,29,45,38,28.1,19.9,7.0,4.8,1.5,1.5,0.7,0.413,0.398,0.706,15.9,18.8,0.562,0.9,3.5
Kevin Stewart,BKN,2018-19,33,26,8,32.1,6.5,6.1,0.9,0.2,1.0,1.1,0.409,0.333,0.656,21.7,21.2,0.543,2.2,-0.0
DeAndre Nelson,MIA,2018-19,32,50,26,14.7,17.9,5.4,0.4,1.2,0.4,0.8,0.513,0.329,0.669,19.7,16.2,0.547,8.2,1.9
Jalen Parker,TOR,2018-19,30,43,10,9.1,26.2,0.5,4.1,1.6,1.3,1.2,0.529,0.354,0.785,34.9,16.8,0.608,-0.7,5.9
Zion Stewart,DET,2018-19,22,68,52,18.7,8.3,1.3,1.2,0.5,0.9,1.7,0.55,0.324,0.823,29.9,10.6,0.512,-1.1,-3.3
Giannis Nelson,PHX,2018-19,20,25,0,38,11.7,0.5,4.3,1.0,0.5,2.2,0.405,0.361,0.719,20.0,6.8,0.601,1.4,0.9
Domantas Moore,DET,2018-19,19,37,10,38,18.0,5.5,0.2,0.8,0.9,2.1,0.505,0.334,0.904,25.2,14.6,0.554,4.1,0.8
James Reed,DAL,2018-19,29,82,70,26.3,13.7,6.1,0.2,1.5,0.3,0.3,0.421,0.34,0.906,32.8,13.9,0.544,2.0,4.4
CJ Jackson,DET,2018-19,31,74,21,17.3,6.3,5.6,3.0,0.5,1.3,1.9,0.482,0.31,0.759,24.9,21.2,0.535,-1.5,-1.2
Damian Turner,OKC,2018-19,24,20,8,37.1,16.2,10.9,4.4,1.1,0.3,3.2,0.534,0.314,0.892,23.9,17.3,0.52,-0.5,-4.0
Domantas Young,MIN,2018-19,34,80,20,25.8,17.0,6.9,4.5,0.3,0,0.3,0.521,0.354,0.701,31.6,18.4,0.564,4.8,-1.1
Zach Morris,SAC,2018-19,26,81,6,28.2,16.2,8.9,0.3,1.0,0.1,1.5,0.546,0.331,0.758,34.0,18.9,0.529,0.7,3.6
Jayson White,ATL,2018-19,33,24,7,22.8,5.8,2.0,4.3,0.9,0.7,1.9,0.422,0.287,0.86,26.2,9.0,0.587,1.6,0.7
Darius Mitchell,ORL,2018-19,27,53,31,14.6,13.4,8.7,5.5,0.4,0.2,3.3,0.507,0.286,0.823,25.5,11.6,0.485,-0.9,1.6
Jalen Davis,LAC,2018-19,23,57,42,37.3,19.3,3.8,1.3,1.6,0,2.3,0.46,0.305,0.81,28.5,11.4,0.562,3.6,4.2
DeMar Campbell,MIL,2018-19,25,40,6,10.5,11.2,3.2,4.8,1.6,0,3.9,0.52,0.39,0.894,34.2,17.7,0.624,-1.6,0.9
Zach Young,TOR,2018-19,22,40,30,33.5,12.2,3.3,3.4,1.3,0.1,2.0,0.444,0.413,0.849,29.3,22.6,0.5,-3.1,3.3
DeMar Morris,ATL,2018-19,25,20,7,22.6,8.3,2.4,5.0,1.1,0.5,1.3,0.542,0.373,0.767,27.3,14.4,0.561,-4.0,-2.5
Cade Young,SAS,2018-19,31,47,1,28.3,9.3,5.8,3.5,0.9,2.0,2.3,0.427,0.307,0.837,15.4,5.8,0.516,0.4,3.0
Ja Miller,POR,2018-19,32,45,43,11.3,18.3,1.2,0.5,1.1,0.9,1.2,0.504,0.393,0.882,18.7,28.3,0.507,4.5,3.2
Fred Lopez,GSW,2018-19,20,39,24,23.8,18.7,5.0,3.1,0.4,0.4,1.7,0.432,0.286,0.918,20.3,18.0,0.496,-5.0,3.1
Luka Evans,MIA,2018-19,25,28,22,31.7,12.2,3.3,1.6,1.2,0.4,3.1,0.426,0.303,0.838,16.0,5.2,0.637,-0.0,2.3
Damian Murphy,SAC,2018-19,24,77,38,12.4,16.1,0.5,1.6,0.7,0.1,1.4,0.384,0.389,0.782,32.8,5.7,0.558,-1.3,4.8
Zion Moore,LAC,2018-19,31,70,16,35.7,13.8,3.8,3.5,0.4,0.3,2.6,0.49,0.329,0.888,15.2,11.8,0.482,2.8,-0.2
Kyle Carter,UTA,2018-19,31,24,0,20.3,14.8,6.7,5.2,0.6,1.0,3.3,0.42,0.313,0.662,31.8,17.5,0.629,6.0,3.4
Ja Evans,CHA,2018-19,27,37,32,13.8,17.8,2.7,1.6,1.4,0.4,3.1,0.512,0.403,0.707,16.5,23.5,0.52,4.5,-2.1
Ja Hill,CHI,2018-19,29,77,61,37.0,19.0,2.2,2.9,0.8,1.4,0.7,0.476,0.411,0.732,16.7,18.1,0.545,0.6,-0.3
Jordan Lopez,NOP,2018-19,24,44,0,14.1,13.7,3.9,4.7,2.2,0.7,3.2,0.417,0.382,0.794,31.4,18.4,0.487,2.3,2.0
Andre Cook,GSW,2018-19,24,66,58,25.1,13.0,0.5,0.9,1.1,0.3,2.2,0.549,0.316,0.757,27.6,14.0,0.582,-5.1,5.4
Tyrese Wright,OKC,2018-19,33,24,9,10.3,17.7,1.9,3.7,1.7,0.6,1.8,0.398,0.366,0.758,18.6,12.1,0.552,4.1,3.2
Cade Phillips,MIL,2018-19,26,37,9,17.6,6.4,0.5,4.8,0.8,0.4,2.7,0.48,0.292,0.896,16.7,23.0,0.566,-1.5,-2.2
Darius Wilson,IND,2018-19,30,41,9,11.4,19.9,7.3,4.2,1.4,0.5,2.0,0.403,0.347,0.845,31.1,14.1,0.624,1.4,0.7
Zion Campbell,BKN,2018-19,23,20,20,7.3,21.2,6.2,6.8,1.4,0.8,1.5,0.43,0.328,0.869,20.2,15.1,0.512,-1.0,1.1
Bam Edwards,MEM,2018-19,23,80,67,29.0,13.7,4.8,4.5,0.5,0.5,3.1,0.38,0.419,0.809,16.8,6.6,0.571,1.9,0.2
Jayson Stewart,MIL,2018-19,25,21,19,38,12.2,5.0,6.9,0.9,0.9,1.5,0.471,0.343,0.668,24.9,15.3,0.507,-2.4,5.3
Marcus Morris,PHI,2018-19,27,40,31,10.0,7.1,8.1,7.0,0.9,0.4,0.3,0.389,0.353,0.866,29.7,14.4,0.544,-4.0,0.4
Giannis Mitchell,NYK,2018-19,25,41,34,26.6,7.5,8.0,6.7,0.9,0.2,2.0,0.424,0.39,0.677,18.4,20.5,0.55,-4.2,-2.6
Nikola Jackson,MIA,2018-19,25,46,45,37.1,16.4,4.9,3.0,0.3,0.2,2.6,0.503,0.372,0.838,30.1,19.0,0.521,-4.2,2.9
Nikola Murphy,CLE,2018-19,22,50,36,17.5,16.4,3.1,5.0,1.1,0.3,2.5,0.52,0.346,0.755,25.2,30.6,0.557,0.4,4.5
Jalen Phillips,ORL,2018-19,31,31,18,26.4,18.2,0.5,0.2,1.0,0,3.0,0.433,0.323,0.834,32.0,22.0,0.485,0.5,-2.6
Jordan Morris,DET,2018-19,34,82,64,37.5,13.3,6.7,4.1,0.3,0.3,2.0,0.533,0.286,0.699,32.0,1.7,0.481,-3.0,2.2
Darius Reed,SAS,2018-19,20,47,26,31.5,24.4,2.0,1.0,1.2,0.7,2.0,0.435,0.309,0.789,18.2,13.4,0.561,-3.0,-0.0
DeMar Williams,CHA,2018-19,33,58,39,22.1,11.1,5.0,8.0,1.7,1.1,0.8,0.509,0.42,0.85,30.8,20.4,0.52,0.3,3.7
Damian Miller,MEM,2018-19,23,47,43,28.7,5.6,5.8,5.1,1.1,1.2,1.3,0.415,0.281,0.859,21.1,9.9,0.546,6.2,3.7
DeAndre Roberts,BKN,2018-19,31,43,39,23.3,21.0,0.5,5.1,0.6,0.4,2.3,0.461,0.364,0.89,29.7,13.1,0.599,2.1,2.6
Pascal King,SAC,2018-19,23,26,21,18.7,4.9,5.0,6.1,1.2,0,0.3,0.546,0.31,0.86,16.7,27.0,0.641,-0.8,3.6
Bam Morris,DAL,2018-19,21,72,55,23.2,7.5,3.2,3.1,1.7,1.3,1.2,0.521,0.286,0.712,21.7,14.3,0.649,2.7,3.0
Cade White,UTA,2018-19,24,75,47,22.1,27.1,6.2,0.8,0.7,0.1,0.4,0.548,0.331,0.851,25.1,20.0,0.542,2.8,4.3
LaMelo King,TOR,2018-19,23,71,21,30.0,10.6,5.7,9.7,0.4,0.7,2.4,0.512,0.394,0.668,19.0,19.5,0.555,0.3,1.5
Kyle Wilson,SAS,2018-19,33,25,22,24.6,13.9,11.0,0.2,0,0.5,1.0,0.419,0.374,0.882,30.1,19.1,0.515,0.7,1.9
Nikola Young,PHX,2018-19,32,43,9,26.0,15.6,7.0,3.0,1.0,0.8,2.3,0.469,0.29,0.713,33.5,21.3,0.613,3.3,-0.1
Kyle Wright,BOS,2018-19,33,71,42,19.4,14.7,4.2,5.5,1.3,1.0,1.9,0.475,0.351,0.657,23.3,13.3,0.56,-0.7,2.9
Jordan Miller,DAL,2018-19,27,50,11,29.2,11.8,9.4,4.0,0.2,0,3.0,0.49,0.292,0.714,30.3,11.4,0.48,3.0,0.8
CJ Mitchell,PHI,2018-19,22,20,1,37.4,17.0,7.5,4.1,1.6,0.7,2.1,0.452,0.3,0.873,15.5,17.4,0.586,-0.6,1.4
Donovan Lopez,ORL,2018-19,22,54,48,12.6,8.6,6.3,1.5,1.0,0.5,0.5,0.386,0.312,0.879,18.0,17.6,0.582,-0.7,-4.0
Darius Johnson,CHI,2018-19,27,36,25,16.0,20.8,7.9,0.2,1.8,1.4,0.3,0.494,0.35,0.902,25.9,19.1,0.533,1.4,-0.9
Tyler Thompson,MIN,2018-19,32,71,50,27.7,14.3,7.8,5.7,1.3,0.3,2.9,0.498,0.321,0.865,29.0,13.0,0.62,-6.0,1.5
Tyrese Carter,MIL,2018-19,32,31,28,20.4,2,2.7,1.5,1.1,1.4,2.0,0.429,0.36,0.899,29.0,10.6,0.508,-2.0,2.1
Andre Campbell,MIN,2018-19,26,44,26,21.1,10.2,8.1,5.0,1.6,0.8,2.7,0.466,0.417,0.809,29.2,6.4,0.488,-0.7,1.2
Jrue Parker,SAC,2018-19,21,62,61,25.8,18.2,7.4,7.4,1.9,0.5,1.6,0.395,0.367,0.737,20.3,15.8,0.488,1.7,0.4
CJ Anderson,DEN,2018-19,31,30,17,30.0,14.9,0.5,11.6,1.2,0,2.2,0.381,0.35,0.708,24.1,15.0,0.487,-2.5,-2.6
Joel Campbell,GSW,2018-19,26,36,26,34.5,6.4,1.7,0.2,1.4,0.6,3.4,0.533,0.324,0.838,23.3,12.0,0.551,4.3,1.9
Giannis Harris,CHI,2018-19,20,55,6,24.8,20.9,7.6,2.4,0.3,0,2.1,0.435,0.395,0.687,19.0,19.2,0.614,0.1,-0.2
Tyrese Murphy,BKN,2018-19,22,31,31,18.1,15.8,8.8,4.8,1.2,0.4,1.9,0.465,0.395,0.718,20.4,11.4,0.543,-1.1,4.4
Julius Adams,GSW,2018-19,31,69,43,20.0,14.0,4.5,3.6,1.1,0.7,3.0,0.389,0.301,0.653,15.4,18.2,0.565,4.6,-0.7
Zion Morris,DAL,2018-19,29,69,62,20.8,13.1,4.6,7.8,0.6,0,0.8,0.535,0.348,0.725,32.1,17.8,0.511,1.3,4.2
Nikola Wilson,SAC,2018-19,32,52,2,21.2,13.6,6.2,6.2,0,1.5,3.9,0.539,0.334,0.709,31.0,17.8,0.629,1.6,4.4
Fred Brown,NOP,2018-19,21,38,8,24.8,14.9,2.3,7.6,0.9,0.3,2.1,0.43,0.345,0.693,26.3,15.2,0.489,0.6,1.5
Chris Wright,BOS,2018-19,31,42,31,35.5,23.1,1.3,4.4,0.9,0.6,2.1,0.504,0.35,0.682,32.5,22.5,0.62,-5.4,3.2
Pascal Mitchell,SAC,2018-19,24,39,22,33.2,15.4,4.2,2.1,0.3,0.9,0.6,0.455,0.312,0.676,29.4,14.4,0.513,-1.7,-0.9
Jrue Nelson,NOP,2018-19,21,72,18,19.6,22.0,1.6,0.3,0.5,0.9,1.9,0.468,0.325,0.899,16.1,20.9,0.573,-0.9,0.7
Trae Phillips,DET,2018-19,21,55,20,29.6,9.5,8.6,4.8,0,0.2,0.3,0.448,0.376,0.878,27.6,19.0,0.52,-0.3,0.6
DeMar Lopez,UTA,2018-19,21,24,8,9.7,26.7,3.6,1.8,1.2,0.8,2.9,0.455,0.32,0.785,19.5,10.7,0.576,-0.7,4.3
Kyle Nelson,ATL,2018-19,25,42,25,20.1,14.6,1.4,3.2,1.4,1.4,1.8,0.548,0.292,0.893,17.3,15.6,0.491,0.6,3.8
Ja Morris,DET,2018-19,33,41,33,27.6,18.8,6.7,2.8,0.4,1.2,2.6,0.466,0.398,0.831,30.8,11.7,0.515,0.3,2.1
Devin Johnson,BKN,2018-19,23,59,46,19.9,14.0,4.0,3.2,1.2,0.6,3.0,0.427,0.332,0.885,19.7,10.5,0.643,-3.6,0.4
Shai Thompson,ATL,2018-19,22,36,1,33.5,15.7,2.6,3.5,1.2,0.5,3.4,0.414,0.381,0.768,31.7,15.2,0.561,4.1,3.9
Malik Wilson,DEN,2018-19,33,28,28,33.8,16.3,6.6,5.1,0.7,0.1,1.3,0.461,0.356,0.848,31.7,19.7,0.552,1.6,1.1
Malik Collins,OKC,2018-19,29,77,44,21.7,5.1,6.0,0.2,1.0,0.2,1.6,0.536,0.36,0.878,30.0,20.4,0.599,-6.8,1.8
Jordan Phillips,TOR,2018-19,28,47,31,28.2,10.2,5.2,0.3,0.6,0.5,2.3,0.544,0.332,0.834,22.1,16.9,0.621,2.4,1.3
CJ Hill,IND,2018-19,23,29,7,15.1,9.0,5.0,2.7,2.5,1.3,2.7,0.487,0.356,0.896,21.2,15.7,0.567,-4.6,3.1
Joel Moore,DAL,2018-19,24,33,0,23.7,19.1,7.6,1.3,0.9,1.0,2.4,0.386,0.399,0.737,28.1,19.0,0.626,1.3,2.4
Damian Martin,ATL,2018-19,27,77,19,27.1,9.6,0.5,2.3,0.8,0.3,2.1,0.459,0.336,0.911,33.2,10.6,0.65,-3.0,2.6
Damian Collins,BOS,2018-19,22,27,4,26.1,19.7,3.2,3.2,0.5,0.4,3.1,0.475,0.308,0.763,29.5,15.9,0.594,0.2,1.7
Malik Johnson,NOP,2018-19,29,72,42,28.7,7.7,9.3,1.5,0.5,0.4,3.4,0.51,0.337,0.813,26.9,15.8,0.534,-0.3,2.3
Anthony Campbell,CLE,2018-19,28,25,7,32.8,22.7,4.6,1.3,0.8,0,1.6,0.471,0.288,0.845,23.4,19.1,0.549,-0.2,3.3
Marcus Davis,WAS,2018-19,24,55,41,20.6,5.1,9.0,4.4,0.8,0.5,1.1,0.4,0.365,0.674,34.0,14.0,0.496,1.2,2.2
Anthony Anderson,PHI,2018-19,32,22,5,30.8,13.9,2.4,8.3,1.6,0.5,2.8,0.417,0.323,0.795,34.1,20.7,0.6,-1.5,4.0
Shai Phillips,DEN,2018-19,25,46,2,34.5,23.5,0.5,1.9,1.0,0.1,2.0,0.496,0.283,0.78,27.6,9.7,0.622,-3.6,3.0
Joel Green,CHI,2018-19,26,37,2,18.7,13.8,0.5,4.9,0.6,0,1.7,0.446,0.333,0.718,26.0,16.4,0.508,-2.5,0.6
Cade Roberts,BOS,2018-19,29,52,27,28.3,8.4,6.3,0.2,0.5,0.5,2.5,0.519,0.39,0.795,25.6,19.1,0.613,-1.0,0.9
Damian Anderson,IND,2018-19,23,78,65,31.7,10.8,6.7,7.1,0.3,0.2,2.7,0.415,0.412,0.853,21.5,16.9,0.57,2.6,1.5
LaMelo Taylor,CLE,2018-19,29,59,0,18.7,6.4,9.6,4.2,1.5,1.0,0.7,0.434,0.406,0.689,16.3,11.8,0.524,3.0,0.4
Shai Reed,SAC,2018-19,30,69,55,26.9,14.9,6.1,0.7,1.1,0.3,2.3,0.423,0.314,0.745,34.3,11.4,0.553,-3.2,3.5
CJ Cook,BKN,2018-19,23,41,2,21.6,19.2,3.4,5.6,1.3,0,3.9,0.4,0.351,0.7,21.2,19.4,0.539,-1.2,0.0
Chris Wilson,NOP,2018-19,31,23,16,33.2,13.1,1.9,1.5,1.4,0.4,0.6,0.397,0.293,0.732,26.3,16.5,0.539,2.3,-1.2
Jayson Taylor,UTA,2018-19,30,43,33,29.3,7.2,0.6,3.7,0.7,1.0,1.7,0.394,0.343,0.789,20.5,15.0,0.49,4.4,1.8
Fred Thompson,BOS,2018-19,23,70,16,31.9,19.8,5.3,3.4,0.9,0.6,2.5,0.427,0.314,0.71,29.8,13.8,0.512,-3.2,5.7
Marcus Hill,DAL,2018-19,34,66,57,13.7,5.9,5.0,10.4,1.4,0.5,1.3,0.445,0.302,0.783,20.8,2.3,0.573,0.5,1.8
DeAndre Young,ORL,2018-19,29,67,1,11.8,15.9,3.0,5.4,1.0,0.9,0.4,0.465,0.369,0.834,20.7,20.2,0.492,-2.9,3.8
Jordan Edwards,CHI,2018-19,24,27,14,35.4,20.8,8.4,1.8,0.2,0.5,0.9,0.458,0.331,0.736,30.7,14.9,0.531,-0.3,2.9
Jrue Hill,MIA,2018-19,22,80,6,32.4,8.9,1.3,0.2,1.6,0.5,2.2,0.381,0.321,0.732,18.6,15.9,0.617,2.0,0.2
Julius Turner,UTA,2018-19,21,73,15,28.6,15.4,4.7,0.2,0.9,0,1.0,0.473,0.303,0.796,15.7,12.7,0.486,-1.0,5.3
Kyle Hill,PHI,2018-19,22,30,14,25.2,18.8,4.6,4.5,1.5,0.9,1.9,0.512,0.293,0.912,25.1,12.1,0.565,2.4,0.1
Andre Brown,NYK,2018-19,33,21,20,26.5,16.8,3.3,6.1,1.1,0.3,2.6,0.46,0.289,0.706,18.6,9.2,0.605,-1.0,1.3
Jrue Jackson,MEM,2018-19,30,69,1,38,16.5,7.5,5.6,0.9,0.6,2.0,0.397,0.289,0.844,25.0,13.1,0.593,-2.3,5.6
Nikola Anderson,BKN,2018-19,23,80,62,29.3,14.9,0.9,0.2,1.3,0.4,1.1,0.418,0.347,0.772,24.2,16.3,0.554,4.0,1.2
Donovan Brown,CHA,2018-19,27,28,14,30.5,13.2,4.7,4.8,1.4,0.5,1.5,0.423,0.356,0.827,24.1,13.2,0.564,-1.5,0.6
Giannis Evans,BOS,2018-19,26,21,18,11.4,18.7,0.5,3.3,1.4,1.0,2.5,0.45,0.335,0.66,18.5,19.0,0.495,-3.7,2.0
Giannis Wilson,DEN,2018-19,28,24,15,28.5,2,4.1,5.3,1.4,0.5,3.8,0.479,0.344,0.917,16.9,19.3,0.605,-0.4,-1.0
Jalen Thomas,DEN,2018-19,22,65,23,17.6,12.8,6.0,0.2,1.5,0.9,0.3,0.417,0.419,0.852,25.8,20.0,0.522,-2.4,5.4
Marcus Evans,NOP,2018-19,24,51,4,32.8,17.2,0.5,5.5,1.4,0.4,2.2,0.493,0.29,0.861,20.6,16.6,0.615,-3.4,3.4
James Cook,DAL,2018-19,28,43,33,36.9,13.4,3.6,6.4,0.9,0.8,1.9,0.495,0.414,0.688,27.0,4.9,0.611,2.8,0.3
Malik Brown,SAS,2018-19,31,41,29,32.5,15.9,5.0,3.8,0.6,0.5,1.9,0.414,0.329,0.808,28.8,10.5,0.59,0.5,4.4
Bam Campbell,POR,2018-19,22,30,2,26.0,10.7,5.1,1.8,1.2,0.1,2.3,0.481,0.362,0.789,17.6,22.2,0.648,-1.5,2.0
Tyrese Evans,PHI,2018-19,28,64,59,27.7,13.4,3.5,4.5,0.5,0.9,2.2,0.396,0.389,0.778,29.1,15.7,0.612,-1.1,1.4
Damian Roberts,MIN,2018-19,29,33,18,38,11.3,5.3,4.9,1.3,0.3,2.0,0.526,0.339,0.906,22.4,20.6,0.625,1.4,2.5
Brandon Parker,LAL,2018-19,28,21,7,31.7,13.2,10.5,5.0,0.6,0.1,1.5,0.384,0.296,0.736,20.7,20.3,0.48,3.0,-0.8
Jayson Wilson,MIN,2018-19,27,76,31,38,10.0,6.6,3.7,0,0.3,1.5,0.509,0.406,0.872,22.8,22.9,0.491,-1.9,5.1
DeAndre Wilson,PHX,2018-19,32,71,27,31.6,5.8,5.2,3.8,1.2,1.1,1.5,0.482,0.397,0.795,21.4,10.0,0.537,-2.9,3.8
Ja Cook,CHA,2018-19,26,46,7,33.5,9.4,9.8,3.3,1.1,1.2,2.4,0.386,0.356,0.651,21.2,19.8,0.575,-0.1,1.3
Nikola Baker,NOP,2018-19,24,52,35,27.9,11.3,7.0,3.3,1.5,1.1,1.8,0.39,0.39,0.751,26.6,8.5,0.526,4.8,0.5
Donovan Baker,SAS,2018-19,31,51,25,24.9,18.3,9.0,0.2,1.0,0.8,1.5,0.5,0.417,0.849,27.9,9.6,0.608,4.5,5.3
Pascal Baker,CHA,2018-19,29,31,0,19.3,6.6,2.1,0.7,1.2,1.8,2.7,0.466,0.386,0.746,26.4,20.1,0.586,0.1,0.3
Marcus White,MEM,2018-19,27,50,25,20.2,5.0,0.6,1.8,1.3,0.4,1.4,0.51,0.347,0.867,22.8,11.6,0.534,-0.0,1.8
CJ Collins,NYK,2018-19,30,34,32,16.1,20.8,2.2,2.3,1.6,0,3.4,0.458,0.339,0.858,32.8,14.0,0.568,4.3,0.8
Andre Baker,GSW,2018-19,25,56,2,23.9,16.7,5.8,0.8,0.9,1.1,1.4,0.422,0.391,0.751,23.5,19.6,0.511,-1.1,0.1
Julius Edwards,DAL,2018-19,27,65,14,34.5,11.3,8.2,5.8,0.7,1.2,2.5,0.428,0.417,0.883,34.9,18.1,0.576,-4.8,3.7
Cade Miller,NYK,2018-19,28,74,0,16.9,8.0,1.0,3.8,1.2,0.7,0.8,0.522,0.371,0.886,20.7,10.6,0.557,4.1,5.5
Trae Adams,BKN,2018-19,24,27,22,28.9,3.3,2.1,3.1,1.2,0.6,2.6,0.431,0.373,0.79,22.9,20.9,0.518,-2.4,-2.7
Domantas Jackson,GSW,2018-19,24,34,6,12.2,13.6,6.5,2.4,0.7,1.2,2.7,0.526,0.342,0.692,21.6,15.8,0.602,1.0,2.2
Khris Green,NYK,2018-19,23,23,18,37.5,11.3,0.5,1.7,1.9,0.8,4.1,0.487,0.405,0.766,29.7,15.0,0.496,-1.4,2.2
Zach Allen,TOR,2018-19,20,80,45,16.6,8.9,6.9,2.1,0.7,1.2,4.3,0.514,0.415,0.673,30.5,19.3,0.507,4.6,2.0
Marcus Parker,MIN,2018-19,21,52,34,37.6,8.4,5.0,10.7,0.4,0.1,1.2,0.445,0.365,0.826,21.3,19.6,0.566,-0.8,0.2
Joel Campbell,LAC,2018-19,25,40,37,14.6,8.0,0.5,5.0,0.4,1.1,1.8,0.524,0.417,0.918,29.2,13.1,0.548,-1.5,2.6
Giannis Cook,HOU,2018-19,28,65,29,21.5,6.0,0.5,6.6,0.8,1.1,2.5,0.496,0.382,0.868,20.9,17.7,0.566,4.1,1.9
Brandon Reed,ORL,2018-19,19,68,68,12.3,20.4,5.0,5.5,0.6,0.6,2.0,0.417,0.363,0.704,25.4,18.3,0.533,2.1,2.0
CJ King,HOU,2018-19,20,42,11,30.9,14.9,4.1,3.7,0.9,0.5,1.0,0.416,0.385,0.897,15.9,12.0,0.483,-2.3,0.7
Damian Green,PHI,2018-19,24,79,22,19.5,15.4,10.9,3.1,1.2,1.2,3.0,0.419,0.285,0.656,24.2,17.4,0.602,-0.3,3.2
LaMelo Campbell,CHA,2018-19,25,75,4,30.9,7.4,6.7,5.3,1.2,0,0.7,0.426,0.335,0.82,28.9,20.7,0.556,-1.7,-0.3
Malik Hill,CHA,2018-19,22,35,27,14.0,22.8,4.7,1.4,1.6,0.5,2.7,0.529,0.365,0.676,34.1,20.4,0.581,-0.2,2.1
Tyrese Murphy,LAL,2018-19,32,20,6,27.9,14.1,5.2,1.5,0.6,0,1.8,0.409,0.386,0.767,31.8,20.3,0.632,-0.6,-1.7
Jordan Mitchell,LAL,2018-19,24,81,80,25.4,16.9,6.3,6.8,1.4,0.5,1.5,0.398,0.379,0.716,24.6,9.2,0.623,6.5,2.6
Luka Murphy,MEM,2018-19,21,67,63,38,15.3,2.6,3.2,1.7,0,2.9,0.414,0.391,0.818,32.6,14.1,0.505,1.1,4.4
Darius Edwards,WAS,2018-19,20,34,20,19.3,21.5,0.5,1.4,0.6,0.8,1.1,0.526,0.378,0.918,20.4,17.5,0.631,-1.0,1.5
Andre Phillips,ATL,2018-19,23,56,40,14.6,13.4,6.9,3.6,1.3,1.2,2.6,0.438,0.292,0.817,27.1,16.0,0.624,2.0,1.1
Luka Cook,ATL,2018-19,24,81,10,13.8,7.8,7.0,0.3,0.5,0.9,2.8,0.471,0.328,0.748,30.7,18.8,0.564,-2.1,3.4
Tyrese Thompson,BOS,2018-19,32,32,4,34.3,12.2,7.4,0.9,1.4,0.1,2.7,0.386,0.403,0.722,27.4,14.2,0.499,0.7,1.5
Brandon Hill,CLE,2018-19,27,60,31,25.9,16.2,7.6,4.4,2.0,1.2,1.8,0.389,0.386,0.792,28.1,14.2,0.629,-1.5,3.0
Shai Taylor,MEM,2018-19,23,41,39,29.8,13.8,4.2,4.5,0.9,0.6,1.3,0.485,0.325,0.822,15.1,10.9,0.579,-0.4,2.9
Pascal Thompson,CLE,2018-19,19,79,55,21.1,3.8,5.0,4.6,1.1,0.8,1.7,0.492,0.285,0.717,21.3,21.0,0.584,-6.5,2.4
Joel Campbell,NYK,2018-19,27,34,3,22.9,13.3,0.5,8.7,0.8,0.9,1.7,0.472,0.339,0.888,25.7,19.7,0.526,0.4,-2.5
Chris Wilson,ORL,2018-19,20,80,22,17.9,18.1,3.9,0.2,0.9,0,2.1,0.407,0.345,0.755,28.4,7.5,0.599,4.9,5.4
DeAndre Green,NOP,2018-19,32,39,27,30.3,3.2,2.0,4.9,0.8,1.0,0.3,0.488,0.307,0.911,17.2,15.9,0.607,0.1,3.6
Malik Evans,CHA,2018-19,28,23,15,15.9,17.0,6.8,2.8,1.1,1.0,0.3,0.424,0.395,0.82,34.9,21.6,0.646,4.2,4.4
Andre Cook,UTA,2018-19,21,44,39,20.5,16.2,3.1,4.4,1.0,0.4,1.5,0.498,0.404,0.767,23.3,13.3,0.554,0.3,4.1
Bam Reed,IND,2018-19,31,70,18,19.1,18.4,2.2,1.3,0.4,0.6,0.9,0.447,0.419,0.92,16.6,11.4,0.641,1.7,1.3
Damian Miller,DAL,2018-19,21,59,46,16.7,19.0,4.0,4.6,0.6,0.4,2.5,0.488,0.381,0.846,18.5,13.8,0.525,2.1,0.3
Kyle Morris,NOP,2018-19,23,33,32,26.0,19.0,5.5,4.9,1.7,0.6,0.9,0.524,0.348,0.785,19.6,14.2,0.576,-1.4,-1.3
Joel Phillips,MIN,2018-19,24,66,47,36.7,2,7.0,2.9,1.7,1.5,2.7,0.382,0.326,0.709,16.0,14.1,0.548,-2.1,0.8
Tyrese Williams,ATL,2018-19,28,69,58,14.3,26.4,5.5,5.7,0.5,0.1,2.0,0.486,0.298,0.909,17.5,11.4,0.634,-0.5,2.9
Fred Carter,MIN,2018-19,26,24,18,34.9,21.2,6.6,5.8,0.9,0,2.6,0.481,0.334,0.783,25.7,23.8,0.582,-1.4,3.7
Tyler Mitchell,HOU,2018-19,22,72,70,35.9,9.6,4.8,2.3,1.4,0,1.9,0.405,0.306,0.812,27.0,22.2,0.493,-2.0,-0.2
Trae Morris,BOS,2018-19,29,22,19,29.1,19.9,6.4,1.9,1.3,1.1,2.1,0.401,0.394,0.684,15.8,13.3,0.647,4.0,0.3
Pascal Thompson,DAL,2018-19,26,52,19,12.6,20.5,6.2,6.8,1.1,0.8,1.5,0.462,0.379,0.688,22.1,13.9,0.6,-5.4,-0.5
DeMar White,OKC,2018-19,21,57,53,32.0,9.9,2.8,1.5,0.9,0.4,1.3,0.466,0.323,0.755,25.4,23.9,0.648,3.8,1.9
Joel Thomas,MEM,2018-19,33,56,14,26.1,4.9,10.6,5.0,1.3,1.3,3.2,0.425,0.294,0.859,16.6,11.3,0.599,-2.2,1.4
Chris Stewart,HOU,2018-19,29,54,29,38,16.4,9.3,0.2,1.3,0.7,2.1,0.54,0.323,0.676,25.9,8.0,0.535,-1.1,0.8
CJ Martin,ATL,2018-19,27,32,15,17.0,18.1,3.1,1.1,1.3,0,3.5,0.443,0.333,0.698,30.6,15.0,0.597,2.3,-1.3
Khris Martin,HOU,2018-19,27,31,28,27.5,23.3,3.1,6.9,0.6,1.1,3.3,0.406,0.416,0.682,22.4,11.6,0.605,-5.0,-3.4
Giannis Phillips,CLE,2018-19,23,40,2,35.6,13.0,0.5,2.5,0.5,1.1,3.6,0.506,0.381,0.66,30.2,15.1,0.583,-4.9,5.4
Jalen Baker,DAL,2018-19,32,54,26,22.9,13.3,3.2,4.4,0.9,0.5,0.3,0.447,0.325,0.687,26.4,14.1,0.498,-2.0,-1.0
Jaylen Williams,OKC,2018-19,34,71,52,17.8,11.9,7.1,2.2,0.5,0.3,0.3,0.459,0.377,0.715,34.4,7.8,0.529,-0.3,3.3
LaMelo Thompson,LAL,2018-19,30,72,56,28.7,17.0,7.2,5.2,0.5,0.4,1.2,0.515,0.352,0.757,17.7,19.0,0.555,1.1,-2.7
Ja Jackson,LAC,2018-19,36,80,30,29.0,9.8,4.7,7.8,1.8,0.8,1.7,0.478,0.331,0.69,26.1,18.2,0.612,0.9,-0.8
Joel Anderson,IND,2018-19,20,51,42,22.4,13.2,8.1,4.0,0.4,0.9,1.2,0.393,0.37,0.879,15.9,21.3,0.633,-2.9,0.8
James Martin,LAC,2018-19,24,79,24,26.2,6.5,0.5,4.8,1.2,1.6,2.5,0.549,0.33,0.663,21.7,20.3,0.528,0.3,-0.9
DeAndre Moore,IND,2018-19,26,21,12,24.4,23.2,6.5,2.1,1.1,0.2,2.4,0.511,0.358,0.877,21.3,7.5,0.572,0.6,-1.5
Pascal Allen,MIA,2018-19,28,22,3,23.8,23.3,3.2,0.2,0.7,1.2,3.6,0.4,0.358,0.693,31.7,18.4,0.649,-7.5,1.3
Nikola Phillips,POR,2018-19,21,45,1,16.5,23.2,6.4,4.0,1.4,1.0,2.6,0.411,0.371,0.837,22.6,7.6,0.549,0.3,3.8
Julius Davis,WAS,2018-19,19,62,40,15.7,15.9,6.5,0.4,1.0,1.1,1.6,0.484,0.414,0.746,15.8,8.0,0.535,0.7,6.3
Jayson Green,PHX,2018-19,21,73,63,30.2,6.7,5.0,5.2,0.5,0,1.9,0.518,0.394,0.853,29.4,22.5,0.619,0.3,2.4
Jalen Morris,SAS,2018-19,26,73,39,23.5,9.1,7.9,0.2,1.0,0.2,1.2,0.38,0.32,0.81,28.4,17.3,0.638,2.9,-1.4
Devin Collins,PHI,2018-19,22,63,11,32.2,19.7,3.6,0.2,1.5,1.2,3.1,0.456,0.3,0.853,32.6,18.3,0.647,0.7,3.4
Zach Young,HOU,2018-19,24,79,66,35.5,13.7,6.5,7.0,1.1,1.0,3.4,0.436,0.393,0.681,21.0,9.8,0.622,0.5,3.6
Malik Wilson,DAL,2018-19,25,47,27,25.5,12.8,3.8,6.4,1.2,0.9,1.8,0.442,0.334,0.719,32.3,13.3,0.641,-6.5,1.9
Trae Miller,LAC,2018-19,29,33,28,24.2,15.4,3.8,3.4,1.0,0.5,2.0,0.392,0.407,0.772,32.5,20.7,0.484,0.1,3.1
Devin Turner,GSW,2018-19,24,56,16,20.9,16.3,2.1,0.2,2.1,0.4,0.4,0.503,0.292,0.742,31.8,16.0,0.52,3.0,3.5
Kevin Johnson,CHA,2018-19,32,36,8,15.2,13.0,6.3,5.7,1.1,0,2.4,0.417,0.311,0.759,17.4,14.0,0.625,-0.7,3.0
CJ Wilson,HOU,2018-19,20,74,36,22.5,13.7,5.0,2.8,1.4,0.9,2.8,0.389,0.342,0.679,30.1,7.8,0.595,3.4,1.5
Tyrese King,MIL,2018-19,24,68,10,32.2,12.9,9.3,2.5,1.9,0,1.8,0.442,0.353,0.878,27.8,22.4,0.566,5.4,3.1
Devin Mitchell,BOS,2018-19,32,39,3,19.6,7.0,0.6,3.6,0.5,0.5,3.2,0.438,0.394,0.875,32.1,13.1,0.518,1.0,3.7
Zion Parker,NOP,2018-19,20,53,5,21.1,18.3,4.9,0.2,0.9,0.6,2.3,0.421,0.36,0.688,18.9,17.5,0.489,4.4,2.0
Tyrese Johnson,SAC,2018-19,30,63,44,26.8,13.2,4.8,7.6,1.2,1.2,2.6,0.437,0.383,0.789,15.6,16.1,0.645,1.2,5.0
Anthony Turner,NOP,2018-19,20,64,58,21.8,17.7,0.5,9.7,0.9,1.2,0.3,0.5,0.33,0.681,19.7,0.6,0.614,-1.1,0.2
Domantas Mitchell,PHX,2018-19,23,30,15,28.9,19.0,3.8,0.2,1.2,0.8,0.8,0.401,0.29,0.706,21.6,21.0,0.566,-0.8,3.6
Jrue Brown,NOP,2018-19,21,26,10,38,17.7,5.8,5.5,1.3,0.7,0.4,0.396,0.418,0.856,32.2,16.0,0.506,2.7,1.8
Julius Moore,MIA,2018-19,32,82,66,19.5,18.8,4.6,2.5,1.0,1.3,2.5,0.413,0.348,0.874,29.6,10.0,0.563,-0.3,0.7
Ja Lopez,CHI,2018-19,32,49,11,27.5,5.2,1.5,6.2,0,0.5,2.3,0.433,0.31,0.882,20.0,7.5,0.595,-1.8,4.7
Darius Green,MEM,2018-19,25,29,24,23.8,9.0,8.6,4.3,1.0,0,2.5,0.438,0.288,0.882,17.4,10.3,0.64,-6.5,-0.9
Andre White,ORL,2018-19,21,60,8,22.5,5.6,10.9,2.9,1.5,0.3,2.6,0.546,0.372,0.867,28.7,17.7,0.532,1.5,0.6
Kyle Turner,NOP,2018-19,22,53,2,31.0,15.1,7.8,0.4,0.7,0.5,1.2,0.429,0.348,0.848,35.0,18.7,0.587,0.0,5.2
Brandon Edwards,MIN,2018-19,22,64,60,24.1,14.3,7.2,3.1,1.5,0,4.6,0.381,0.346,0.801,32.3,22.2,0.619,1.0,-2.3
Andre Lopez,PHX,2018-19,23,54,47,11.3,17.2,3.1,1.8,1.4,0,2.6,0.483,0.405,0.818,19.1,10.1,0.574,-1.5,-2.2
Andre Parker,WAS,2018-19,20,53,24,7.7,23.5,0.8,3.6,0.5,1.1,3.1,0.429,0.351,0.822,22.4,15.6,0.612,2.1,1.0
Ja Johnson,IND,2018-19,26,49,40,20.3,23.5,0.5,1.4,0.7,1.4,3.5,0.511,0.367,0.668,20.9,22.0,0.597,1.2,2.1
Domantas Parker,UTA,2018-19,28,55,43,21.6,15.0,1.3,0.2,1.3,1.5,1.9,0.493,0.293,0.723,22.8,11.6,0.621,-0.1,-1.8
Devin Thompson,DET,2018-19,23,60,23,38,11.7,8.4,3.7,0.7,0,2.2,0.486,0.365,0.656,17.1,22.5,0.552,-0.5,2.3
Zach Parker,MEM,2018-19,22,41,27,20.4,19.7,1.4,0.9,1.5,0,1.6,0.438,0.336,0.784,24.6,16.3,0.57,1.0,0.6
Zach Adams,HOU,2018-19,24,53,13,31.8,16.6,3.3,2.7,1.1,0.4,2.2,0.39,0.369,0.726,15.6,17.0,0.566,4.9,0.5
Anthony Wilson,WAS,2018-19,29,37,11,22.5,7.4,2.2,1.7,0.5,0.5,1.1,0.419,0.413,0.75,30.9,14.8,0.55,-0.4,3.1
Brandon King,UTA,2018-19,30,61,8,38,11.0,0.5,6.2,1.5,0,3.3,0.416,0.353,0.66,30.9,17.6,0.488,-0.0,-1.5
Malik Morris,DEN,2018-19,27,56,18,38,10.9,8.1,0.5,0.1,1.5,2.9,0.471,0.31,0.89,15.6,19.7,0.529,0.0,1.0
Darius Davis,WAS,2018-19,28,69,69,25.1,13.0,8.0,0.2,0.6,0.2,1.9,0.412,0.38,0.654,20.2,16.7,0.618,2.7,1.6
DeMar Thompson,CHI,2018-19,23,74,67,11.0,13.4,5.9,3.8,1.0,0.2,4.2,0.416,0.286,0.724,32.8,21.1,0.601,-0.9,4.2
Zach Johnson,MIN,2018-19,20,46,35,32.2,15.0,0.5,7.2,1.4,0.4,0.5,0.494,0.357,0.895,26.1,11.5,0.593,-4.6,1.7
Jaylen Mitchell,DEN,2018-19,20,67,10,25.6,17.2,5.5,4.0,0.8,0.6,0.8,0.416,0.288,0.852,28.6,7.0,0.565,-2.3,1.8
Malik Taylor,DET,2018-19,24,21,19,37.4,11.6,6.2,3.7,0.6,1.3,0.9,0.414,0.293,0.725,28.2,15.0,0.497,4.3,0.4
Khris Evans,LAC,2018-19,34,75,13,19.1,19.3,7.5,1.4,1.8,0.6,0.5,0.525,0.32,0.665,33.1,18.5,0.536,0.2,1.9
Giannis Morris,MEM,2018-19,29,80,22,12.2,14.8,0.5,6.9,0,1.0,3.3,0.522,0.339,0.754,15.3,12.2,0.481,2.2,2.4
Domantas Mitchell,DET,2018-19,26,64,17,29.8,16.4,2.0,2.3,1.5,0.9,2.9,0.431,0.356,0.852,27.0,20.7,0.591,-1.4,2.9
Fred Mitchell,SAC,2019-20,36,24,16,35.3,16.4,3.5,5.8,1.9,0.5,1.2,0.381,0.345,0.742,32.9,15.0,0.59,1.4,2.1
Kevin Stewart,ORL,2019-20,33,72,12,30.6,2.1,7.2,0.9,1.1,0.3,0.4,0.439,0.31,0.772,31.2,5.8,0.545,0.2,2.6
Anthony Brown,CLE,2019-20,21,20,14,27.1,26.6,8.0,5.1,1.0,0.9,1.1,0.491,0.311,0.715,19.3,19.2,0.555,3.9,8.1
DeAndre Nelson,ORL,2019-20,32,26,21,26.8,15.0,9.1,0.2,1.3,0.9,2.5,0.4,0.345,0.739,26.9,9.9,0.594,-3.6,2.8
Ja Martin,LAC,2019-20,19,44,28,28.3,8.3,0.5,2.9,0.6,0.5,1.6,0.448,0.414,0.723,27.4,14.0,0.562,-6.8,2.4
Jalen Parker,WAS,2019-20,29,80,19,29.2,13.3,7.0,6.3,1.6,0.4,2.2,0.494,0.393,0.678,33.1,19.0,0.497,3.3,0.2
Zion Stewart,SAS,2019-20,26,78,50,32.8,14.5,6.1,3.3,0.7,0.7,1.4,0.402,0.361,0.779,21.2,14.1,0.502,-0.1,-0.2
Giannis Nelson,SAS,2019-20,22,45,2,20.5,13.6,5.1,2.6,1.0,0.2,1.6,0.542,0.315,0.833,26.8,13.5,0.517,1.6,-0.1
James Taylor,DET,2019-20,22,25,10,35.4,21.6,1.7,0.5,0.3,1.2,2.0,0.518,0.28,0.677,18.0,11.0,0.61,-4.0,0.9
Domantas Moore,LAC,2019-20,23,76,71,28.1,7.9,7.1,1.5,1.2,1.3,3.8,0.511,0.384,0.696,31.6,16.2,0.51,0.1,1.5
James Reed,UTA,2019-20,31,54,45,27.0,13.4,4.4,2.6,1.8,0.2,2.4,0.456,0.297,0.794,22.3,9.2,0.612,-4.1,0.5
CJ Jackson,UTA,2019-20,34,66,22,15.2,21.9,1.2,0.9,1.8,0.7,1.9,0.485,0.308,0.828,30.6,23.8,0.551,-2.9,2.1
Damian Turner,ORL,2019-20,27,80,45,30.7,13.3,5.0,3.6,0.3,0,2.1,0.407,0.371,0.882,17.4,10.8,0.515,3.7,2.2
Domantas Young,SAS,2019-20,32,67,18,16.6,16.3,14.8,2.0,1.3,0.6,2.0,0.458,0.369,0.714,31.3,12.5,0.551,-5.9,3.0
Zach Morris,LAC,2019-20,28,74,67,31.7,22.0,2.5,1.5,1.7,0.3,1.2,0.487,0.326,0.702,24.1,12.3,0.482,-0.0,2.7
Bam Davis,OKC,2019-20,20,77,73,24.0,17.0,2.1,4.0,0.7,0.3,1.3,0.493,0.302,0.821,15.8,18.0,0.484,4.6,2.8
Jayson White,MIN,2019-20,35,30,12,23.7,15.7,8.4,3.2,1.0,0.5,0.5,0.449,0.413,0.761,30.9,12.9,0.531,4.5,-1.3
Darius Mitchell,SAC,2019-20,26,28,6,18.7,17.5,0.7,4.5,1.0,1.0,1.1,0.418,0.321,0.741,30.5,19.8,0.563,-2.1,-0.3
Jalen Davis,BKN,2019-20,22,35,31,23.9,13.5,1.8,3.7,0.4,0.8,1.7,0.38,0.311,0.731,17.5,12.4,0.563,0.3,1.5
DeMar Campbell,MIL,2019-20,26,63,19,30.5,14.1,4.4,8.4,1.1,1.4,0.4,0.41,0.345,0.731,20.8,18.7,0.638,4.6,0.4
Zach Young,UTA,2019-20,23,73,36,5.4,2.7,7.1,0.2,1.3,0.7,0.4,0.485,0.396,0.904,21.4,9.8,0.508,0.5,1.2
DeMar Morris,IND,2019-20,25,70,19,26.4,13.0,3.5,3.7,1.3,0.2,1.1,0.471,0.317,0.741,28.2,17.6,0.61,1.8,1.4
Cade Young,ORL,2019-20,33,67,60,18.4,13.5,4.2,1.5,1.1,1.0,2.8,0.485,0.358,0.714,24.5,20.6,0.599,-3.9,-0.7
Fred Lopez,NOP,2019-20,21,47,0,38,14.4,5.5,0.2,0.9,0.5,0.7,0.454,0.397,0.862,15.0,17.3,0.624,0.2,1.4
Luka Evans,HOU,2019-20,26,71,12,26.0,10.2,7.5,5.7,0.7,1.2,1.1,0.467,0.34,0.763,21.0,17.8,0.531,1.5,1.3
Damian Murphy,MEM,2019-20,23,24,21,29.0,25.4,3.5,0.8,0.7,0.4,2.7,0.497,0.387,0.861,17.5,18.2,0.563,-5.8,3.6
Zion Moore,OKC,2019-20,30,63,3,20.7,12.5,2.5,0.4,0.7,1.1,1.7,0.497,0.339,0.779,31.0,4.6,0.596,0.8,3.4
Ja Evans,DET,2019-20,28,61,41,9.8,16.6,3.8,3.3,1.0,0.1,2.5,0.492,0.383,0.713,16.0,2.8,0.623,5.9,1.6
Ja Hill,WAS,2019-20,28,30,6,5,20.3,5.7,4.3,0.8,0.4,2.5,0.493,0.415,0.811,29.8,16.7,0.6,-1.7,1.9
Jordan Lopez,ATL,2019-20,24,31,12,12.2,26.1,6.6,4.7,0,1.6,2.8,0.468,0.345,0.858,16.7,12.9,0.496,0.1,2.1
Andre Cook,MIA,2019-20,24,58,25,38,8.4,7.4,3.2,0.8,0.6,0.6,0.526,0.382,0.667,23.8,11.3,0.564,-5.4,3.8
Tyrese Wright,DET,2019-20,37,71,27,33.8,17.2,6.5,0.2,1.1,0.7,1.1,0.519,0.4,0.917,34.5,12.4,0.59,8.0,4.4
Cade Phillips,GSW,2019-20,29,61,7,34.4,16.4,7.9,0.2,0.6,0.9,1.2,0.533,0.413,0.656,25.8,10.7,0.526,1.7,0.5
Darius Wilson,BOS,2019-20,33,35,19,31.6,21.3,5.0,0.6,0.8,0.7,2.9,0.475,0.335,0.894,32.6,14.3,0.499,-1.0,-1.6
Zion Campbell,MIA,2019-20,21,50,44,38,15.8,5.4,2.1,1.0,0.5,2.2,0.417,0.36,0.801,18.6,5.3,0.646,-3.8,2.1
Bam Edwards,BOS,2019-20,26,56,22,26.6,14.8,7.8,1.9,0.9,0.2,3.9,0.488,0.373,0.808,26.8,9.8,0.483,2.4,2.7
Jayson Stewart,WAS,2019-20,27,71,4,34.4,8.2,7.1,2.6,0.6,0.6,3.5,0.399,0.318,0.726,32.9,21.5,0.586,-0.3,-0.3
Marcus Morris,ORL,2019-20,28,20,2,30.5,16.0,2.9,1.0,0.9,0.9,1.9,0.502,0.32,0.768,33.9,11.6,0.481,-1.8,-0.2
Giannis Mitchell,LAC,2019-20,25,33,28,35.0,15.4,3.0,1.9,1.2,0.1,3.2,0.394,0.394,0.88,31.5,19.0,0.617,3.1,0.5
Jalen Phillips,PHX,2019-20,30,49,3,23.6,12.8,2.9,6.3,1.3,1.3,1.5,0.47,0.373,0.701,25.8,12.0,0.536,2.7,0.3
Jordan Morris,DEN,2019-20,35,56,37,33.7,20.2,7.9,1.9,1.3,0.3,1.4,0.54,0.393,0.791,26.7,7.3,0.505,1.6,3.1
Darius Reed,DEN,2019-20,23,53,36,23.8,12.0,3.2,2.6,0.9,1.5,1.9,0.433,0.386,0.898,24.2,13.4,0.491,-3.7,-1.7
DeMar Williams,SAS,2019-20,31,23,12,26.9,24.0,0.8,10.6,1.6,0.7,0.4,0.389,0.419,0.717,28.1,17.2,0.589,0.5,-1.0
Damian Miller,TOR,2019-20,26,37,18,38,2.2,5.8,4.5,0.5,0.2,3.4,0.426,0.385,0.793,28.8,16.8,0.596,1.6,-0.7
DeAndre Roberts,IND,2019-20,29,59,8,33.7,23.5,0.7,1.3,0.6,0.8,1.8,0.477,0.372,0.888,23.0,2.2,0.542,-1.3,1.8
Pascal King,CLE,2019-20,24,31,16,28.6,2,6.5,4.1,0.6,1.2,2.4,0.433,0.417,0.657,15.7,8.1,0.539,-6.5,1.6
Bam Morris,TOR,2019-20,21,21,17,23.1,8.6,3.4,1.8,0,0.3,2.5,0.514,0.387,0.819,16.2,9.7,0.604,-0.5,5.7
Cade White,OKC,2019-20,26,29,17,34.9,23.0,0.5,1.4,0.9,0.6,1.9,0.468,0.378,0.811,22.5,16.6,0.513,-5.3,1.8
LaMelo King,TOR,2019-20,22,20,8,13.1,3.7,10.1,4.8,1.2,1.2,2.8,0.424,0.417,0.878,27.4,18.4,0.486,-2.3,-1.7
Kyle Wilson,WAS,2019-20,35,57,18,7.9,21.2,4.1,4.0,0.5,0.9,1.4,0.419,0.392,0.655,23.1,7.4,0.498,0.6,-0.2
Nikola Young,HOU,2019-20,33,28,11,30.0,11.7,7.7,0.6,1.2,1.8,2.3,0.548,0.296,0.657,23.1,10.7,0.575,-2.7,0.6
Jordan Miller,PHX,2019-20,29,53,52,23.0,4.6,3.2,3.0,2.3,0.7,1.4,0.386,0.298,0.774,27.1,17.1,0.642,4.0,-0.4
CJ Mitchell,CHA,2019-20,22,30,8,28.2,23.4,5.0,3.2,0.7,0.1,1.8,0.454,0.407,0.745,26.1,25.8,0.491,-3.3,2.3
Donovan Lopez,PHI,2019-20,25,63,47,32.9,13.7,7.7,9.0,1.9,0,3.8,0.444,0.411,0.75,31.7,12.2,0.529,4.7,0.3
Darius Johnson,WAS,2019-20,29,46,43,7.3,2,5.8,2.3,0.9,0.3,0.9,0.399,0.344,0.867,17.6,15.1,0.571,-0.7,6.0
Tyrese Carter,PHX,2019-20,34,73,40,29.1,17.1,4.7,4.1,1.1,0.7,1.5,0.475,0.397,0.684,18.1,8.0,0.499,-2.5,-1.5
Andre Campbell,MEM,2019-20,26,64,15,31.6,13.5,2.4,8.1,1.3,0.2,2.6,0.462,0.359,0.729,27.0,15.1,0.552,4.0,-1.0
Jrue Parker,GSW,2019-20,22,60,37,36.3,21.0,6.1,0.2,1.4,0.8,1.7,0.538,0.328,0.821,21.5,13.6,0.539,-4.0,0.8
CJ Anderson,LAL,2019-20,31,65,10,10.7,11.2,3.8,5.6,0.1,1.0,3.0,0.434,0.299,0.756,26.0,20.6,0.516,-1.9,2.9
Joel Campbell,MEM,2019-20,27,75,21,23.9,18.4,3.6,3.0,0.5,0.1,2.5,0.396,0.381,0.722,33.4,23.7,0.595,2.9,0.9
Giannis Harris,SAS,2019-20,24,64,18,30.8,10.5,9.7,6.4,0,1.3,1.7,0.537,0.312,0.914,15.9,18.6,0.495,1.7,3.2
Tyrese Murphy,PHI,2019-20,24,42,29,25.9,14.2,3.3,2.9,1.4,0.3,0.3,0.459,0.358,0.88,30.7,13.8,0.567,-1.4,-0.3
Julius Adams,IND,2019-20,30,79,46,34.5,9.3,0.5,0.2,1.5,0,1.7,0.512,0.387,0.831,28.9,18.3,0.516,-1.0,0.1
Zion Morris,MIN,2019-20,29,52,13,29.8,11.3,2.6,3.6,1.0,0.1,0.7,0.439,0.35,0.725,22.5,4.8,0.512,-1.2,0.8
Nikola Wilson,CHA,2019-20,31,44,11,17.2,4.7,1.1,4.8,1.2,0.3,2.9,0.476,0.331,0.824,22.3,14.2,0.646,-2.2,2.9
Fred Brown,LAL,2019-20,21,52,39,30.4,17.8,1.2,3.9,1.4,0.9,3.4,0.412,0.394,0.708,28.8,18.4,0.637,-2.0,1.3
Chris Wright,ORL,2019-20,29,23,6,18.2,24.5,4.3,4.2,1.1,1.3,3.6,0.417,0.391,0.89,26.3,16.1,0.501,-3.1,3.3
Pascal Mitchell,MEM,2019-20,25,23,4,29.0,7.3,7.6,8.1,0.6,0.9,3.9,0.385,0.331,0.743,28.8,18.0,0.561,-1.2,4.7
Jrue Nelson,PHI,2019-20,21,82,27,26.2,14.2,6.3,0.2,1.7,0,1.5,0.406,0.386,0.759,32.0,14.3,0.536,-0.9,0.9
Trae Phillips,DAL,2019-20,22,78,68,34.8,5.3,1.2,3.8,0.8,0.8,2.2,0.383,0.403,0.83,24.5,17.3,0.638,-0.0,-1.1
DeMar Lopez,CHA,2019-20,20,51,38,24.9,15.8,9.1,3.5,1.2,0.1,1.2,0.39,0.292,0.691,17.6,20.4,0.619,-0.1,2.9
Devin Johnson,LAL,2019-20,22,41,21,14.1,6.3,4.6,3.6,0.5,1.1,2.4,0.391,0.284,0.668,28.8,11.2,0.555,2.8,2.1
Shai Thompson,CHA,2019-20,23,65,54,16.7,26.0,1.3,0.2,1.9,0.2,1.9,0.491,0.345,0.727,34.0,19.5,0.567,-1.9,2.1
Jrue Allen,POR,2019-20,21,35,18,25.0,10.1,12.1,1.4,0.8,1.0,0.7,0.437,0.405,0.699,27.4,10.7,0.502,-3.9,-0.7
Malik Wilson,DAL,2019-20,32,63,14,29.6,22.6,3.1,1.7,1.4,1.0,1.2,0.531,0.378,0.814,21.5,14.6,0.612,-1.2,2.9
Malik Collins,WAS,2019-20,29,35,6,28.7,15.6,6.2,2.1,0.7,1.4,2.5,0.411,0.323,0.841,26.7,9.5,0.598,1.5,-0.8
Jordan Phillips,OKC,2019-20,30,69,4,38,18.3,5.3,4.0,1.2,1.1,0.8,0.519,0.408,0.755,15.7,21.9,0.629,-1.2,-0.4
Damian Moore,CHI,2019-20,20,28,26,13.5,19.2,5.3,4.1,1.1,1.3,2.8,0.481,0.345,0.859,15.4,23.5,0.574,0.7,1.7
CJ Hill,WAS,2019-20,21,76,63,12.3,9.6,6.9,2.8,1.7,0.8,0.9,0.484,0.373,0.679,21.2,12.8,0.598,5.8,-3.2
Bam Baker,LAL,2019-20,19,24,5,20.6,15.8,5.5,2.6,0.8,1.1,3.3,0.425,0.287,0.791,17.0,6.3,0.559,-0.5,0.8
Joel Moore,SAC,2019-20,26,77,7,36.2,16.7,3.7,4.1,0.8,0.9,1.6,0.519,0.37,0.79,15.8,11.7,0.5,0.8,1.3
Damian Martin,BKN,2019-20,29,34,33,36.0,11.2,7.1,3.7,1.7,0.8,0.8,0.518,0.399,0.747,25.9,14.8,0.544,-2.1,0.9
Damian Collins,MIL,2019-20,23,80,68,22.6,19.2,2.9,6.5,0.8,0.8,0.7,0.499,0.384,0.848,34.6,16.3,0.509,2.6,-0.3
Anthony Campbell,MIN,2019-20,28,54,7,25.4,9.6,3.3,6.8,1.1,0.8,2.8,0.492,0.415,0.683,23.5,14.0,0.5,2.5,-1.0
Marcus Davis,OKC,2019-20,27,37,21,18.0,12.9,4.1,4.2,0.7,0.8,2.0,0.521,0.362,0.689,28.4,13.5,0.561,-0.9,1.1
Shai Phillips,WAS,2019-20,24,40,19,30.2,10.7,1.7,4.6,1.3,0.8,0.8,0.494,0.31,0.668,22.6,13.2,0.532,-0.0,-0.8
Joel Green,DEN,2019-20,27,77,24,20.0,13.4,8.8,2.0,1.2,0.6,2.4,0.467,0.314,0.752,31.0,10.1,0.592,-0.4,2.1
LaMelo Taylor,ATL,2019-20,30,58,28,36.3,23.4,3.9,5.3,1.0,1.8,2.3,0.49,0.318,0.874,21.0,16.4,0.556,-2.4,0.0
Shai Reed,LAL,2019-20,34,53,9,24.4,19.2,7.1,4.3,0.7,0.7,1.7,0.491,0.342,0.782,15.7,20.0,0.52,1.0,2.3
Jalen Thomas,WAS,2019-20,20,62,59,33.8,17.5,5.1,2.3,0.7,0.7,1.1,0.528,0.295,0.723,18.4,25.5,0.579,-4.2,-0.4
CJ Cook,HOU,2019-20,21,74,4,23.6,12.8,3.5,1.9,1.3,0.4,0.8,0.547,0.315,0.787,29.4,19.0,0.578,-3.3,3.2
Chris Wilson,MIN,2019-20,32,30,23,19.7,14.2,7.0,5.1,1.5,1.2,3.1,0.492,0.3,0.672,31.7,19.8,0.6,1.2,-2.9
Jayson Taylor,MIL,2019-20,31,33,9,22.5,20.1,3.9,0.5,0.2,0.2,2.7,0.536,0.308,0.823,27.6,13.0,0.561,1.1,-3.4
Fred Thompson,PHI,2019-20,26,73,26,19.9,11.7,7.0,4.2,1.3,0.4,2.4,0.396,0.337,0.744,30.3,14.3,0.638,0.9,4.0
Marcus Hill,PHI,2019-20,36,32,10,23.8,16.7,7.2,1.1,1.7,0.3,3.1,0.547,0.396,0.677,17.0,10.2,0.49,2.4,-0.3
DeAndre Young,OKC,2019-20,28,34,6,25.8,11.0,1.3,2.2,1.1,1.3,2.9,0.49,0.379,0.764,19.5,14.8,0.609,-4.8,3.5
Jordan Edwards,NOP,2019-20,27,33,31,16.1,9.0,7.0,5.9,1.4,0.6,2.8,0.47,0.349,0.677,21.9,19.5,0.508,-8.3,3.1
Jrue Hill,IND,2019-20,20,67,39,8.0,11.0,3.7,3.3,0.7,0.5,1.6,0.546,0.299,0.694,34.1,11.7,0.519,-2.5,1.9
Julius Turner,PHI,2019-20,21,52,13,19.3,10.4,7.7,9.9,1.6,1.0,3.0,0.456,0.292,0.673,22.7,22.3,0.621,4.9,2.3
Kyle Hill,DET,2019-20,23,80,51,30.3,10.2,1.1,10.4,0.9,1.7,3.3,0.384,0.401,0.79,34.3,18.0,0.546,1.1,2.4
Andre Brown,LAC,2019-20,33,52,8,35.2,10.4,7.2,7.5,0.7,0.2,2.7,0.504,0.391,0.71,25.4,12.2,0.572,0.7,0.1
Jrue Jackson,DAL,2019-20,31,26,8,21.6,15.9,1.8,0.2,1.2,0.7,3.3,0.397,0.396,0.778,26.8,10.0,0.641,-2.3,0.3
Kevin Murphy,BOS,2019-20,20,26,2,16.2,15.5,8.1,0.2,2.0,0.5,2.8,0.467,0.362,0.767,29.8,12.4,0.529,0.4,-1.9
Nikola Anderson,ORL,2019-20,23,32,17,23.9,10.3,2.7,7.3,1.4,1.0,3.1,0.403,0.339,0.918,32.9,15.0,0.633,0.3,0.5
LaMelo Anderson,NYK,2019-20,22,37,29,28.1,18.9,0.5,4.0,0.9,0.3,1.8,0.408,0.405,0.745,25.9,15.2,0.543,-3.2,2.6
Pascal Brown,BOS,2019-20,21,73,12,24.6,18.7,4.9,4.4,2.0,1.6,0.4,0.518,0.354,0.712,19.5,13.8,0.556,-0.2,4.1
Donovan Brown,NOP,2019-20,30,30,8,31.5,9.3,3.4,4.0,1.1,0.7,2.0,0.431,0.308,0.824,21.3,20.6,0.619,2.2,2.0
Kyle Baker,CHI,2019-20,22,33,7,30.8,11.6,3.3,5.5,1.1,0,2.6,0.395,0.389,0.847,26.4,12.3,0.599,0.1,1.9
Giannis Evans,WAS,2019-20,25,68,49,34.6,4.3,7.0,4.3,0.9,0.7,2.7,0.382,0.418,0.669,22.3,12.5,0.49,4.9,2.1
Jalen Thomas,UTA,2019-20,26,21,6,22.8,14.7,3.0,5.9,0.8,0.7,2.8,0.546,0.333,0.747,23.7,19.8,0.562,4.8,3.4
Marcus Evans,CLE,2019-20,23,40,35,17.3,6.1,6.3,2.5,0.8,0.9,1.9,0.531,0.34,0.742,26.1,16.1,0.547,1.2,0.3
Malik Brown,BKN,2019-20,29,35,13,28.8,17.2,7.9,0.7,0.8,0.9,2.4,0.434,0.371,0.697,24.9,14.1,0.588,1.0,0.7
Bam Campbell,CHA,2019-20,21,58,46,29.9,18.2,4.4,2.6,1.1,0.8,3.0,0.431,0.391,0.744,27.8,15.1,0.606,-3.3,1.9
Tyrese Evans,POR,2019-20,29,73,45,21.6,19.3,6.8,0.2,1.1,0,3.9,0.413,0.285,0.68,25.8,18.0,0.525,5.1,0.5
Damian Roberts,UTA,2019-20,28,81,71,25.9,10.0,5.7,6.9,0.3,0.8,3.2,0.55,0.338,0.683,29.1,7.8,0.56,1.3,3.6
Brandon Parker,CLE,2019-20,32,62,19,28.0,19.6,3.3,0.8,0,1.2,2.0,0.465,0.309,0.909,22.8,15.9,0.505,-5.2,2.0
DeAndre Wilson,DEN,2019-20,32,34,22,32.0,12.7,9.4,8.0,1.4,0.4,1.9,0.385,0.303,0.869,24.6,10.8,0.526,-9.1,-0.5
Ja Cook,PHI,2019-20,30,70,61,24.7,11.9,3.5,2.5,1.2,1.2,2.4,0.408,0.381,0.862,27.2,10.9,0.52,0.5,2.4
Nikola Baker,MIL,2019-20,27,61,59,34.5,18.2,6.0,5.5,1.1,1.0,2.8,0.497,0.342,0.881,20.1,4.6,0.501,2.1,2.3
Donovan Baker,PHI,2019-20,32,64,57,33.2,7.4,5.7,1.6,1.5,0.7,3.9,0.535,0.282,0.755,23.4,17.0,0.558,-6.1,4.1
Pascal Baker,SAC,2019-20,28,38,31,32.4,9.0,1.7,5.6,1.1,0.7,1.9,0.422,0.333,0.712,20.4,10.3,0.481,-0.5,3.2
Marcus White,UTA,2019-20,25,62,13,18.4,2.2,1.7,7.1,1.7,0.8,2.0,0.402,0.419,0.887,18.6,15.1,0.626,-0.5,-3.2
Andre Baker,CHI,2019-20,26,59,39,38,14.1,5.6,2.8,0.9,1.3,3.7,0.479,0.396,0.704,32.7,16.9,0.558,-6.2,1.1
Julius Edwards,BKN,2019-20,28,48,0,26.3,15.9,8.4,2.1,1.1,1.3,1.5,0.535,0.343,0.789,33.1,18.9,0.549,0.6,7.1
Cade Miller,CLE,2019-20,29,20,5,20.3,5.2,8.8,4.1,0.5,0.9,2.0,0.473,0.371,0.865,18.2,18.3,0.646,-1.6,0.9
Trae Adams,MEM,2019-20,24,71,52,16.2,22.8,8.6,5.6,1.6,0.6,2.4,0.519,0.365,0.714,29.1,8.2,0.573,-1.1,4.0
Domantas Jackson,PHI,2019-20,24,70,14,5,8.2,7.6,6.3,1.5,1.2,0.3,0.454,0.388,0.749,27.7,26.0,0.604,0.7,-1.3
Khris Green,WAS,2019-20,24,34,25,13.3,15.6,0.5,5.0,0.8,0.9,0.3,0.531,0.292,0.694,27.5,11.6,0.499,2.8,2.9
Zach Allen,SAC,2019-20,20,67,5,38,2,3.9,2.3,0.1,0.7,2.2,0.517,0.326,0.725,16.7,14.9,0.611,3.7,4.1
Marcus Parker,TOR,2019-20,22,63,27,30.7,11.1,10.8,3.1,0.7,0.7,1.0,0.481,0.368,0.912,33.2,15.4,0.549,-1.4,-0.5
Joel Campbell,NOP,2019-20,26,22,0,18.5,14.7,7.8,0.6,0.8,0.8,2.7,0.505,0.345,0.89,34.5,9.9,0.627,1.1,2.3
Giannis Cook,PHI,2019-20,28,37,5,26.0,10.6,6.6,0.2,0.9,0.8,2.0,0.423,0.306,0.716,27.9,5.2,0.562,2.6,-1.3
Brandon Reed,IND,2019-20,21,50,17,35.0,10.9,4.2,4.6,1.6,1.2,2.6,0.52,0.361,0.83,32.8,18.8,0.605,-0.1,0.8
CJ King,CHI,2019-20,21,63,2,32.4,12.0,8.4,2.7,1.0,0.4,2.0,0.467,0.29,0.829,25.4,9.2,0.503,1.6,-0.1
Damian Green,CLE,2019-20,26,71,19,29.9,20.0,3.4,1.0,1.3,0.7,1.8,0.402,0.373,0.917,28.4,18.1,0.649,-0.7,-1.3
LaMelo Campbell,CHA,2019-20,24,37,14,27.4,14.4,4.1,2.8,1.1,1.6,0.5,0.53,0.332,0.693,20.8,10.4,0.504,2.3,-0.4
Malik Hill,BKN,2019-20,21,77,62,9.5,15.2,4.1,2.8,0.8,0,3.2,0.48,0.331,0.798,29.8,21.7,0.612,-0.1,0.6
Tyrese Murphy,UTA,2019-20,33,21,4,34.2,7.8,7.0,5.8,0.3,0.1,3.0,0.455,0.401,0.847,27.0,4.4,0.537,-3.4,2.8
Jordan Mitchell,CLE,2019-20,25,69,36,25.6,8.8,7.9,1.7,2.1,1.4,0.5,0.528,0.323,0.885,21.9,18.1,0.514,1.3,0.5
Luka Murphy,GSW,2019-20,25,59,44,37.3,8.2,5.3,5.1,0.9,0,0.3,0.406,0.395,0.87,31.2,7.1,0.542,0.8,5.2
Darius Edwards,BOS,2019-20,22,62,1,27.5,2,3.8,4.4,1.3,0.8,2.6,0.517,0.319,0.891,32.3,13.9,0.539,-1.4,0.3
CJ Hill,SAS,2019-20,22,68,67,5,2.4,5.7,1.1,0.9,0.5,2.1,0.434,0.41,0.889,22.8,8.0,0.561,2.3,1.6
Andre Phillips,TOR,2019-20,23,65,24,16.8,14.9,3.4,5.6,1.2,0.2,3.0,0.458,0.339,0.831,20.1,19.1,0.562,-0.3,4.4
Luka Cook,DAL,2019-20,25,61,32,23.5,8.8,1.3,5.6,0.1,1.0,3.7,0.423,0.408,0.729,30.1,20.3,0.505,-2.8,0.2
Brandon Hill,MIN,2019-20,27,39,13,36.0,14.4,2.4,0.7,0.8,1.2,0.9,0.401,0.416,0.818,16.1,11.7,0.649,1.1,3.3
Shai Taylor,ORL,2019-20,24,45,2,34.9,22.5,2.7,5.5,1.2,1.0,1.5,0.508,0.362,0.773,29.2,16.4,0.488,-0.5,1.2
Pascal Thompson,MEM,2019-20,23,55,37,28.5,16.8,2.7,0.2,1.3,0.2,1.7,0.543,0.353,0.866,30.9,9.8,0.615,3.6,2.4
Joel Campbell,LAC,2019-20,27,60,56,14.3,18.1,5.8,3.5,0.7,0.6,2.2,0.395,0.372,0.764,24.6,10.2,0.548,-0.7,0.9
Chris Wilson,BKN,2019-20,21,82,74,30.9,8.5,8.5,3.2,0.5,1.4,2.9,0.423,0.36,0.833,30.7,15.3,0.608,-3.8,1.9
DeAndre Green,LAC,2019-20,31,29,12,38,10.3,1.1,3.7,1.6,0.7,2.1,0.532,0.361,0.762,26.0,22.4,0.635,-1.5,3.0
Malik Evans,PHI,2019-20,26,70,19,19.2,7.8,8.5,7.5,0.5,0,2.2,0.479,0.397,0.904,29.0,17.5,0.558,-4.6,1.2
Andre Cook,MIN,2019-20,20,80,4,27.6,2,0.5,2.5,0,0,2.7,0.398,0.341,0.687,20.1,20.0,0.516,2.9,2.4
Kevin Carter,SAS,2019-20,22,23,16,26.3,3.4,7.9,5.2,1.4,0.7,1.3,0.513,0.408,0.901,17.6,15.5,0.567,-1.0,4.5
Zion Davis,POR,2019-20,20,34,32,24.2,22.4,6.6,3.5,0.6,0.1,0.7,0.39,0.329,0.821,26.1,16.1,0.643,-0.6,-0.7
Bam Reed,OKC,2019-20,31,53,20,21.9,14.6,4.5,2.3,1.6,1.1,2.1,0.444,0.377,0.917,26.6,20.2,0.6,-0.5,-1.0
Jalen Young,HOU,2019-20,21,33,20,32.6,8.0,5.5,3.5,1.9,1.1,2.8,0.494,0.29,0.822,22.8,18.9,0.523,-0.2,6.6
Damian Miller,ORL,2019-20,25,71,59,38,24.4,8.3,2.8,0.5,1.0,2.4,0.499,0.307,0.697,17.8,4.7,0.492,-4.8,-0.6
Kyle Morris,LAC,2019-20,24,35,27,38,12.5,2.8,0.2,0.8,0.7,3.0,0.413,0.374,0.862,19.0,14.8,0.516,1.2,1.0
Donovan Taylor,CLE,2019-20,21,70,52,13.9,15.0,9.5,0.2,1.5,0.3,1.3,0.412,0.307,0.752,16.3,12.1,0.495,0.0,-1.6
Joel Phillips,PHX,2019-20,22,28,14,25.5,11.0,6.8,2.1,0.8,0.7,0.9,0.482,0.402,0.727,31.7,22.0,0.486,-2.6,-0.5
Tyrese Williams,IND,2019-20,31,47,43,24.5,12.0,6.4,2.6,1.2,1.6,0.3,0.425,0.348,0.904,29.8,11.6,0.526,4.4,3.1
Fred Carter,SAS,2019-20,24,39,34,34.5,7.6,8.1,2.6,0.9,0.6,1.8,0.523,0.298,0.704,16.2,19.7,0.485,7.2,2.6
Tyrese Phillips,POR,2019-20,20,75,71,32.7,7.0,6.7,5.2,1.3,0.7,2.2,0.467,0.298,0.696,24.1,19.0,0.541,-4.1,1.1
Tyler Mitchell,ATL,2019-20,23,77,2,18.1,14.3,3.6,0.4,1.2,0.9,1.8,0.427,0.411,0.844,28.2,13.3,0.55,1.5,-0.6
Trae Morris,CHI,2019-20,32,51,51,17.2,18.5,2.7,4.2,0.6,0.4,2.5,0.399,0.285,0.658,30.9,19.4,0.567,0.2,1.6
Pascal Thompson,WAS,2019-20,29,25,18,26.9,13.2,13.2,1.0,1.0,0.8,1.4,0.404,0.284,0.906,31.7,16.3,0.516,2.6,3.3
DeMar White,MIL,2019-20,23,78,31,31.4,13.3,8.6,6.4,1.3,1.1,2.1,0.513,0.309,0.657,34.5,19.1,0.502,-3.9,1.5
Joel Thomas,OKC,2019-20,31,70,66,27.2,15.3,5.0,3.2,0.4,1.2,1.4,0.398,0.369,0.818,33.1,23.4,0.581,1.1,-1.4
Chris Stewart,SAC,2019-20,29,29,4,23.8,11.1,8.2,1.3,1.5,0.1,2.2,0.476,0.324,0.774,19.6,19.8,0.55,-1.3,4.9
CJ Martin,SAC,2019-20,25,48,13,23.6,16.0,4.5,5.4,1.2,0,2.5,0.446,0.348,0.799,18.9,17.3,0.641,-2.9,0.9
Khris Martin,SAC,2019-20,28,72,53,17.2,5.9,7.9,1.0,0.8,1.2,2.2,0.478,0.368,0.716,19.8,12.0,0.625,-0.4,0.6
Giannis Phillips,LAC,2019-20,25,35,19,25.9,16.0,3.7,3.0,0.8,0.4,2.5,0.478,0.284,0.692,29.0,20.4,0.53,-2.5,0.6
Jalen Baker,MIA,2019-20,31,76,1,22.4,13.9,4.2,5.9,0.5,1.2,0.6,0.465,0.312,0.882,23.6,23.9,0.637,-1.4,3.1
Jaylen Williams,OKC,2019-20,35,48,41,34.3,8.0,6.8,0.2,1.4,0.9,4.3,0.509,0.377,0.902,29.4,13.6,0.631,2.1,1.2
LaMelo Thompson,HOU,2019-20,30,63,15,30.0,7.6,3.7,0.5,0.5,1.4,1.8,0.383,0.336,0.865,28.3,19.5,0.541,-0.1,2.8
Ja Jackson,LAC,2019-20,38,62,27,29.9,25.9,6.1,2.5,0.2,1.3,1.4,0.502,0.387,0.774,16.4,18.8,0.632,7.2,2.7
Joel Anderson,MIA,2019-20,23,63,37,38,10.7,4.2,0.2,1.0,0.7,2.3,0.478,0.413,0.813,23.3,20.0,0.644,0.0,7.3
James Martin,MIA,2019-20,25,46,39,28.3,9.1,8.1,2.2,1.2,1.5,3.6,0.436,0.386,0.889,25.3,15.7,0.647,1.5,0.0
Jrue Campbell,POR,2019-20,21,41,6,33.0,15.1,4.3,1.0,1.1,0.6,3.0,0.482,0.337,0.793,29.1,16.2,0.589,-3.7,1.3
DeAndre Moore,OKC,2019-20,25,82,28,34.0,10.7,8.7,6.4,1.4,0.6,2.0,0.444,0.345,0.89,19.2,17.7,0.647,-2.9,2.0
Pascal Allen,LAC,2019-20,31,20,12,30.2,21.6,10.7,3.5,0.8,0.2,0.3,0.393,0.281,0.807,24.3,18.2,0.627,-3.7,2.8
Nikola Phillips,TOR,2019-20,22,54,40,22.9,11.9,7.7,0.8,1.1,0.5,3.6,0.383,0.418,0.682,29.8,16.0,0.502,-0.5,2.5
Julius Davis,DAL,2019-20,20,49,3,38,21.7,5.6,3.5,0.6,1.7,2.3,0.425,0.311,0.85,33.8,7.2,0.563,-2.4,4.1
Jayson Green,MIA,2019-20,24,57,7,35.4,17.3,7.6,7.4,0.7,0.4,4.8,0.405,0.321,0.849,24.5,17.7,0.518,2.0,1.1
Jalen Morris,PHI,2019-20,28,67,19,29.1,16.8,5.3,8.0,1.0,0.4,3.7,0.489,0.329,0.843,22.3,15.9,0.484,-5.3,0.6
Devin Collins,CHI,2019-20,23,48,24,22.9,16.6,5.6,5.7,1.6,1.4,0.3,0.423,0.335,0.76,26.7,6.5,0.5,1.8,2.8
Zach Young,POR,2019-20,25,66,34,15.6,10.6,7.1,1.9,1.5,0.2,3.0,0.417,0.3,0.675,20.4,18.4,0.593,0.7,2.3
Malik Wilson,PHI,2019-20,24,74,44,38,13.1,4.4,3.7,1.1,0.7,0.7,0.485,0.298,0.799,21.5,21.3,0.527,1.5,-0.2
Trae Miller,PHX,2019-20,30,68,36,17.7,16.0,10.3,1.6,1.7,0.6,1.9,0.461,0.415,0.79,25.4,24.0,0.593,-0.6,2.0
Devin Turner,NOP,2019-20,26,57,34,17.9,7.2,1.0,1.8,0.7,1.0,2.1,0.45,0.304,0.82,24.1,12.5,0.628,0.4,0.7
Jayson White,POR,2019-20,19,64,44,10.8,12.3,3.4,3.1,1.4,0.5,1.9,0.408,0.358,0.751,22.0,10.6,0.602,-0.4,0.7
Kevin Johnson,TOR,2019-20,32,79,10,26.2,20.7,3.5,4.1,1.6,0,3.6,0.386,0.363,0.664,33.4,15.5,0.585,-4.0,0.4
CJ Wilson,BKN,2019-20,21,49,38,13.0,18.0,5.1,0.2,0.5,0.1,1.5,0.457,0.393,0.771,29.4,15.4,0.649,-2.7,0.9
Pascal Jackson,LAL,2019-20,22,52,27,21.7,14.0,4.7,1.9,1.0,0.1,2.0,0.527,0.371,0.728,31.3,11.6,0.644,-2.0,0.2
Tyrese King,GSW,2019-20,27,28,26,17.7,15.5,11.2,6.3,1.6,0.7,3.1,0.516,0.313,0.724,21.6,14.0,0.642,-1.6,1.1
Devin Mitchell,LAL,2019-20,32,58,58,24.9,23.3,8.5,4.3,1.9,0.8,2.0,0.384,0.326,0.698,17.0,16.0,0.536,-1.9,4.7
Zion Parker,POR,2019-20,21,75,39,30.0,12.4,5.9,0.2,1.2,1.7,2.7,0.418,0.281,0.768,30.4,13.6,0.575,1.3,2.3
Tyrese Johnson,SAC,2019-20,28,48,11,26.8,24.8,4.0,5.1,0,1.3,1.7,0.413,0.396,0.79,30.9,9.7,0.525,1.2,2.1
Anthony Mitchell,MIA,2019-20,21,37,35,35.0,14.1,2.9,1.9,0,0,2.7,0.496,0.349,0.879,31.0,11.2,0.568,1.3,2.0
Zion Allen,CHA,2019-20,20,52,3,26.3,3.8,3.0,5.6,2.0,0.4,2.7,0.389,0.383,0.743,17.7,18.7,0.532,3.2,2.6
Anthony Turner,TOR,2019-20,23,54,16,24.9,17.8,3.9,4.7,1.1,0.5,2.3,0.397,0.372,0.74,25.1,21.4,0.616,1.9,1.5
Jrue Brown,MIL,2019-20,24,35,4,26.6,13.4,5.1,3.3,0.7,0.4,0.3,0.388,0.288,0.909,19.7,18.6,0.521,1.8,1.0
Julius Moore,SAS,2019-20,32,63,12,26.5,9.6,8.5,1.8,1.0,1.0,0.4,0.438,0.351,0.662,27.4,19.8,0.591,0.9,0.7
Ja Lopez,HOU,2019-20,32,24,3,33.7,19.5,0.5,4.8,1.2,0.4,0.5,0.386,0.412,0.814,23.2,15.6,0.588,4.5,2.0
Darius Green,WAS,2019-20,26,47,23,38,2.6,7.1,3.3,0.7,0.5,2.0,0.472,0.304,0.725,21.5,16.4,0.641,-1.9,1.1
Andre White,MIN,2019-20,20,26,17,29.3,17.3,5.7,8.7,1.1,0.6,1.9,0.392,0.395,0.854,21.5,20.3,0.482,-1.3,0.1
Kyle Turner,MIN,2019-20,24,42,27,32.6,16.9,0.5,7.4,0.8,1.5,1.4,0.488,0.288,0.797,33.6,8.3,0.536,-3.5,1.0
Brandon Edwards,DET,2019-20,21,60,6,16.4,19.1,4.5,3.6,1.5,0.2,0.4,0.425,0.364,0.757,16.0,15.3,0.611,4.5,3.3
Andre Lopez,ORL,2019-20,21,25,8,16.6,18.1,9.4,0.4,1.5,0,1.4,0.385,0.392,0.919,15.5,11.7,0.575,1.7,-0.0
Andre Parker,CHA,2019-20,20,61,38,15.1,2.1,2.1,0.7,0.7,0.2,1.7,0.535,0.296,0.904,27.3,19.6,0.581,-0.1,-0.2
Ja Johnson,BKN,2019-20,26,23,23,15.2,11.0,5.3,1.4,1.0,0.6,2.0,0.402,0.341,0.85,27.0,20.0,0.631,-0.6,5.6
Domantas Parker,BKN,2019-20,29,68,16,33.2,19.1,0.5,3.7,0.4,0.7,0.9,0.409,0.343,0.735,22.7,16.8,0.573,-1.3,-0.2
Devin Thompson,DAL,2019-20,26,24,19,38,14.3,9.8,5.3,0.6,1.3,2.8,0.535,0.326,0.841,26.2,15.1,0.525,2.0,2.0
Zach Parker,MIN,2019-20,23,25,11,17.9,2,4.2,0.2,1.2,0.8,1.2,0.409,0.347,0.879,15.4,12.6,0.502,1.1,-2.5
Zach Adams,TOR,2019-20,25,63,31,23.8,10.5,5.1,3.1,1.0,0.5,2.5,0.544,0.368,0.69,31.1,12.3,0.615,-3.7,0.8
Anthony Wilson,UTA,2019-20,29,54,33,18.9,10.9,6.4,0.2,0.6,0,3.1,0.415,0.363,0.69,19.9,14.4,0.552,6.5,0.2
Brandon King,PHI,2019-20,31,42,42,36.1,8.8,5.9,7.0,2.2,0.3,3.5,0.405,0.411,0.741,20.7,19.1,0.648,-3.3,0.0
Malik Morris,BKN,2019-20,26,79,32,28.9,15.2,4.3,6.0,0.5,0.2,3.7,0.419,0.3,0.911,23.8,14.5,0.635,-2.3,6.1
Darius Davis,DAL,2019-20,30,27,9,31.2,20.1,1.5,1.1,0.2,0.4,0.6,0.542,0.353,0.704,25.0,14.7,0.603,0.6,1.6
DeMar Thompson,DEN,2019-20,27,21,2,29.3,18.0,1.7,6.9,1.0,1.5,3.0,0.478,0.292,0.814,32.8,21.6,0.573,-4.5,1.9
Zach Johnson,OKC,2019-20,24,53,51,24.4,3.7,4.9,0.4,0.4,0.6,2.0,0.428,0.371,0.685,21.8,12.6,0.513,4.3,1.9
Jaylen Mitchell,SAS,2019-20,22,58,20,25.7,18.1,3.9,1.5,0.9,0.9,3.4,0.404,0.418,0.661,25.0,17.5,0.581,-2.5,2.5
Malik Taylor,DEN,2019-20,24,25,0,32.9,2,4.1,3.3,1.4,0,0.6,0.51,0.353,0.804,23.8,4.4,0.481,-0.3,0.7
Giannis Morris,BKN,2019-20,29,42,34,34.9,9.2,0.5,9.1,1.5,0.4,0.3,0.48,0.309,0.803,31.5,6.7,0.606,-0.3,1.9
Domantas Mitchell,ORL,2019-20,28,37,2,32.8,12.2,4.9,0.2,1.6,0.9,0.5,0.411,0.365,0.802,29.2,15.0,0.581,-2.4,1.2
Fred Mitchell,NOP,2020-21,36,34,30,38,28.9,7.2,0.2,0.8,1.0,1.5,0.39,0.416,0.839,15.6,19.9,0.556,-1.3,2.4
Kevin Stewart,OKC,2020-21,33,76,75,19.1,18.9,1.4,5.2,0.8,0.6,1.1,0.536,0.316,0.745,19.4,6.5,0.587,2.5,0.2
Anthony Brown,BOS,2020-21,20,46,32,16.5,12.8,3.8,6.6,1.6,0.3,1.2,0.472,0.338,0.712,31.8,5.7,0.616,-2.8,1.0
DeAndre Nelson,LAL,2020-21,35,75,67,18.0,17.1,8.1,2.8,1.0,1.1,4.0,0.457,0.391,0.81,18.3,18.7,0.635,2.4,0.6
Ja Martin,OKC,2020-21,21,60,34,9.4,7.1,5.8,3.2,2.1,1.1,2.9,0.399,0.352,0.708,30.0,17.5,0.58,-1.2,3.5
Jalen Parker,IND,2020-21,32,38,8,12.2,17.4,1.6,2.5,0.9,0.5,2.5,0.393,0.385,0.69,19.1,10.2,0.554,1.3,-0.3
Zion Stewart,MIN,2020-21,26,25,22,15.0,18.0,4.6,4.3,1.2,0.9,2.3,0.534,0.346,0.814,15.3,23.5,0.562,-4.6,-1.4
Giannis Nelson,DET,2020-21,24,39,22,25.2,13.5,1.9,1.5,1.7,0.9,1.4,0.385,0.396,0.846,17.1,16.7,0.641,-7.3,1.6
James Taylor,UTA,2020-21,20,53,37,24.5,18.0,6.8,0.8,0.8,0.1,0.6,0.388,0.39,0.667,27.3,7.9,0.624,-1.2,2.6
Domantas Moore,HOU,2020-21,22,22,20,36.2,13.6,8.8,3.1,0.5,0.6,0.7,0.497,0.351,0.74,34.5,7.5,0.498,5.0,5.2
James Reed,CHI,2020-21,32,54,6,30.8,18.0,4.4,4.8,1.1,1.1,1.5,0.518,0.296,0.844,15.2,14.5,0.547,-0.4,4.5
CJ Jackson,IND,2020-21,33,47,36,23.2,15.4,7.8,6.9,1.1,0.8,1.0,0.438,0.309,0.886,23.1,29.0,0.559,-1.3,2.2
Fred Harris,PHI,2020-21,19,43,27,18.3,26.7,10.4,2.7,0,0,3.8,0.441,0.328,0.778,27.4,8.9,0.523,1.3,-0.1
Damian Turner,LAL,2020-21,26,20,7,5.8,12.2,2.4,2.7,0.2,1.1,3.5,0.383,0.418,0.725,34.4,15.8,0.629,-6.7,-1.6
Domantas Young,BOS,2020-21,33,21,19,32.6,4.1,8.0,3.9,0.8,1.0,1.2,0.532,0.349,0.891,32.9,17.4,0.612,-0.2,4.4
Zach Morris,BOS,2020-21,28,28,14,17.8,23.6,1.8,3.5,1.0,0.5,2.5,0.469,0.308,0.779,27.0,10.7,0.587,3.0,5.8
Bam Davis,MIA,2020-21,21,65,9,12.5,22.5,1.9,2.6,1.3,0.7,2.2,0.52,0.384,0.803,30.3,20.4,0.572,-3.1,1.3
Jayson White,SAS,2020-21,33,35,10,27.8,18.9,8.5,2.0,1.2,0.3,1.5,0.415,0.388,0.662,32.4,11.0,0.571,-1.6,0.4
Darius Mitchell,PHX,2020-21,28,20,5,20.5,7.1,6.6,2.4,0.8,0,2.6,0.441,0.42,0.903,25.9,13.4,0.583,1.3,2.4
Shai Roberts,TOR,2020-21,22,35,30,14.3,10.3,11.1,1.4,1.0,1.0,2.1,0.51,0.354,0.696,29.8,21.1,0.563,-0.6,-0.9
DeMar Campbell,MEM,2020-21,26,78,45,22.3,6.2,4.2,3.1,1.2,0.9,2.1,0.524,0.378,0.91,24.6,11.0,0.549,-0.1,-0.0
DeMar Morris,CHI,2020-21,28,78,49,23.1,9.9,4.2,4.2,1.3,1.0,2.2,0.417,0.333,0.795,15.9,24.1,0.585,-0.1,2.2
Cade Young,CHI,2020-21,33,55,3,27.6,11.2,8.7,5.1,0.6,0.4,2.0,0.477,0.29,0.751,27.2,19.2,0.573,1.9,1.4
Fred Lopez,PHI,2020-21,24,49,39,30.2,20.6,6.6,5.1,1.5,1.9,1.6,0.543,0.397,0.817,15.5,13.3,0.61,2.5,2.0
Luka Evans,MIL,2020-21,27,51,44,38,21.9,6.6,0.8,1.8,0.2,2.2,0.522,0.4,0.655,31.8,6.6,0.603,-0.0,2.1
Damian Murphy,WAS,2020-21,27,35,20,38,22.4,2.7,4.1,1.1,1.0,1.6,0.423,0.34,0.828,17.3,19.3,0.602,-2.4,1.1
Zion Moore,UTA,2020-21,30,65,49,18.3,21.1,1.9,0.2,0.6,0.6,2.3,0.439,0.389,0.783,25.0,10.4,0.532,2.3,1.5
Ja Evans,LAL,2020-21,31,27,7,19.1,16.9,6.1,2.4,1.7,0.8,2.1,0.42,0.326,0.792,23.2,15.1,0.52,-0.6,1.7
Ja Hill,CLE,2020-21,30,30,17,38,19.7,3.4,5.6,1.6,1.1,1.2,0.423,0.401,0.784,29.4,12.2,0.512,-0.2,-3.1
Jordan Lopez,GSW,2020-21,25,27,22,24.6,13.4,0.6,4.4,0.5,0.4,2.5,0.438,0.304,0.736,28.4,27.9,0.624,0.6,2.6
Andre Cook,ATL,2020-21,26,66,18,19.4,16.2,6.0,3.7,0.9,0.3,3.2,0.521,0.305,0.888,24.5,12.1,0.583,1.8,-0.7
Cade Phillips,LAL,2020-21,28,36,5,30.9,17.2,7.8,6.0,0.9,1.3,0.9,0.404,0.384,0.665,33.8,12.9,0.63,2.6,1.5
Darius Wilson,MIA,2020-21,33,32,26,26.0,10.4,5.4,0.2,1.3,0.8,1.1,0.423,0.285,0.804,18.4,17.9,0.566,5.1,2.2
Zion Campbell,ATL,2020-21,25,44,7,34.5,2,6.4,3.0,0.7,0.8,2.9,0.506,0.288,0.713,24.9,16.2,0.595,-2.7,0.9
Zach Harris,MIL,2020-21,22,45,39,20.3,8.0,8.5,2.0,0.9,0.4,2.8,0.436,0.307,0.823,17.5,13.7,0.622,-1.8,0.2
Bam Edwards,BKN,2020-21,27,64,50,15.7,13.7,2.2,3.8,1.3,0.7,1.2,0.504,0.334,0.914,21.7,23.1,0.602,2.0,2.8
Marcus Morris,POR,2020-21,30,33,19,18.8,8.2,9.0,7.4,0.8,0.3,2.1,0.546,0.381,0.664,22.5,17.5,0.624,3.6,1.4
Giannis Mitchell,LAL,2020-21,26,72,67,24.0,15.6,6.6,3.1,0.4,1.6,1.2,0.476,0.331,0.714,33.8,18.3,0.565,-4.8,-1.3
Jalen Phillips,IND,2020-21,33,35,2,24.5,12.4,8.1,2.3,1.6,0,3.2,0.385,0.411,0.827,21.6,10.5,0.638,-6.1,1.2
Jordan Morris,MIL,2020-21,37,72,42,30.2,13.4,9.6,3.7,0.7,0.4,2.1,0.546,0.305,0.81,33.3,19.9,0.629,-6.5,2.4
Darius Reed,POR,2020-21,25,39,32,13.9,15.3,2.7,0.2,0,0,3.7,0.461,0.283,0.702,19.3,15.7,0.5,-2.5,-1.6
DeMar Williams,WAS,2020-21,33,71,71,33.4,12.0,4.1,6.3,0.7,0.3,1.6,0.52,0.28,0.858,28.0,13.3,0.483,-3.0,0.4
Anthony Murphy,CLE,2020-21,22,60,25,20.6,12.2,3.5,5.8,1.3,1.0,2.8,0.483,0.359,0.68,24.5,7.7,0.647,0.8,4.6
Damian Miller,NYK,2020-21,28,81,54,31.8,23.7,3.5,0.4,0,1.0,2.3,0.496,0.378,0.856,31.1,18.0,0.547,-0.6,2.1
DeAndre Roberts,POR,2020-21,32,62,8,26.9,9.8,0.5,1.6,0.7,1.0,3.8,0.522,0.305,0.673,27.3,9.1,0.571,2.2,-2.8
Pascal King,MEM,2020-21,22,80,33,24.4,10.9,7.0,0.2,1.2,0.3,0.8,0.459,0.348,0.742,33.1,9.4,0.549,4.0,2.4
Bam Morris,DET,2020-21,24,64,52,25.6,25.1,3.2,0.2,1.8,0.3,1.7,0.512,0.392,0.817,33.2,12.5,0.601,-2.8,0.6
Cade White,UTA,2020-21,26,63,44,20.7,16.8,9.5,2.8,0.8,0,1.7,0.414,0.357,0.75,22.1,12.4,0.567,-1.5,-1.4
LaMelo King,CLE,2020-21,23,31,15,31.8,21.8,3.5,2.7,1.4,0.4,1.0,0.486,0.315,0.877,20.0,13.7,0.548,-0.9,-0.4
Kyle Wilson,LAL,2020-21,34,60,0,27.0,21.9,3.6,2.3,1.2,1.3,3.1,0.473,0.298,0.794,27.5,10.9,0.521,-0.0,2.0
Nikola Young,GSW,2020-21,32,73,33,16.3,17.5,6.9,2.1,1.0,0.7,3.5,0.506,0.407,0.659,24.3,14.9,0.482,-7.2,3.1
Jordan Miller,MIN,2020-21,29,64,5,30.0,18.2,2.8,5.1,1.3,0.7,2.5,0.506,0.308,0.683,33.3,14.9,0.558,2.8,1.4
CJ Mitchell,TOR,2020-21,25,68,52,29.7,2,9.0,4.5,0.9,0.4,1.0,0.483,0.373,0.764,17.6,9.2,0.486,5.6,0.5
Donovan Lopez,NYK,2020-21,24,34,27,17.6,11.3,7.5,3.3,0.3,0.4,1.2,0.452,0.292,0.887,26.7,15.5,0.625,-2.2,1.4
Darius Johnson,NYK,2020-21,31,64,42,27.1,18.9,6.2,8.4,0.8,0.1,4.9,0.516,0.284,0.876,18.0,21.8,0.594,-3.2,0.2
Tyrese Carter,IND,2020-21,34,53,30,21.2,20.1,3.7,0.5,1.1,0.6,2.8,0.45,0.339,0.736,33.9,17.9,0.639,-2.3,4.6
Andre Campbell,BOS,2020-21,25,38,35,24.8,16.7,5.3,2.1,1.3,0.5,0.3,0.407,0.318,0.841,27.2,15.5,0.54,-1.9,2.1
Jrue Parker,NYK,2020-21,24,26,9,12.8,20.3,8.9,6.8,0.4,0.1,2.5,0.421,0.329,0.861,32.6,17.0,0.51,0.3,1.2
CJ Anderson,IND,2020-21,34,60,1,20.2,15.7,9.0,0.2,0.5,1.2,2.1,0.446,0.318,0.669,26.9,12.2,0.594,3.7,0.5
Khris Young,OKC,2020-21,19,23,12,35.3,14.8,10.8,4.5,0.9,0.5,2.7,0.445,0.416,0.679,18.4,10.1,0.499,-5.3,-1.1
Jaylen Parker,HOU,2020-21,20,58,46,27.3,21.0,6.9,3.4,1.4,0,1.7,0.472,0.304,0.652,22.4,17.0,0.484,-1.7,4.6
Joel Campbell,CHI,2020-21,26,38,15,15.4,2.9,9.7,1.0,0.7,0.1,2.1,0.509,0.286,0.656,23.0,9.1,0.49,2.7,4.5
Giannis Harris,MIN,2020-21,23,27,12,5.5,12.8,1.5,6.1,1.8,0,1.8,0.483,0.405,0.849,22.2,17.5,0.502,0.7,3.1
Tyrese Murphy,LAC,2020-21,24,29,4,15.8,17.3,1.6,1.7,1.7,0.9,0.7,0.45,0.286,0.898,17.9,14.8,0.631,-0.8,3.6
Julius Adams,SAS,2020-21,31,50,48,27.9,11.6,5.3,5.0,0.6,0,2.3,0.497,0.339,0.664,19.6,15.3,0.515,3.3,1.8
Nikola Wilson,LAC,2020-21,32,61,39,34.2,2,3.4,7.0,0.9,1.3,2.5,0.536,0.383,0.769,34.8,4.8,0.499,-3.1,-0.6
Fred Brown,ATL,2020-21,25,22,3,20.3,13.8,5.1,1.4,0.5,0.2,1.6,0.404,0.294,0.847,31.8,21.3,0.619,4.1,2.6
Chris Wright,MIN,2020-21,30,34,29,16.4,17.9,3.2,3.0,0.8,0.3,1.5,0.41,0.329,0.685,29.4,22.7,0.561,0.4,-0.9
Pascal Mitchell,SAS,2020-21,24,53,13,22.2,17.3,5.8,4.8,1.3,0.8,2.4,0.49,0.39,0.848,16.1,14.0,0.495,-1.3,3.2
Jrue Nelson,DAL,2020-21,22,43,38,34.7,13.7,8.5,9.1,1.9,0.6,1.2,0.54,0.361,0.859,28.8,8.1,0.493,-1.2,-0.5
Trae Phillips,CHA,2020-21,23,38,28,24.8,15.6,5.7,2.9,0.5,1.2,3.0,0.52,0.368,0.659,21.4,17.2,0.519,-0.4,2.6
DeMar Lopez,SAC,2020-21,21,58,56,37.6,14.0,0.5,5.5,0.5,0.2,0.6,0.501,0.414,0.911,26.0,18.3,0.62,-2.4,1.2
Shai Thompson,CLE,2020-21,24,33,6,24.6,14.1,0.5,2.5,0.5,0.8,1.6,0.484,0.375,0.731,18.3,8.5,0.594,2.5,1.1
Jrue Allen,MIL,2020-21,20,25,23,11.6,27.4,0.5,5.8,1.6,0.8,2.9,0.544,0.414,0.842,26.9,16.3,0.492,-0.8,3.7
Malik Collins,GSW,2020-21,30,38,10,28.3,14.5,3.3,1.0,1.7,0.7,3.2,0.487,0.36,0.864,32.6,13.8,0.52,-0.3,0.1
Damian Moore,DET,2020-21,20,48,10,15.2,18.6,3.6,4.1,1.1,0.1,1.6,0.482,0.351,0.69,29.3,16.6,0.5,-0.1,1.6
CJ Hill,MIA,2020-21,22,20,5,31.6,21.0,0.8,7.1,1.5,0.8,2.9,0.545,0.337,0.874,24.8,13.3,0.522,0.7,1.7
Bam Baker,WAS,2020-21,21,65,11,23.2,13.9,7.4,2.0,1.1,0.1,1.9,0.463,0.304,0.831,27.0,16.0,0.589,-0.9,2.1
Joel Moore,MIL,2020-21,29,41,40,27.8,17.5,0.5,4.3,0.7,0,2.5,0.459,0.294,0.729,17.0,6.4,0.554,0.5,2.0
Damian Martin,DET,2020-21,28,74,46,21.0,12.9,7.0,2.5,1.1,0.5,1.3,0.38,0.332,0.768,16.4,16.0,0.508,3.0,-1.1
Damian Collins,CLE,2020-21,22,70,54,29.9,13.4,4.6,3.0,1.3,0.4,2.5,0.427,0.286,0.687,27.7,11.8,0.53,4.0,1.9
Anthony Campbell,IND,2020-21,27,32,13,24.1,10.9,4.2,4.9,1.7,1.0,2.4,0.533,0.301,0.818,34.8,16.6,0.513,-2.3,0.8
Marcus Davis,WAS,2020-21,26,39,5,22.7,26.0,4.8,2.6,1.4,0.7,2.7,0.395,0.303,0.74,31.7,8.4,0.626,7.2,2.0
Shai Phillips,IND,2020-21,28,66,53,15.2,12.7,4.2,0.2,1.3,0.8,2.5,0.47,0.286,0.87,29.7,11.7,0.487,-0.8,-1.3
Joel Green,LAC,2020-21,29,74,40,21.9,17.0,4.0,0.8,1.1,0.7,2.5,0.533,0.352,0.788,21.8,8.8,0.627,0.7,1.2
LaMelo Taylor,TOR,2020-21,31,25,23,29.9,15.3,7.0,1.5,1.4,1.0,3.9,0.549,0.301,0.831,24.5,19.9,0.608,5.4,0.5
Shai Reed,CHA,2020-21,34,26,20,25.3,10.0,6.6,4.3,0.5,0.7,4.0,0.415,0.418,0.807,15.0,12.0,0.508,-3.2,2.3
Jalen Thomas,CLE,2020-21,23,47,4,32.2,24.9,5.3,3.1,1.1,0.6,2.4,0.383,0.407,0.666,27.0,18.7,0.644,-1.8,-0.2
Chris Wilson,CLE,2020-21,34,69,39,26.6,11.4,7.5,1.3,1.5,0.2,1.0,0.502,0.292,0.661,15.3,19.4,0.549,-1.8,4.1
Jayson Taylor,MIA,2020-21,35,30,0,19.0,10.5,6.0,6.1,1.4,1.0,3.2,0.538,0.356,0.805,28.4,17.5,0.646,3.0,-0.7
Fred Thompson,LAL,2020-21,28,46,37,18.3,20.5,1.1,1.8,0.8,1.0,1.4,0.386,0.281,0.853,32.2,21.9,0.523,0.2,2.2
Zach Carter,DEN,2020-21,20,21,5,14.9,16.4,2.0,5.9,0.8,0.4,3.2,0.543,0.382,0.806,23.9,23.4,0.563,9.2,0.4
DeAndre Young,GSW,2020-21,28,20,9,25.4,10.0,3.0,3.1,0.9,1.0,1.4,0.519,0.398,0.769,24.5,8.1,0.523,8.7,4.7
Jordan Edwards,PHI,2020-21,25,22,9,17.6,9.6,6.5,4.0,2.1,1.4,2.0,0.492,0.317,0.676,23.9,14.9,0.557,-0.7,0.8
Jrue Hill,PHI,2020-21,23,61,46,23.8,16.0,7.9,0.2,1.6,0.4,1.9,0.505,0.299,0.871,19.8,23.6,0.62,2.7,-0.5
Julius Turner,DEN,2020-21,22,69,4,19.0,15.8,6.0,7.5,1.2,0.5,2.5,0.474,0.385,0.808,32.5,12.4,0.539,3.0,2.8
Kyle Hill,MEM,2020-21,25,52,13,11.1,19.0,1.9,3.7,1.2,0.2,2.6,0.463,0.391,0.677,31.3,10.1,0.621,1.6,-1.0
Andre Brown,HOU,2020-21,37,67,47,30.8,17.2,1.9,1.9,0.9,1.3,3.6,0.425,0.349,0.657,18.0,13.0,0.523,2.9,1.6
Jrue Jackson,UTA,2020-21,31,81,15,16.8,10.6,5.8,3.3,0.8,0,3.3,0.385,0.359,0.854,29.4,19.6,0.516,0.4,2.4
Kevin Murphy,CHI,2020-21,23,78,59,25.2,17.7,4.5,4.5,0.9,0.4,0.8,0.436,0.381,0.809,31.0,12.2,0.648,1.7,-1.0
Nikola Anderson,SAS,2020-21,23,37,29,32.4,16.4,4.7,9.1,1.6,1.1,3.4,0.512,0.281,0.721,24.1,12.0,0.588,-1.9,4.2
LaMelo Anderson,PHX,2020-21,22,67,49,38,11.0,4.1,5.5,0.8,1.1,2.9,0.411,0.354,0.735,29.1,11.2,0.481,-5.9,3.2
Pascal Brown,TOR,2020-21,22,65,6,32.0,9.1,7.9,3.7,1.0,0.2,3.2,0.467,0.297,0.76,26.5,11.4,0.555,-7.0,3.8
Donovan Brown,BKN,2020-21,28,75,55,23.8,7.4,3.8,3.7,0.8,0.3,2.3,0.461,0.324,0.821,33.3,24.9,0.553,-3.3,5.4
Kyle Baker,MEM,2020-21,23,66,11,28.6,12.2,6.0,0.2,0.5,0.6,2.9,0.43,0.371,0.76,16.7,13.6,0.502,-5.4,2.2
Giannis Evans,NYK,2020-21,27,35,30,16.2,14.8,5.6,0.7,1.1,1.5,1.1,0.529,0.386,0.823,34.9,18.0,0.647,-3.2,2.0
Jalen Thomas,DEN,2020-21,26,31,16,30.5,12.0,5.5,4.2,0.6,1.3,1.4,0.45,0.321,0.845,19.2,21.1,0.489,5.9,2.3
Marcus Evans,MEM,2020-21,25,63,42,28.8,12.0,4.8,6.1,1.1,0.3,1.8,0.424,0.3,0.709,27.5,16.8,0.623,1.2,2.5
Malik Brown,CHA,2020-21,32,57,11,38,5.7,4.1,6.6,1.8,1.5,1.8,0.382,0.31,0.692,25.9,14.5,0.521,-0.7,-2.0
Bam Campbell,SAS,2020-21,24,41,19,22.1,10.5,4.8,4.6,0.4,0.6,1.1,0.527,0.285,0.794,15.4,6.2,0.614,2.3,0.7
Tyrese Evans,SAC,2020-21,31,74,31,16.0,16.1,9.2,5.6,1.4,0.1,2.4,0.418,0.327,0.651,17.6,16.4,0.528,3.1,-0.1
Damian Roberts,MEM,2020-21,31,32,2,5.6,2,10.2,1.3,1.6,1.1,2.9,0.467,0.395,0.911,30.2,12.2,0.575,4.7,0.4
Brandon Parker,HOU,2020-21,31,25,25,31.2,25.6,9.5,4.3,1.2,0.5,2.7,0.441,0.419,0.667,32.8,20.5,0.582,1.7,1.3
Jayson Jackson,NYK,2020-21,21,70,27,29.2,13.6,5.0,4.4,0.6,1.4,3.9,0.395,0.327,0.774,24.2,14.6,0.594,-1.3,2.1
Ja Cook,NYK,2020-21,31,59,22,38,22.6,10.6,3.9,0.9,0,2.7,0.409,0.322,0.801,30.2,11.0,0.608,7.7,0.7
Nikola Baker,BKN,2020-21,27,79,47,38,14.6,3.8,7.1,1.3,0.7,2.3,0.48,0.345,0.741,33.7,24.1,0.596,-5.4,-1.5
Donovan Baker,BOS,2020-21,30,55,26,37.8,14.0,1.0,3.8,1.3,1.1,1.0,0.483,0.355,0.767,20.1,5.4,0.62,-1.5,0.8
Pascal Baker,MEM,2020-21,29,23,14,28.1,2.7,6.7,2.9,1.4,0,3.1,0.438,0.356,0.7,28.6,11.8,0.537,1.8,-1.2
Marcus White,BKN,2020-21,26,29,9,23.9,11.5,3.5,5.8,1.6,0,1.1,0.514,0.293,0.701,23.9,21.4,0.627,0.4,4.9
Luka Allen,PHI,2020-21,20,79,67,20.1,21.3,2.5,0.2,0.7,0.8,1.1,0.481,0.356,0.655,27.3,10.8,0.598,1.2,2.3
Andre Baker,LAC,2020-21,25,54,53,28.8,13.0,4.5,0.2,0.3,0,3.1,0.529,0.316,0.815,25.7,18.6,0.532,-0.1,0.8
Julius Edwards,MIA,2020-21,30,20,11,15.8,4.4,4.2,2.6,0.8,1.3,1.3,0.529,0.407,0.831,17.2,12.2,0.497,-2.8,1.3
Cade Miller,LAC,2020-21,27,47,18,23.9,16.2,3.7,0.2,0.7,1.7,2.1,0.409,0.324,0.871,27.4,16.8,0.591,-0.7,-0.2
Trae Adams,SAS,2020-21,26,45,40,20.2,8.5,4.2,6.1,0.4,1.1,1.5,0.539,0.394,0.837,21.7,14.6,0.506,-1.4,-3.2
Domantas Jackson,HOU,2020-21,24,67,67,28.6,14.7,7.6,0.2,1.7,1.1,1.8,0.48,0.364,0.919,18.9,11.0,0.626,-0.6,-2.7
Zach Allen,ATL,2020-21,24,80,31,26.9,22.3,3.4,6.1,0.3,0.4,1.2,0.413,0.295,0.891,33.4,18.0,0.507,2.7,-0.3
Marcus Parker,LAC,2020-21,24,54,33,29.1,20.5,1.8,2.4,1.7,1.5,3.3,0.425,0.399,0.763,22.4,11.3,0.507,-2.9,0.5
Joel Campbell,DEN,2020-21,27,26,6,18.1,10.6,3.0,2.4,1.5,0.5,1.3,0.439,0.39,0.737,18.9,11.9,0.62,-0.7,-0.6
Giannis Cook,DAL,2020-21,31,31,12,24.5,5.8,8.8,3.0,1.4,0.5,2.2,0.422,0.393,0.704,18.7,21.5,0.609,-1.3,1.6
Brandon Reed,TOR,2020-21,24,31,31,30.7,21.8,2.0,4.3,1.3,0.8,2.7,0.493,0.294,0.801,29.5,20.7,0.526,2.3,1.8
CJ King,BOS,2020-21,25,60,1,25.9,16.6,4.8,6.0,0.7,0.8,3.1,0.383,0.405,0.768,25.3,14.0,0.532,-0.1,3.6
Damian Green,NOP,2020-21,27,69,59,15.5,19.2,0.5,0.2,0.5,0.5,1.8,0.478,0.287,0.877,28.5,16.1,0.629,-1.7,-0.4
LaMelo Campbell,SAS,2020-21,28,80,77,20.0,2,10.4,1.7,1.3,1.5,1.0,0.399,0.413,0.887,20.8,0.2,0.553,-1.0,0.6
Malik Hill,UTA,2020-21,23,51,44,32.1,8.2,8.1,5.7,0.5,0,4.2,0.473,0.319,0.682,34.5,14.3,0.568,-2.9,3.5
Tyrese Murphy,DAL,2020-21,33,45,32,30.7,3.1,2.6,0.6,1.4,0.9,3.5,0.488,0.365,0.912,16.5,24.4,0.585,2.3,-1.2
Jordan Mitchell,CHA,2020-21,24,65,2,23.5,20.0,5.9,1.0,0.3,0,1.2,0.504,0.357,0.851,28.2,13.3,0.634,4.6,-0.6
Luka Murphy,OKC,2020-21,25,68,62,5,2,4.1,1.9,1.0,0.6,3.0,0.459,0.382,0.812,22.4,16.2,0.538,-2.1,1.2
Darius Edwards,ORL,2020-21,24,37,13,14.7,2.2,2.4,2.6,0.9,0.3,1.8,0.405,0.319,0.871,19.3,20.1,0.489,-0.2,3.1
Tyler Morris,LAL,2020-21,20,37,20,36.0,15.8,5.4,9.5,1.3,1.0,2.9,0.392,0.344,0.795,20.1,8.3,0.579,-4.9,-1.1
CJ Hill,POR,2020-21,20,63,5,21.9,10.8,6.7,0.2,1.0,0.7,1.5,0.544,0.356,0.696,32.6,13.7,0.585,1.3,4.8
Andre Phillips,MEM,2020-21,27,65,51,31.4,16.2,2.8,5.6,0.4,1.5,2.2,0.506,0.404,0.68,19.0,11.8,0.62,5.6,2.5
Luka Cook,LAL,2020-21,26,82,15,35.2,11.3,6.9,3.2,1.2,0,2.7,0.52,0.376,0.79,28.2,17.6,0.49,0.0,5.3
Brandon Hill,SAS,2020-21,29,23,19,17.7,8.8,0.5,3.4,1.1,1.1,1.2,0.543,0.282,0.82,26.1,12.3,0.603,1.4,-1.9
Shai Taylor,LAL,2020-21,25,20,6,32.5,9.7,11.3,1.6,1.3,0.5,3.6,0.471,0.324,0.723,15.7,12.3,0.629,3.3,1.2
Pascal Thompson,CHI,2020-21,24,77,74,34.1,14.1,5.5,4.0,1.6,0.3,2.0,0.458,0.419,0.775,24.8,15.3,0.619,2.0,3.1
Joel Campbell,CHA,2020-21,28,30,16,31.9,12.6,3.8,3.4,0.6,0.5,2.2,0.398,0.29,0.819,29.5,16.1,0.631,-5.4,-1.2
Chris Wilson,NYK,2020-21,23,60,59,27.8,8.0,8.5,2.1,0.6,1.1,2.1,0.395,0.367,0.878,27.3,15.5,0.536,-5.7,-0.7
DeAndre Green,DAL,2020-21,35,49,27,26.5,8.3,9.6,1.6,1.4,0.3,2.9,0.509,0.384,0.67,24.1,17.3,0.641,3.2,-0.1
Malik Evans,LAC,2020-21,29,46,30,26.4,11.7,4.6,3.2,0.9,1.7,1.2,0.422,0.362,0.901,28.9,16.4,0.639,-0.3,3.9
Andre Cook,BKN,2020-21,22,61,8,15.0,10.9,2.3,5.3,2.0,0.8,2.7,0.461,0.304,0.892,24.4,13.5,0.605,-0.3,4.4
Kevin Carter,BOS,2020-21,21,20,4,38,9.6,2.3,3.3,0.5,0.9,1.0,0.537,0.284,0.89,31.1,10.2,0.522,3.9,4.8
Zion Davis,CHA,2020-21,21,67,66,10.1,16.6,1.5,4.4,0.5,0,0.9,0.383,0.378,0.828,30.9,14.0,0.589,1.5,-0.4
Nikola Evans,LAC,2020-21,21,43,27,24.4,15.1,2.9,0.2,0.6,1.3,3.7,0.451,0.393,0.847,34.4,11.8,0.641,-8.7,-3.1
Bam Reed,BOS,2020-21,33,24,14,24.1,4.1,3.1,1.2,0.4,0.4,1.7,0.394,0.407,0.792,32.2,19.1,0.562,0.5,2.0
Jalen Young,LAL,2020-21,22,77,69,27.3,25.1,0.5,5.1,0.9,0.1,0.8,0.488,0.414,0.866,32.1,14.5,0.514,-0.3,0.7
Damian Miller,DAL,2020-21,23,43,17,21.0,9.7,1.7,0.2,0.7,0.6,2.9,0.444,0.326,0.866,17.3,17.3,0.578,-0.9,1.2
Kyle Morris,MEM,2020-21,25,36,15,23.7,4.2,5.3,5.5,1.0,0,2.8,0.461,0.371,0.8,18.2,20.2,0.642,1.1,-1.0
Donovan Taylor,CLE,2020-21,23,65,46,24.8,15.4,12.2,2.8,0,1.1,2.0,0.518,0.387,0.834,26.4,18.8,0.539,-4.3,1.4
Tyrese Williams,LAC,2020-21,30,58,36,22.7,15.9,6.4,3.7,0.8,0.4,3.9,0.434,0.412,0.835,25.9,25.0,0.638,-0.1,0.3
Fred Carter,MEM,2020-21,25,73,41,14.5,11.8,3.9,6.5,0.4,0,2.4,0.416,0.311,0.782,30.0,13.4,0.65,0.8,-0.3
Tyrese Phillips,TOR,2020-21,23,57,24,28.0,8.5,8.1,4.6,0,0.6,2.3,0.473,0.289,0.885,24.7,20.2,0.63,3.8,5.7
Trae Morris,BOS,2020-21,34,40,10,16.7,14.5,2.6,6.0,1.1,0.4,2.6,0.525,0.393,0.769,24.4,16.9,0.564,-1.3,4.4
Pascal Thompson,ATL,2020-21,31,66,5,17.6,15.0,4.0,0.3,0.2,0.7,2.0,0.486,0.335,0.8,22.3,15.3,0.537,-2.8,0.1
DeMar White,TOR,2020-21,21,48,3,32.7,17.7,6.7,0.3,0,0.1,0.7,0.458,0.366,0.738,24.8,15.6,0.556,3.5,-0.3
Joel Thomas,OKC,2020-21,34,36,16,30.2,4.1,2.3,4.5,1.0,0.1,0.3,0.543,0.358,0.785,32.9,3.9,0.572,-2.3,-0.0
Chris Stewart,IND,2020-21,30,52,7,38,3.1,4.8,3.8,0.7,1.0,1.3,0.502,0.3,0.847,29.9,0.4,0.591,1.3,-2.4
CJ Martin,PHI,2020-21,28,39,26,38,13.0,5.3,5.0,0.7,1.2,0.3,0.393,0.305,0.801,25.6,16.5,0.618,3.7,1.8
Giannis Phillips,LAL,2020-21,24,54,33,20.9,9.4,1.3,7.2,0.6,0.6,1.7,0.42,0.351,0.92,31.0,23.0,0.554,-6.6,-4.4
Jalen Baker,MIN,2020-21,31,71,10,26.8,16.5,3.5,1.8,1.6,1.3,2.7,0.428,0.39,0.664,33.4,16.7,0.498,-0.8,-1.0
Jaylen Williams,ATL,2020-21,34,56,32,15.4,10.2,4.1,5.2,0.6,1.1,2.5,0.513,0.419,0.882,18.8,9.5,0.498,-0.1,-0.1
Joel Anderson,HOU,2020-21,23,82,29,29.6,6.1,9.7,3.6,0.8,0,3.5,0.444,0.392,0.71,17.9,21.2,0.495,2.7,2.3
James Martin,PHX,2020-21,27,63,1,25.2,15.5,5.2,1.1,0.9,0.3,0.5,0.384,0.414,0.796,17.6,5.9,0.603,-1.8,-0.9
Jrue Campbell,OKC,2020-21,20,45,4,26.6,11.7,6.7,0.2,1.1,0,2.2,0.427,0.406,0.668,30.4,9.4,0.605,-0.8,2.1
DeAndre Moore,CHA,2020-21,26,60,28,17.9,8.1,0.5,3.6,1.9,0.7,1.9,0.393,0.352,0.775,19.6,13.6,0.592,-4.6,2.6
Nikola Phillips,IND,2020-21,25,63,58,28.1,21.1,5.1,1.5,0.2,0.3,1.4,0.495,0.318,0.875,16.4,18.5,0.641,2.7,0.6
Julius Davis,BOS,2020-21,23,40,19,28.4,20.3,0.5,1.3,1.2,0.9,0.3,0.497,0.3,0.746,25.8,12.4,0.62,3.0,-1.1
Jayson Green,MIN,2020-21,26,49,49,13.8,10.8,0.8,2.4,0.4,0.3,2.5,0.541,0.367,0.915,21.9,18.4,0.487,-3.5,0.6
Jalen Morris,POR,2020-21,29,42,0,30.2,18.3,4.8,3.6,0.3,0,2.8,0.463,0.365,0.897,25.1,9.1,0.583,4.4,1.0
Zach Young,NYK,2020-21,25,30,23,31.6,21.1,9.8,4.8,1.2,0.6,2.1,0.441,0.411,0.901,25.3,15.5,0.545,1.2,2.0
Malik Wilson,GSW,2020-21,28,65,60,16.5,8.2,0.5,2.9,1.2,1.5,2.9,0.522,0.311,0.69,22.8,15.6,0.645,-2.2,1.8
Trae Miller,LAC,2020-21,33,71,22,31.7,15.8,6.1,6.0,0.6,0.1,3.3,0.494,0.302,0.81,23.5,21.9,0.63,2.6,2.4
Devin Turner,ORL,2020-21,26,80,3,38,20.5,8.5,4.8,1.2,0.7,2.5,0.449,0.292,0.8,33.9,10.9,0.622,4.6,1.2
Jayson White,OKC,2020-21,22,72,57,25.8,13.1,3.7,4.0,2.0,0.1,3.1,0.513,0.373,0.818,27.3,5.2,0.606,-1.8,3.4
Shai Young,ORL,2020-21,22,71,11,18.1,24.7,2.5,0.3,1.2,1.9,2.7,0.415,0.356,0.764,20.9,20.9,0.581,-1.0,1.2
Kevin Johnson,CHA,2020-21,32,45,42,16.0,13.3,5.3,0.8,1.5,1.4,2.6,0.493,0.308,0.843,26.8,11.0,0.529,4.6,-1.9
CJ Wilson,OKC,2020-21,25,23,7,5,11.1,3.1,5.5,1.5,0.4,0.7,0.54,0.329,0.816,34.7,16.3,0.585,-0.8,2.0
Pascal Jackson,MIA,2020-21,22,57,1,22.6,16.2,4.0,0.2,1.0,0.4,2.9,0.388,0.398,0.89,22.0,6.0,0.537,4.1,-2.6
Devin Mitchell,SAS,2020-21,33,76,43,38,9.9,6.9,5.4,0.7,1.1,3.8,0.431,0.283,0.654,21.7,13.0,0.557,-1.0,-0.1
Zion Parker,HOU,2020-21,24,22,21,19.5,14.4,4.0,6.1,1.5,0,2.5,0.418,0.325,0.91,17.2,18.9,0.502,-1.6,5.3
Tyrese Johnson,GSW,2020-21,32,26,0,16.4,11.3,5.0,1.7,0.7,0,2.6,0.42,0.374,0.729,20.9,19.4,0.511,1.5,1.9
Anthony Mitchell,BKN,2020-21,23,74,54,22.1,13.3,8.3,1.1,1.2,0.7,1.0,0.404,0.299,0.806,28.1,11.7,0.528,-2.8,3.3
Zion Allen,NYK,2020-21,20,22,2,24.1,11.7,2.0,0.2,0.9,1.3,1.5,0.528,0.324,0.813,24.7,9.2,0.628,1.1,7.3
Anthony Turner,LAC,2020-21,23,38,38,30.9,22.5,2.8,5.4,1.4,1.3,1.7,0.538,0.288,0.711,29.1,1.3,0.599,4.2,2.1
Jrue Brown,BKN,2020-21,24,55,54,29.1,2.4,0.7,0.2,0.8,1.1,2.4,0.472,0.375,0.765,21.8,13.7,0.491,0.5,5.0
CJ Murphy,LAL,2020-21,21,37,14,14.5,2,6.1,3.4,1.0,0.2,2.5,0.5,0.295,0.651,18.0,19.7,0.552,-4.8,3.7
Bam Murphy,POR,2020-21,22,48,5,24.9,14.1,1.6,2.3,1.6,1.5,2.3,0.49,0.397,0.901,29.6,4.4,0.622,-6.6,2.7
Julius Moore,BKN,2020-21,35,73,56,28.7,15.8,1.3,2.7,0.7,1.1,2.8,0.541,0.332,0.725,33.8,13.1,0.585,-1.1,-2.2
Ja Lopez,MEM,2020-21,34,80,40,26.2,12.8,6.9,0.2,1.0,1.1,0.8,0.476,0.311,0.842,28.0,13.1,0.642,-1.0,2.8
Darius Green,WAS,2020-21,27,65,60,30.6,19.8,5.7,9.4,1.3,1.7,1.3,0.402,0.284,0.913,21.6,11.7,0.628,-0.1,0.5
Andre White,BKN,2020-21,24,54,1,32.8,15.5,3.5,5.6,0.6,0.6,3.3,0.434,0.333,0.827,22.5,17.1,0.641,-2.9,2.4
Kyle Turner,SAS,2020-21,26,45,1,31.4,25.4,3.4,5.7,1.1,1.0,3.3,0.504,0.293,0.672,22.9,3.9,0.543,3.7,2.1
Brandon Edwards,DET,2020-21,23,57,57,23.6,23.1,9.3,5.0,0.5,0,2.7,0.47,0.299,0.825,17.9,15.7,0.553,-0.5,3.3
Andre Lopez,OKC,2020-21,22,36,34,29.5,19.6,10.1,1.1,1.4,0.4,3.6,0.55,0.386,0.818,26.0,16.6,0.532,3.6,2.5
Andre Parker,GSW,2020-21,23,70,27,22.7,14.9,10.0,5.8,2.1,0.2,2.2,0.499,0.38,0.767,15.6,13.7,0.594,1.6,1.1
Domantas Parker,TOR,2020-21,30,72,9,18.4,13.4,2.8,2.1,0.5,0.4,2.6,0.518,0.296,0.839,19.5,22.6,0.614,0.4,1.2
Devin Thompson,UTA,2020-21,27,62,48,14.1,6.8,1.2,2.4,1.4,0.9,2.1,0.473,0.368,0.851,15.0,19.9,0.57,4.0,-1.7
Zach Parker,DEN,2020-21,24,81,22,32.9,13.0,4.5,6.2,0.4,1.3,2.1,0.423,0.308,0.721,30.5,13.8,0.62,3.0,-0.1
Jalen Murphy,DEN,2020-21,22,32,28,24.8,4.0,2.8,5.6,1.5,0.9,4.0,0.406,0.305,0.694,26.0,11.4,0.595,-3.5,1.7
Zach Adams,TOR,2020-21,24,24,19,15.8,5.4,4.0,5.2,0.8,0.6,3.5,0.416,0.29,0.809,24.7,12.1,0.586,-4.9,2.0
Zion Thomas,CHI,2020-21,21,30,3,26.4,17.2,0.5,0.2,0.7,0.1,2.5,0.522,0.419,0.839,29.2,15.6,0.589,-4.1,0.9
Anthony Wilson,SAC,2020-21,29,73,67,29.7,6.0,5.4,4.5,1.2,0.2,1.1,0.543,0.291,0.709,20.3,14.3,0.521,1.2,-1.4
Malik Morris,ORL,2020-21,29,32,17,27.6,12.8,6.3,4.1,0.9,0.9,0.5,0.39,0.335,0.673,20.6,15.7,0.506,0.7,-0.7
Jayson Harris,MEM,2020-21,22,36,9,19.0,13.3,4.8,6.9,0.9,1.2,1.1,0.474,0.392,0.718,26.1,23.4,0.544,1.9,-0.3
Darius Davis,WAS,2020-21,31,45,30,32.2,19.9,3.6,2.3,1.3,0.6,1.0,0.4,0.413,0.682,21.5,13.4,0.54,-4.4,-2.3
DeMar Thompson,GSW,2020-21,28,66,13,16.6,6.0,6.4,0.2,0.9,0.3,3.0,0.524,0.352,0.698,34.2,12.9,0.54,2.6,-4.5
Zach Johnson,GSW,2020-21,25,63,32,29.7,4.8,4.4,3.1,0.1,0.7,1.6,0.422,0.283,0.902,22.2,15.0,0.623,-1.7,2.0
Jaylen Mitchell,DET,2020-21,23,25,6,5.3,21.8,7.4,5.2,1.8,0.7,2.3,0.442,0.349,0.888,17.3,15.3,0.582,0.3,2.1
Malik Taylor,MIL,2020-21,26,59,37,14.7,25.3,7.3,5.5,1.3,1.6,2.5,0.498,0.326,0.743,34.7,16.1,0.571,-4.7,1.6
Giannis Morris,IND,2020-21,29,47,2,29.5,4.2,3.0,6.7,1.1,0.7,1.9,0.49,0.324,0.805,25.9,8.6,0.482,-0.7,4.1
Domantas Mitchell,BKN,2020-21,30,25,1,31.6,16.8,6.6,2.4,0.7,0.8,3.0,0.426,0.337,0.749,23.0,15.4,0.528,3.8,-3.0
Jordan Williams,HOU,2021-22,19,35,34,32.7,9.1,2.3,2.5,0.3,0.3,3.2,0.421,0.293,0.851,28.2,12.7,0.615,1.6,1.4
Fred Mitchell,MIA,2021-22,35,75,67,27.6,9.3,0.5,1.1,1.0,0.2,1.7,0.4,0.329,0.736,26.7,19.3,0.546,0.3,5.0
Luka Brown,HOU,2021-22,19,64,32,30.0,15.5,5.1,9.6,1.4,0.6,1.2,0.414,0.368,0.82,24.1,14.7,0.563,-0.4,7.1
Anthony Brown,UTA,2021-22,22,74,29,21.3,16.9,6.4,1.4,1.1,0.9,0.8,0.496,0.402,0.677,32.5,15.6,0.523,0.3,1.7
DeAndre Nelson,SAC,2021-22,36,47,0,22.1,16.7,1.0,0.3,1.1,1.2,2.5,0.521,0.393,0.817,29.5,29.6,0.647,-6.4,2.0
Ja Martin,UTA,2021-22,22,35,3,33.3,18.2,3.5,2.9,1.2,0.2,1.5,0.416,0.417,0.669,34.9,14.7,0.578,-0.4,2.8
Darius Collins,LAL,2021-22,22,77,59,18.6,22.0,5.5,5.7,1.6,1.2,2.2,0.393,0.296,0.901,19.6,7.6,0.487,0.0,-3.7
Jalen Parker,CHA,2021-22,33,48,9,13.5,13.0,6.7,0.2,0.1,1.6,3.0,0.418,0.302,0.669,26.4,14.0,0.51,-3.4,1.1
Zion Stewart,GSW,2021-22,25,81,77,15.2,23.3,7.2,6.0,0,0,3.5,0.535,0.29,0.671,17.8,14.6,0.52,-3.5,0.2
Giannis Nelson,DEN,2021-22,23,28,17,13.6,12.5,0.5,1.7,1.5,0,2.2,0.428,0.363,0.755,21.4,18.1,0.61,-2.1,3.5
James Taylor,MIN,2021-22,21,65,65,21.0,4.2,5.0,0.2,1.3,0,2.8,0.467,0.322,0.79,17.1,17.3,0.569,2.7,-1.4
Domantas Moore,DAL,2021-22,24,81,17,28.2,14.5,9.6,3.7,1.0,1.0,0.5,0.494,0.348,0.708,32.4,6.1,0.622,-3.2,3.0
James Reed,DEN,2021-22,33,22,3,38,8.6,7.1,4.2,1.6,0.5,2.5,0.547,0.413,0.788,15.6,11.7,0.603,-0.7,2.8
CJ Jackson,ATL,2021-22,36,54,29,15.4,10.3,5.0,2.8,1.7,0,2.3,0.416,0.312,0.667,24.5,10.6,0.484,-1.7,1.6
Fred Harris,SAC,2021-22,20,77,45,26.4,14.9,4.2,4.6,1.7,0.2,3.8,0.411,0.332,0.835,20.3,12.5,0.613,0.3,4.8
Damian Turner,WAS,2021-22,28,82,6,23.1,8.8,4.9,0.8,1.6,1.4,2.6,0.437,0.344,0.794,22.6,15.7,0.555,-0.2,3.1
Domantas Young,MIN,2021-22,34,28,3,25.1,8.4,0.5,1.4,0.8,1.7,1.5,0.401,0.414,0.705,15.8,15.0,0.516,-2.1,3.4
Zach Morris,CLE,2021-22,29,31,3,33.6,13.0,2.5,0.8,1.4,0.9,2.2,0.419,0.406,0.693,27.0,14.5,0.508,0.9,0.1
Bam Davis,BOS,2021-22,23,67,8,27.4,18.2,5.0,3.2,1.0,0.6,3.4,0.541,0.287,0.73,27.1,9.0,0.49,7.2,1.8
Jayson White,WAS,2021-22,34,55,43,38,13.9,10.6,0.2,2.2,1.1,3.2,0.483,0.367,0.906,29.0,12.0,0.637,-1.6,1.5
Darius Mitchell,CHI,2021-22,30,40,33,21.0,17.7,7.2,5.2,1.5,0.3,3.2,0.487,0.38,0.781,25.6,18.5,0.617,-1.0,2.4
Shai Roberts,PHI,2021-22,23,70,10,33.2,20.7,3.9,2.4,1.3,0.2,1.5,0.541,0.375,0.822,19.2,13.6,0.492,-3.3,1.7
DeMar Campbell,LAL,2021-22,27,54,27,17.8,10.6,10.4,4.5,0.6,0.6,3.2,0.498,0.36,0.742,22.6,20.0,0.506,0.7,2.2
DeMar Morris,OKC,2021-22,29,31,9,9.9,12.3,0.8,1.7,1.3,0.9,1.9,0.447,0.294,0.835,22.1,11.4,0.554,-6.7,2.1
Fred Lopez,ATL,2021-22,24,47,4,25.4,3.9,6.0,4.7,0.5,0,0.3,0.411,0.373,0.867,17.5,10.8,0.536,5.8,-0.0
Luka Evans,SAS,2021-22,30,72,39,20.6,9.4,2.7,2.6,0.7,1.5,2.3,0.508,0.404,0.657,29.6,14.0,0.646,-2.3,0.9
Luka Jackson,PHX,2021-22,22,67,58,33.4,25.0,5.0,7.2,1.4,0.6,1.3,0.513,0.348,0.802,33.5,19.2,0.591,-1.2,5.7
Damian Murphy,ORL,2021-22,27,40,10,13.5,13.6,5.2,0.4,0.5,1.2,1.1,0.444,0.323,0.775,22.8,18.3,0.522,-5.3,5.8
Zion Moore,TOR,2021-22,32,24,16,34.4,21.5,4.7,0.2,1.4,0.2,2.6,0.417,0.313,0.738,23.0,12.7,0.509,5.3,-0.3
Ja Evans,PHI,2021-22,33,52,42,38,11.5,5.9,1.4,0.5,0.8,0.6,0.487,0.378,0.711,18.7,18.9,0.529,-1.5,-0.2
Ja Hill,CHI,2021-22,31,41,23,22.6,15.9,7.5,2.9,1.2,0,2.9,0.509,0.316,0.674,22.0,10.7,0.533,-1.4,3.9
Jordan Lopez,CHI,2021-22,27,45,5,30.2,21.7,7.5,3.9,0.6,0.1,2.9,0.501,0.282,0.65,19.3,9.5,0.604,1.9,-1.2
Andre Cook,MIL,2021-22,26,79,16,38,21.8,6.0,3.4,1.9,1.0,1.7,0.529,0.39,0.651,34.3,15.3,0.611,-1.2,2.8
Cade Phillips,PHX,2021-22,29,21,12,21.2,15.5,2.4,1.0,0,0.6,1.9,0.53,0.297,0.835,16.3,15.8,0.618,4.3,1.4
Darius Wilson,PHX,2021-22,35,48,4,32.7,3.9,1.6,4.1,1.6,1.7,2.4,0.382,0.35,0.702,21.7,16.6,0.644,-8.1,-2.1
Zion Campbell,PHI,2021-22,23,45,4,14.4,17.6,8.7,0.7,1.4,0.3,1.9,0.507,0.337,0.777,33.9,11.5,0.496,1.9,0.5
Zach Harris,ORL,2021-22,21,55,4,27.2,3.3,5.4,0.9,0.4,0.4,2.3,0.538,0.312,0.849,17.5,2.5,0.532,1.1,4.6
Bam Edwards,CHI,2021-22,26,30,11,18.5,15.9,4.6,3.6,1.7,0.6,0.3,0.547,0.342,0.758,27.2,16.1,0.489,2.7,1.7
Marcus Morris,WAS,2021-22,31,76,21,25.1,14.5,0.8,4.9,0.6,0.6,0.3,0.507,0.418,0.756,21.1,15.4,0.508,1.2,1.0
Giannis Mitchell,WAS,2021-22,28,66,59,33.9,13.5,0.5,8.2,0.5,0,1.0,0.469,0.406,0.69,17.4,14.3,0.496,5.3,0.7
Darius Reed,CHI,2021-22,25,74,57,34.3,14.6,4.8,4.9,1.0,0.8,1.3,0.493,0.376,0.837,24.6,5.7,0.508,-3.2,2.4
DeMar Williams,SAC,2021-22,36,30,5,9.4,9.7,3.4,5.7,1.3,0.3,0.3,0.466,0.362,0.906,31.4,2.9,0.63,-2.3,2.1
Anthony Murphy,TOR,2021-22,23,46,35,18.7,13.8,0.5,2.6,0.6,0.2,3.1,0.44,0.321,0.707,22.3,17.1,0.558,1.9,2.0
Damian Miller,LAL,2021-22,26,80,20,15.4,15.5,7.8,1.7,0.9,0,1.8,0.537,0.369,0.911,31.1,7.6,0.571,-6.3,-1.6
DeAndre Roberts,POR,2021-22,31,64,49,38,26.0,6.7,7.8,0.3,0.3,0.5,0.477,0.348,0.882,30.3,22.5,0.536,6.0,4.1
Pascal King,CHA,2021-22,23,41,22,27.9,10.2,1.4,1.8,0.2,1.5,4.1,0.408,0.378,0.658,33.9,10.7,0.619,-7.6,1.0
Bam Morris,WAS,2021-22,23,81,58,34.7,15.0,1.1,3.6,0.2,0.4,0.3,0.483,0.394,0.763,30.6,3.5,0.59,2.9,4.0
Cade White,POR,2021-22,28,58,56,13.4,11.5,6.4,8.3,0.2,0.7,1.8,0.444,0.342,0.851,33.6,13.9,0.548,-0.4,1.9
LaMelo King,HOU,2021-22,26,44,35,22.7,6.8,2.8,5.5,0,0.9,1.7,0.496,0.398,0.725,29.1,9.8,0.645,2.5,0.8
Ja Roberts,POR,2021-22,21,64,8,29.3,20.9,4.0,3.2,1.1,1.2,1.5,0.46,0.359,0.759,15.2,17.9,0.645,-2.7,1.7
Cade Taylor,PHI,2021-22,21,24,17,17.6,22.1,6.0,1.3,0.9,0,1.5,0.489,0.409,0.872,26.8,22.5,0.522,1.6,-1.2
Jordan Miller,MIA,2021-22,33,76,15,38,6.1,3.1,3.8,1.3,0.4,1.4,0.394,0.418,0.769,31.8,7.7,0.498,2.3,2.1
CJ Mitchell,LAC,2021-22,24,26,22,28.4,15.5,3.1,1.3,1.1,0.9,1.4,0.457,0.338,0.77,30.4,16.2,0.623,1.3,2.0
Donovan Lopez,PHX,2021-22,24,28,1,18.1,18.7,9.1,1.5,1.1,0.9,1.2,0.541,0.341,0.852,16.6,5.2,0.526,5.3,-0.2
Chris Cook,NYK,2021-22,20,39,31,36.3,20.1,7.0,0.2,1.6,0,2.5,0.382,0.287,0.771,31.9,8.4,0.509,1.4,2.7
Darius Johnson,TOR,2021-22,31,46,39,33.3,3.4,4.0,6.2,1.1,0.5,2.8,0.392,0.36,0.888,18.8,8.3,0.48,0.7,-0.5
Tyrese Reed,BOS,2021-22,22,63,8,26.9,15.5,0.7,0.2,1.4,0.8,1.4,0.475,0.281,0.819,31.6,6.9,0.491,-1.0,4.4
Tyrese Carter,MIL,2021-22,36,64,43,15.8,24.6,7.8,6.0,0.7,1.1,0.6,0.386,0.33,0.915,34.9,18.4,0.547,-0.5,4.3
Andre Campbell,LAC,2021-22,29,53,30,11.8,20.9,1.3,2.0,0.7,0.2,2.8,0.478,0.353,0.693,32.0,12.7,0.499,5.1,0.1
Jrue Parker,SAS,2021-22,24,47,36,28.3,11.5,3.0,5.9,1.1,1.0,2.1,0.484,0.413,0.778,15.7,15.5,0.543,0.1,3.8
CJ Anderson,POR,2021-22,36,22,16,24.2,19.5,3.2,4.9,1.4,1.1,1.1,0.506,0.345,0.659,18.0,10.1,0.528,-5.0,-2.2
Khris Young,HOU,2021-22,23,75,18,29.6,24.4,9.1,2.5,1.7,0.5,0.8,0.461,0.3,0.767,25.1,16.6,0.617,-0.8,0.6
Jaylen Parker,CHA,2021-22,20,22,8,36.6,9.2,3.0,3.6,0.6,0.8,1.7,0.507,0.31,0.892,28.3,13.1,0.6,-4.1,3.0
Joel Campbell,NYK,2021-22,29,42,30,30.9,14.8,6.6,4.7,1.3,0.9,4.3,0.496,0.402,0.917,30.8,6.0,0.546,-0.2,4.1
Giannis Harris,MIL,2021-22,26,33,27,18.0,17.2,9.9,6.5,1.0,0.9,0.9,0.39,0.33,0.895,16.5,19.8,0.611,-2.7,3.3
Tyrese Murphy,LAC,2021-22,26,37,4,23.9,9.1,3.9,0.2,0.9,0.6,2.0,0.541,0.366,0.859,16.0,8.6,0.596,-2.6,4.0
Julius Adams,CHA,2021-22,35,23,9,34.7,20.3,8.5,3.6,0.1,0.8,0.8,0.399,0.295,0.897,21.0,18.5,0.509,-3.5,-0.6
Bam Johnson,HOU,2021-22,20,42,18,29.0,16.9,0.5,4.9,1.2,0.8,1.6,0.454,0.363,0.917,15.1,17.4,0.515,-1.4,1.4
Nikola Wilson,PHI,2021-22,32,41,30,16.0,6.1,5.4,7.0,0.6,0.3,2.7,0.495,0.336,0.918,28.7,20.1,0.545,0.5,1.7
Fred Brown,UTA,2021-22,26,25,6,17.7,16.3,0.5,5.6,1.0,0.1,1.0,0.489,0.311,0.891,33.8,19.4,0.504,-1.8,1.7
Shai Thompson,ATL,2021-22,20,28,8,38,13.6,3.2,7.4,1.8,0,1.4,0.548,0.315,0.663,34.7,4.3,0.508,-5.0,4.8
Chris Wright,MEM,2021-22,32,32,32,27.6,22.3,3.5,5.5,1.4,0.9,2.3,0.442,0.384,0.869,15.3,14.8,0.508,-2.4,-0.8
Pascal Mitchell,TOR,2021-22,26,57,8,16.7,14.3,1.5,0.6,1.0,0,2.6,0.521,0.302,0.872,24.2,12.4,0.62,0.6,4.0
Jrue Nelson,PHX,2021-22,26,22,9,29.6,7.8,0.5,3.0,1.8,0.5,1.4,0.437,0.318,0.709,27.8,12.8,0.561,1.6,4.7
Trae Phillips,TOR,2021-22,22,42,12,17.9,7.2,5.6,2.3,0.5,0.8,0.7,0.435,0.378,0.794,21.7,10.3,0.567,2.9,7.4
DeMar Lopez,PHX,2021-22,23,24,6,26.1,13.0,8.0,1.5,2.0,0.9,3.6,0.504,0.344,0.662,19.0,14.9,0.548,1.0,1.6
Shai Thompson,CLE,2021-22,25,79,51,17.0,16.6,3.4,0.2,1.8,0.4,2.6,0.533,0.365,0.804,29.9,16.0,0.525,5.7,1.4
Jrue Allen,WAS,2021-22,23,21,20,28.2,19.0,1.5,3.6,0.7,0.4,2.7,0.502,0.413,0.87,16.0,20.4,0.629,2.1,-0.8
Malik Collins,UTA,2021-22,32,68,14,28.7,16.8,3.3,1.3,1.1,0.4,1.2,0.512,0.388,0.913,18.7,10.6,0.608,1.5,1.9
Damian Moore,MIL,2021-22,24,68,46,29.7,15.3,2.9,0.2,0,0,4.7,0.41,0.42,0.828,27.6,12.6,0.572,4.3,-1.7
CJ Hill,TOR,2021-22,26,36,2,33.7,21.3,7.4,4.6,1.2,0.7,1.9,0.546,0.399,0.831,24.8,13.6,0.548,-0.9,0.5
Bam Baker,CLE,2021-22,24,56,38,27.9,25.0,0.5,5.4,0.4,1.2,3.0,0.548,0.317,0.659,30.2,19.8,0.619,3.0,1.2
Joel Moore,CLE,2021-22,29,75,58,28.0,7.9,8.4,1.1,0.7,0.8,1.1,0.382,0.341,0.875,23.9,23.3,0.572,4.1,1.0
Damian Martin,GSW,2021-22,28,21,11,16.0,5.9,3.9,1.9,0.4,1.1,0.3,0.472,0.288,0.775,17.7,15.3,0.6,0.2,-1.6
Damian Collins,POR,2021-22,24,73,39,16.2,12.9,7.5,2.2,0,0.9,1.9,0.414,0.323,0.687,19.3,17.5,0.59,-2.1,4.2
Anthony Campbell,TOR,2021-22,30,36,29,17.1,17.7,11.7,0.7,0.7,0.9,1.6,0.524,0.38,0.911,23.4,10.8,0.487,-4.6,2.3
Marcus Davis,POR,2021-22,29,23,8,28.8,20.7,3.6,6.8,0,0.7,2.2,0.454,0.294,0.768,31.0,15.2,0.629,-1.5,-1.3
Shai Phillips,GSW,2021-22,28,70,69,22.7,16.7,6.2,1.1,1.0,0.7,2.6,0.434,0.413,0.743,17.8,15.2,0.545,-0.7,2.2
Jordan Stewart,CHA,2021-22,22,33,7,20.3,12.5,4.9,11.0,1.1,0.6,4.8,0.381,0.304,0.736,18.8,12.8,0.496,3.8,2.9
Joel Green,MIA,2021-22,29,57,41,24.6,12.9,7.2,2.4,2.1,0.1,3.8,0.406,0.372,0.864,21.7,15.7,0.574,-0.5,3.5
LaMelo Taylor,BKN,2021-22,31,53,19,23.9,8.7,8.2,4.9,0.9,1.5,2.5,0.546,0.317,0.764,15.4,9.6,0.515,7.3,0.5
Jalen Thomas,DEN,2021-22,24,72,0,29.6,9.9,4.5,2.0,0.9,0.2,3.0,0.452,0.32,0.663,20.6,12.1,0.629,1.8,4.3
Marcus Wilson,MIL,2021-22,19,72,8,18.3,9.4,4.1,0.2,1.2,0.7,2.7,0.439,0.311,0.714,17.6,13.7,0.501,-4.6,-0.5
Chris Wilson,WAS,2021-22,36,30,0,12.5,13.3,3.7,2.9,1.2,0.8,1.4,0.455,0.383,0.811,33.4,13.7,0.527,-0.7,0.6
Jayson Taylor,NOP,2021-22,35,75,70,20.8,12.0,0.7,2.4,1.1,0.5,2.6,0.419,0.406,0.795,23.1,10.7,0.499,-4.8,0.4
James Parker,UTA,2021-22,20,30,8,28.2,11.9,7.7,3.7,1.0,0.2,1.0,0.385,0.347,0.682,18.1,18.4,0.613,-1.7,0.4
Fred Thompson,NYK,2021-22,26,32,21,36.2,15.6,1.6,0.2,1.0,0.5,3.1,0.41,0.403,0.704,33.0,13.1,0.587,1.7,3.5
Zach Carter,GSW,2021-22,20,38,7,25.5,24.1,8.2,5.8,1.3,0.2,2.4,0.519,0.367,0.702,30.2,19.3,0.592,1.8,4.4
DeAndre Young,SAC,2021-22,31,76,45,27.7,10.5,0.5,5.9,1.1,0.2,1.0,0.458,0.291,0.679,34.9,9.3,0.484,-6.6,2.0
Jordan Edwards,HOU,2021-22,29,62,0,24.7,7.4,4.3,6.0,1.8,1.6,1.8,0.402,0.335,0.85,20.8,10.3,0.524,-5.2,-0.8
Jrue Hill,CHA,2021-22,24,31,28,24.2,4.6,8.3,4.6,0.8,0,2.2,0.426,0.333,0.777,17.4,16.9,0.613,3.6,1.7
Julius Turner,GSW,2021-22,23,56,33,34.7,4.4,6.1,7.5,1.0,0.9,2.9,0.433,0.406,0.713,26.5,19.3,0.556,-3.0,2.2
Kyle Hill,CHI,2021-22,26,20,6,24.0,18.2,10.0,0.8,1.2,0.7,0.8,0.423,0.404,0.68,29.5,12.9,0.575,-0.9,0.7
Andre Brown,GSW,2021-22,36,27,2,29.1,19.2,6.8,0.5,1.2,0.9,2.9,0.456,0.312,0.676,20.8,17.8,0.507,-4.6,2.1
Jrue Jackson,PHX,2021-22,33,44,30,24.6,17.3,7.9,4.3,0.9,0,2.7,0.407,0.346,0.776,22.7,20.7,0.591,-1.4,-1.0
Kevin Murphy,WAS,2021-22,23,47,33,21.2,15.2,1.4,1.8,1.3,1.0,2.7,0.419,0.369,0.889,22.6,16.9,0.647,3.6,-1.1
Nikola Anderson,BOS,2021-22,26,79,20,31.3,19.0,8.3,6.0,0.4,0.4,1.9,0.442,0.321,0.856,18.1,15.9,0.62,1.5,0.5
LaMelo Anderson,DEN,2021-22,24,31,15,29.9,23.1,6.9,0.2,1.5,0.5,3.0,0.397,0.355,0.815,26.3,17.1,0.648,1.7,3.3
Pascal Brown,PHI,2021-22,24,52,0,12.0,13.4,4.5,3.5,0.7,0.6,2.2,0.416,0.342,0.837,16.8,12.6,0.576,4.1,3.2
Donovan Brown,OKC,2021-22,30,53,18,36.4,16.5,5.9,6.3,1.2,1.0,3.1,0.446,0.343,0.748,18.5,18.3,0.615,1.5,0.6
Kyle Baker,IND,2021-22,23,39,37,22.0,8.1,3.3,1.5,0.7,0.9,2.4,0.517,0.416,0.772,19.9,19.7,0.519,3.3,-1.0
Giannis Evans,DET,2021-22,29,82,54,20.8,11.3,4.7,0.7,0.9,0.6,2.1,0.391,0.37,0.685,30.2,13.9,0.612,2.3,3.6
Jalen Thomas,MIL,2021-22,28,20,13,35.6,13.0,10.4,0.4,0.8,0.8,3.0,0.483,0.374,0.9,22.7,26.3,0.515,1.7,2.2
Marcus Evans,SAC,2021-22,25,21,0,22.1,14.5,7.3,7.8,1.3,0.8,1.7,0.383,0.315,0.903,17.5,9.1,0.537,-4.0,3.0
Ja Young,UTA,2021-22,22,23,3,32.0,7.8,3.4,5.8,1.4,0.4,1.5,0.522,0.3,0.676,31.1,22.7,0.543,0.9,1.4
Malik Brown,MIN,2021-22,33,54,17,25.9,2,9.4,3.4,1.4,1.0,2.7,0.438,0.354,0.757,27.4,14.7,0.609,-2.2,-0.1
Bam Campbell,SAC,2021-22,23,57,37,26.6,17.2,4.4,4.8,1.1,0.2,2.0,0.483,0.382,0.882,17.0,16.2,0.571,2.0,5.1
Tyrese Evans,POR,2021-22,33,50,23,25.3,6.0,5.3,1.0,0.7,1.1,2.1,0.495,0.297,0.744,31.5,6.2,0.543,-4.6,3.4
Damian Roberts,GSW,2021-22,31,35,11,25.0,20.0,3.6,0.2,1.4,0,3.2,0.515,0.345,0.717,19.9,5.3,0.519,-1.0,3.9
Brandon Parker,LAC,2021-22,32,81,73,33.1,8.7,0.5,8.3,1.3,0.1,0.7,0.4,0.357,0.846,18.5,17.2,0.535,0.8,0.0
Jayson Jackson,MIL,2021-22,20,39,26,17.4,13.4,3.7,4.4,0.7,0.8,1.5,0.418,0.336,0.832,21.2,10.5,0.483,-0.4,3.2
Ja Cook,DAL,2021-22,32,62,0,32.7,17.7,6.0,10.1,1.1,1.3,3.1,0.501,0.391,0.881,23.8,10.6,0.537,-6.6,2.7
Nikola Baker,SAS,2021-22,26,78,27,28.5,7.6,1.0,5.1,1.4,0.8,1.8,0.53,0.388,0.869,27.1,12.1,0.634,-2.4,0.7
Donovan Baker,MIN,2021-22,34,30,12,31.5,11.6,5.9,7.3,1.2,0.4,3.8,0.425,0.285,0.906,22.9,19.2,0.561,3.9,-0.5
Pascal Baker,UTA,2021-22,32,22,20,38,13.9,6.9,7.4,1.1,0,1.6,0.514,0.358,0.858,32.3,11.0,0.572,1.2,-1.7
Marcus White,MIL,2021-22,29,26,15,29.4,11.3,6.8,6.7,0.8,0.9,2.1,0.386,0.295,0.714,21.4,15.5,0.539,-0.2,3.1
Luka Allen,IND,2021-22,23,41,6,15.0,4.4,0.6,3.2,1.6,0.1,0.3,0.449,0.281,0.847,27.6,17.7,0.625,-1.0,3.8
Andre Baker,MIN,2021-22,26,34,28,18.3,2,11.5,3.3,0.5,1.3,1.7,0.508,0.372,0.67,16.0,8.0,0.551,-0.6,-0.6
Julius Edwards,CHI,2021-22,30,56,55,10.6,14.8,7.0,0.2,0.9,0,1.2,0.527,0.339,0.86,24.1,15.1,0.612,-0.5,4.0
Cade Miller,CLE,2021-22,31,33,5,19.0,15.5,5.9,6.4,1.6,0.6,1.4,0.401,0.357,0.815,17.7,12.4,0.59,-2.7,0.6
Trae Adams,HOU,2021-22,29,35,4,26.9,10.1,2.7,3.5,0.9,0,0.7,0.494,0.324,0.692,26.1,19.9,0.589,-0.0,1.4
Domantas Jackson,DET,2021-22,26,28,22,34.5,3.3,0.5,2.7,0.9,1.0,2.5,0.522,0.376,0.879,23.2,14.8,0.507,3.8,1.1
Zach Allen,IND,2021-22,23,51,34,22.3,6.3,7.5,0.7,0.7,0.4,1.6,0.526,0.416,0.89,16.4,12.4,0.543,0.8,3.7
Marcus Parker,TOR,2021-22,23,48,7,37.9,11.9,3.9,1.9,1.7,0.2,0.6,0.526,0.297,0.653,16.6,17.7,0.58,-0.2,0.5
Cade Hill,DET,2021-22,19,28,24,21.0,6.5,5.6,2.2,1.9,0.7,2.1,0.533,0.39,0.908,28.9,5.1,0.497,-0.6,2.3
Brandon Reed,MIA,2021-22,25,62,61,27.9,20.7,6.3,1.1,1.9,0.5,1.1,0.39,0.3,0.857,17.3,18.9,0.617,1.0,3.6
CJ King,PHI,2021-22,25,52,10,12.3,18.7,4.0,3.6,1.1,0.2,1.2,0.403,0.333,0.87,25.3,13.0,0.524,-2.8,0.8
Damian Green,MIL,2021-22,26,45,35,30.0,19.1,1.3,4.1,1.9,0.1,4.5,0.478,0.361,0.768,18.4,20.5,0.537,-1.9,5.9
LaMelo Campbell,ORL,2021-22,26,35,26,38,14.4,2.9,5.0,1.4,1.1,2.8,0.503,0.417,0.863,34.8,13.2,0.614,1.2,1.0
Malik Hill,DEN,2021-22,23,46,13,25.0,15.1,3.2,1.9,1.2,0.4,2.5,0.513,0.303,0.788,30.6,17.8,0.507,5.5,2.5
Tyrese Murphy,CHA,2021-22,34,59,8,37.5,8.0,4.5,4.7,0.7,0.6,1.6,0.498,0.284,0.66,17.1,17.9,0.581,-8.1,0.5
Jordan Mitchell,CLE,2021-22,27,25,1,27.9,7.7,5.5,7.8,1.9,0,4.0,0.394,0.333,0.736,18.7,15.1,0.538,-2.7,-1.8
Luka Murphy,ATL,2021-22,24,39,4,31.0,10.5,7.3,3.5,1.4,0.6,1.6,0.388,0.386,0.658,18.5,9.5,0.634,-4.5,1.5
Darius Edwards,CHA,2021-22,24,67,14,26.7,23.3,9.7,5.4,0.9,0.4,2.2,0.549,0.374,0.84,27.0,10.4,0.561,-1.2,4.8
Tyler Morris,DEN,2021-22,22,78,14,27.7,3.8,0.5,0.2,1.8,0,3.0,0.471,0.406,0.796,27.4,11.9,0.569,4.7,-1.9
Jrue Campbell,CHA,2021-22,21,22,0,21.1,2,6.3,4.6,0.4,0,0.4,0.38,0.343,0.837,24.6,28.2,0.592,-1.1,0.8
CJ Hill,WAS,2021-22,23,79,50,27.0,20.5,5.1,5.0,0.1,1.0,2.6,0.496,0.297,0.854,30.8,13.8,0.521,2.7,-0.2
Andre Phillips,SAC,2021-22,26,49,34,22.4,17.9,0.5,0.9,1.2,0.5,2.8,0.534,0.305,0.739,17.4,13.0,0.495,-1.0,0.7
Luka Cook,GSW,2021-22,28,39,39,19.3,8.7,5.5,6.3,1.6,0.9,1.6,0.446,0.308,0.751,23.4,23.4,0.508,2.1,3.3
Brandon Hill,ORL,2021-22,30,75,13,32.7,12.1,1.5,5.5,0.7,0.2,2.5,0.48,0.397,0.902,32.4,9.3,0.629,-4.1,-2.3
Shai Taylor,DAL,2021-22,26,26,14,35.5,24.1,2.4,3.4,0.5,0.6,0.5,0.399,0.397,0.896,17.2,13.1,0.612,3.5,2.0
Pascal Thompson,NOP,2021-22,23,74,22,14.7,17.8,2.4,8.0,2.3,0.8,2.6,0.421,0.405,0.906,35.0,9.8,0.593,5.5,3.8
Joel Campbell,BOS,2021-22,28,42,11,21.3,18.4,5.2,3.1,1.1,0.8,2.0,0.395,0.414,0.748,34.5,11.6,0.526,-1.6,-2.8
Chris Wilson,BOS,2021-22,23,71,43,32.1,13.6,6.1,2.1,1.3,0.4,1.7,0.508,0.292,0.885,15.3,8.7,0.533,-0.6,7.2
DeAndre Green,MEM,2021-22,33,53,46,24.8,13.2,6.2,2.6,0.4,0.7,2.8,0.412,0.331,0.672,29.4,18.1,0.492,-1.0,-0.7
Malik Evans,GSW,2021-22,30,22,4,22.1,18.8,11.2,5.0,0.8,0.6,1.4,0.518,0.296,0.839,29.0,13.9,0.647,1.9,0.4
LaMelo Jackson,LAC,2021-22,20,42,22,23.4,22.5,9.7,6.3,1.3,0.5,3.9,0.519,0.355,0.803,26.9,22.5,0.503,-4.2,1.2
Andre Cook,DEN,2021-22,25,57,25,16.9,24.6,4.1,2.4,1.5,0.7,3.6,0.5,0.409,0.679,29.8,11.9,0.634,-1.7,0.2
Kevin Carter,MIL,2021-22,22,29,2,19.9,16.1,4.3,1.3,0.7,0.9,3.7,0.481,0.345,0.827,32.1,16.4,0.55,4.8,1.2
Zion Davis,CHA,2021-22,22,63,55,19.5,13.7,2.3,0.2,1.8,0.1,0.3,0.39,0.338,0.751,31.6,22.9,0.51,1.4,2.1
Nikola Evans,GSW,2021-22,21,21,17,38,10.8,8.6,6.6,1.2,0.3,3.3,0.507,0.288,0.754,23.2,13.3,0.488,1.3,3.3
Bam Reed,OKC,2021-22,31,63,60,27.8,17.7,6.6,6.3,1.2,0.9,2.3,0.528,0.365,0.693,18.8,9.1,0.492,3.1,0.3
Jalen Young,NYK,2021-22,22,41,27,31.6,18.0,3.8,7.2,1.1,0.4,3.9,0.531,0.363,0.907,32.7,17.9,0.52,4.0,1.6
Damian Miller,PHI,2021-22,27,65,39,21.1,17.1,8.6,7.2,0.7,0.9,1.8,0.518,0.356,0.862,16.6,16.7,0.615,-3.5,1.2
Kyle Morris,UTA,2021-22,28,63,43,34.9,16.3,3.6,6.9,0.7,0.8,2.5,0.481,0.353,0.752,18.1,14.6,0.496,2.6,2.4
Donovan Taylor,SAS,2021-22,22,54,32,23.0,18.6,3.9,2.8,1.1,0.5,0.9,0.474,0.342,0.858,26.9,14.1,0.557,1.0,2.4
Tyrese Phillips,NOP,2021-22,24,30,27,27.8,24.9,5.2,3.6,1.4,0.1,2.1,0.537,0.411,0.851,27.0,10.6,0.597,0.1,3.1
Chris Young,MIL,2021-22,19,41,38,27.7,19.4,10.6,3.1,0.8,0.6,3.3,0.476,0.379,0.668,28.5,12.5,0.574,7.1,-0.4
Pascal Thompson,POR,2021-22,31,30,11,19.7,28.7,1.5,5.2,1.2,0.3,1.5,0.506,0.413,0.781,29.7,16.6,0.583,3.6,-0.1
DeMar White,MIN,2021-22,24,39,13,10.6,9.9,6.7,1.7,0.4,0.5,1.3,0.491,0.317,0.71,22.3,13.3,0.636,-2.3,3.3
Joel Thomas,PHX,2021-22,36,66,6,16.4,21.7,7.5,1.8,1.0,0.2,0.9,0.526,0.363,0.742,28.8,13.2,0.519,-2.1,-2.3
Chris Stewart,ATL,2021-22,29,25,6,15.5,20.0,2.9,6.0,0.7,1.1,3.0,0.418,0.357,0.711,30.3,13.4,0.526,-0.0,3.8
CJ Martin,SAC,2021-22,29,43,1,14.3,13.0,7.9,5.5,1.7,0,3.0,0.386,0.413,0.751,32.5,18.7,0.522,-1.9,1.8
Jalen Harris,LAC,2021-22,22,26,26,38,4.4,0.5,0.9,0.9,0.5,1.8,0.459,0.358,0.821,20.3,16.4,0.643,-0.6,-1.6
Giannis Phillips,LAC,2021-22,26,80,55,35.4,19.7,4.5,2.8,1.4,1.2,3.2,0.507,0.38,0.667,23.3,13.0,0.594,0.4,1.7
Jalen Baker,DEN,2021-22,34,76,43,30.5,13.4,0.5,7.5,1.6,0.5,3.2,0.444,0.321,0.888,29.6,7.8,0.529,0.8,2.1
Jaylen Williams,OKC,2021-22,36,24,9,23.1,12.9,3.6,3.2,1.0,0.4,3.2,0.389,0.403,0.817,29.6,14.4,0.527,5.8,-0.0
Joel Anderson,SAS,2021-22,24,57,17,18.6,14.8,3.4,0.2,1.1,1.2,4.5,0.393,0.351,0.866,34.0,22.0,0.524,-5.5,2.1
James Martin,IND,2021-22,27,41,22,32.5,15.2,0.5,2.5,0.8,1.0,0.5,0.409,0.299,0.661,27.7,11.8,0.532,-0.6,0.6
Jrue Campbell,HOU,2021-22,22,50,33,23.5,21.0,0.5,3.8,0.9,0,1.7,0.411,0.283,0.86,19.0,14.8,0.565,0.0,4.4
Nikola Phillips,NYK,2021-22,25,64,18,24.3,14.9,4.7,5.8,1.4,0.9,1.7,0.434,0.318,0.802,19.0,19.3,0.622,-1.4,-0.2
Jayson Green,WAS,2021-22,25,34,13,31.4,12.4,4.2,0.2,0.9,0.3,0.9,0.432,0.403,0.904,24.8,14.3,0.576,0.1,4.0
Jalen Morris,CHA,2021-22,27,23,4,18.8,12.0,2.5,4.4,1.6,0.4,3.3,0.527,0.419,0.807,22.8,11.7,0.614,-3.6,0.2
Zach Young,SAS,2021-22,27,26,5,28.7,15.6,4.1,2.3,1.8,0.6,0.7,0.549,0.362,0.806,27.0,14.9,0.606,-4.9,-0.1
Malik Wilson,DET,2021-22,29,22,6,27.9,12.8,5.0,5.8,1.7,1.5,1.9,0.41,0.331,0.744,19.2,15.2,0.536,-6.6,-0.9
Trae Miller,BKN,2021-22,34,82,13,23.6,12.4,4.4,1.9,1.3,0,3.4,0.472,0.335,0.901,17.2,14.0,0.492,1.9,1.8
Devin Turner,HOU,2021-22,27,32,20,32.5,17.1,9.3,3.0,1.4,0.3,2.1,0.441,0.287,0.794,21.2,10.3,0.556,-1.6,0.3
Jayson White,BKN,2021-22,23,59,11,23.3,22.0,4.2,4.0,1.0,1.7,3.1,0.533,0.393,0.658,17.5,8.1,0.526,-1.9,2.9
Shai Young,BOS,2021-22,21,59,39,27.2,10.4,2.2,4.8,1.0,0.3,1.6,0.443,0.371,0.794,24.3,3.4,0.64,0.6,-2.1
Giannis Thomas,ATL,2021-22,20,24,5,13.3,21.6,3.4,2.0,1.6,1.6,2.6,0.421,0.344,0.689,33.3,10.5,0.503,-1.1,3.5
Kevin Johnson,PHX,2021-22,35,69,54,27.2,18.1,4.7,3.3,2.0,1.0,2.6,0.5,0.39,0.878,23.9,17.1,0.591,-1.7,-1.2
CJ Wilson,WAS,2021-22,23,63,0,11.9,10.0,6.1,2.6,1.3,1.0,2.3,0.49,0.301,0.899,30.0,17.1,0.487,2.0,0.8
Pascal Jackson,DAL,2021-22,22,37,22,36.5,4.2,5.3,1.9,0.2,0.2,0.6,0.403,0.364,0.66,18.7,14.5,0.539,-4.1,0.9
Devin Mitchell,MIA,2021-22,33,31,6,32.3,18.2,0.5,2.3,1.5,0.6,2.3,0.438,0.353,0.884,29.2,18.7,0.629,4.6,2.0
Zion Parker,NOP,2021-22,23,72,69,28.6,14.7,4.4,1.1,1.0,0,2.3,0.433,0.419,0.754,29.4,17.6,0.525,2.0,3.5
Tyrese Johnson,ORL,2021-22,32,53,32,21.9,10.4,0.5,0.2,0.8,0.7,1.4,0.464,0.372,0.737,25.5,21.5,0.562,3.8,0.7
CJ Williams,PHX,2021-22,22,23,16,28.6,15.7,5.4,1.2,1.1,1.1,2.1,0.533,0.318,0.899,22.6,4.7,0.515,0.9,2.2
Anthony Mitchell,NOP,2021-22,23,73,44,36.0,14.3,6.8,3.4,2.2,0.9,1.4,0.412,0.307,0.81,34.6,23.1,0.512,-2.2,0.6
Zion Allen,DET,2021-22,23,68,63,19.4,17.5,6.8,3.3,1.6,0.6,1.7,0.517,0.362,0.864,18.1,7.1,0.532,-2.6,1.3
Anthony Turner,DET,2021-22,26,40,14,29.4,6.9,5.7,0.6,0.5,1.0,1.1,0.381,0.382,0.77,20.1,18.1,0.533,1.4,4.5
Jrue Brown,NOP,2021-22,26,75,65,20.0,7.2,4.7,1.3,0.9,0.9,2.8,0.418,0.317,0.683,20.4,9.3,0.529,5.5,4.5
CJ Murphy,MIA,2021-22,20,49,47,31.4,12.8,10.2,3.4,1.2,0.5,3.1,0.451,0.382,0.755,15.8,15.9,0.523,2.4,3.5
Bam Murphy,CLE,2021-22,22,34,9,29.0,15.6,5.1,2.5,0.6,1.8,5.7,0.457,0.305,0.755,24.5,14.4,0.59,-1.8,3.9
Julius Moore,BOS,2021-22,34,34,13,17.4,13.5,8.5,3.0,1.6,1.0,2.5,0.458,0.29,0.83,22.0,22.3,0.526,0.6,2.3
Ja Lopez,ATL,2021-22,35,65,43,24.6,6.2,9.4,0.2,0.6,1.1,2.1,0.484,0.345,0.759,25.1,18.5,0.531,-1.2,-0.1
DeAndre Jackson,DET,2021-22,22,32,4,13.0,8.4,6.5,6.1,1.0,0.3,0.8,0.381,0.344,0.773,17.6,17.5,0.598,1.8,2.3
Darius Green,OKC,2021-22,25,24,8,22.9,12.6,4.3,4.3,0.7,0.8,2.8,0.38,0.413,0.809,27.5,12.7,0.485,2.1,1.8
Andre White,LAL,2021-22,23,66,5,13.2,17.4,5.9,2.5,0.6,0.6,3.0,0.507,0.338,0.89,26.5,20.3,0.636,-4.5,0.7
Kyle Turner,NYK,2021-22,27,64,61,33.0,17.4,1.7,5.5,1.1,0.9,3.0,0.436,0.349,0.752,21.9,18.8,0.634,-0.8,-0.3
Brandon Edwards,PHX,2021-22,22,54,5,9.7,10.6,3.2,2.6,0.4,0.6,2.2,0.491,0.322,0.698,21.0,15.4,0.622,-2.0,1.5
Andre Lopez,IND,2021-22,26,62,48,25.6,14.5,9.2,5.3,0.9,0.9,2.0,0.524,0.342,0.748,16.2,15.4,0.52,-3.8,-0.1
Andre Parker,MIL,2021-22,25,34,16,17.5,13.5,4.6,0.2,1.2,0.6,2.0,0.529,0.404,0.879,19.6,16.4,0.568,-0.8,1.6
Domantas Parker,CLE,2021-22,31,73,41,22.2,12.8,5.2,3.4,1.3,0.4,3.7,0.44,0.316,0.908,34.9,23.9,0.536,5.8,3.0
Devin Thompson,DEN,2021-22,26,60,25,25.7,15.7,8.5,3.3,0.6,0.9,5.4,0.416,0.311,0.826,16.0,13.3,0.534,2.8,1.2
Zach Parker,SAC,2021-22,25,73,15,20.2,14.5,6.3,0.3,1.0,1.0,3.1,0.514,0.407,0.678,18.9,24.6,0.532,-4.1,2.6
Jayson Moore,UTA,2021-22,20,50,21,15.2,16.8,0.5,0.2,1.1,1.1,3.7,0.538,0.352,0.69,34.1,18.6,0.649,-1.3,2.8
Jalen Murphy,DAL,2021-22,22,76,20,34.8,22.0,3.9,3.6,0.4,0.7,2.0,0.406,0.321,0.791,17.5,11.8,0.556,-2.9,0.5
Zach Adams,PHX,2021-22,26,65,9,27.8,22.6,5.4,3.4,0.4,0.2,1.8,0.534,0.31,0.781,30.9,25.5,0.54,-2.6,3.5
Zion Thomas,CHI,2021-22,23,40,14,35.8,3.2,1.4,2.9,0.8,1.3,3.0,0.414,0.372,0.835,27.5,11.6,0.63,-3.3,-1.9
Anthony Wilson,CHI,2021-22,32,38,29,37.1,11.3,5.8,0.2,2.1,0.5,2.5,0.416,0.391,0.877,21.9,14.4,0.58,-2.0,1.1
Malik Morris,ATL,2021-22,29,50,28,22.6,11.6,0.9,4.7,0,0.4,1.4,0.446,0.367,0.83,26.8,23.8,0.607,1.8,-0.2
Jayson Harris,CHI,2021-22,22,36,6,14.5,17.2,7.2,5.1,1.3,0,1.6,0.448,0.332,0.771,25.2,18.0,0.533,-3.6,0.6
Darius Davis,DET,2021-22,33,56,45,16.7,18.8,3.2,7.3,1.2,0.4,2.7,0.406,0.412,0.886,20.4,17.5,0.57,3.8,2.3
DeMar Thompson,CHA,2021-22,27,72,31,37.7,11.7,7.8,0.2,1.4,1.0,3.3,0.518,0.288,0.842,29.0,18.0,0.501,4.5,-0.1
Giannis Wilson,CLE,2021-22,20,44,20,22.5,10.7,9.4,2.6,0,0.1,0.3,0.503,0.339,0.699,26.9,17.9,0.578,-4.1,1.2
Zach Johnson,ORL,2021-22,25,81,36,27.1,11.8,8.1,5.5,0.3,0,0.6,0.416,0.328,0.82,24.4,13.2,0.593,-0.0,2.4
Jaylen Mitchell,PHX,2021-22,24,61,28,13.8,10.5,5.3,3.1,1.5,0,4.0,0.46,0.313,0.691,26.9,18.9,0.557,3.0,4.4
Malik Taylor,LAL,2021-22,24,42,41,19.8,18.5,7.6,0.2,2.3,0.7,0.4,0.514,0.346,0.83,27.6,12.0,0.619,2.6,1.9
Giannis Morris,BOS,2021-22,31,24,18,7.0,15.5,10.3,3.9,1.7,0.6,1.2,0.42,0.408,0.806,33.8,18.5,0.624,0.8,6.0
Domantas Mitchell,SAC,2021-22,29,59,37,15.4,21.2,4.6,0.9,1.2,0.7,1.0,0.438,0.403,0.728,19.7,17.5,0.495,1.5,0.6
Jordan Williams,MIA,2022-23,20,32,21,14.7,12.4,10.2,2.9,0.5,1.1,1.6,0.406,0.311,0.664,20.0,11.9,0.587,-2.4,-2.1
Luka Brown,DET,2022-23,22,66,56,33.3,14.1,6.6,0.2,0.3,0.5,2.4,0.419,0.32,0.92,30.1,12.8,0.595,1.7,3.5
Anthony Brown,BKN,2022-23,24,23,17,32.0,24.1,5.0,3.7,0.6,0.4,1.9,0.549,0.295,0.741,25.6,19.5,0.559,-2.8,0.9
DeAndre Nelson,CHA,2022-23,36,38,19,5,11.1,6.0,2.8,1.5,0,2.4,0.514,0.286,0.69,26.2,13.1,0.649,5.8,2.2
Ja Martin,CLE,2022-23,23,42,13,25.1,17.5,4.5,4.7,0.7,1.1,1.1,0.422,0.317,0.669,23.9,14.5,0.512,-2.5,3.2
Darius Collins,SAC,2022-23,23,36,13,21.7,18.3,1.6,2.7,0.9,0.4,2.2,0.453,0.314,0.705,24.8,21.8,0.533,0.1,5.6
Jalen Parker,WAS,2022-23,31,63,60,18.0,12.5,5.3,6.3,1.2,0.1,3.6,0.544,0.336,0.676,21.8,18.8,0.519,-2.3,2.5
Zion Stewart,UTA,2022-23,27,50,10,18.2,16.7,6.7,5.5,0.7,0.9,2.5,0.521,0.342,0.707,31.4,15.0,0.648,-1.4,0.3
Giannis Nelson,CHI,2022-23,25,40,15,15.2,6.3,4.8,0.2,1.4,0.4,2.1,0.548,0.393,0.81,19.9,11.9,0.535,3.4,3.7
James Taylor,TOR,2022-23,23,60,35,21.8,24.9,5.0,1.3,0.9,0.8,1.7,0.477,0.324,0.73,18.6,14.2,0.58,-2.4,0.1
Domantas Moore,GSW,2022-23,24,45,43,35.5,8.7,3.1,5.0,0.6,0.4,1.8,0.546,0.41,0.88,30.5,16.2,0.616,0.7,2.6
Jaylen Baker,LAC,2022-23,20,28,9,17.9,16.5,6.7,2.3,1.9,0.2,2.4,0.5,0.336,0.82,28.8,12.8,0.504,2.6,4.7
James Reed,PHI,2022-23,36,24,6,17.1,27.3,3.6,5.4,1.5,0,3.1,0.435,0.375,0.726,18.6,10.7,0.568,6.7,-0.9
Brandon Miller,OKC,2022-23,19,64,60,13.8,16.7,1.8,3.8,1.4,0,1.9,0.516,0.298,0.912,33.6,13.4,0.58,0.8,7.3
CJ Jackson,MIN,2022-23,36,60,14,33.2,12.4,1.5,2.7,0.8,1.2,1.8,0.459,0.405,0.704,23.5,17.6,0.492,2.4,1.1
Fred Harris,SAC,2022-23,24,55,30,25.4,15.6,6.6,3.3,0.5,0.7,2.2,0.494,0.417,0.827,24.4,4.3,0.552,-0.4,0.7
Damian Turner,OKC,2022-23,29,78,52,36.7,17.9,4.8,0.2,1.4,0.6,1.9,0.507,0.3,0.785,16.7,11.3,0.65,-2.2,0.6
Domantas Young,IND,2022-23,38,23,20,38,15.7,3.3,4.2,0.8,0,2.6,0.442,0.413,0.849,25.1,13.6,0.496,2.1,3.5
Zach Morris,MIL,2022-23,28,37,23,24.4,9.7,0.8,4.1,1.0,0,2.2,0.39,0.285,0.706,28.9,9.2,0.494,-2.3,2.6
Bam Davis,LAC,2022-23,23,66,29,28.6,11.3,2.8,3.2,0.6,1.1,2.5,0.409,0.351,0.665,27.9,17.6,0.513,3.5,0.9
Jayson White,NOP,2022-23,35,66,48,28.5,16.3,1.1,5.5,0.9,0.8,1.1,0.53,0.397,0.723,22.9,18.8,0.53,0.8,1.5
Darius Mitchell,GSW,2022-23,28,82,27,27.8,17.0,3.9,1.2,1.6,0,1.3,0.544,0.417,0.901,17.9,17.6,0.5,1.3,-0.1
Shai Roberts,MIA,2022-23,24,59,8,21.1,22.5,6.2,5.7,1.0,1.3,0.8,0.508,0.355,0.688,19.7,17.7,0.639,-3.2,0.1
DeMar Campbell,UTA,2022-23,27,70,61,27.2,11.0,5.8,3.9,1.2,0.7,1.6,0.54,0.313,0.697,16.3,19.5,0.499,1.9,2.8
DeMar Morris,MIA,2022-23,28,74,8,34.2,8.0,6.3,3.3,1.7,0.7,1.9,0.538,0.401,0.706,15.1,17.4,0.601,-0.5,0.2
Fred Lopez,WAS,2022-23,24,43,5,25.0,15.8,4.0,1.0,0.8,1.1,1.7,0.439,0.311,0.84,20.2,15.3,0.586,-2.7,2.2
Luka Evans,MEM,2022-23,30,62,5,24.0,14.5,3.0,3.4,0.8,0.5,2.7,0.396,0.336,0.774,26.5,21.3,0.544,-0.4,-0.4
Luka Jackson,TOR,2022-23,22,82,22,23.4,18.3,8.5,6.1,1.5,0,0.6,0.428,0.305,0.701,23.6,22.1,0.566,-2.8,4.4
Zion Moore,POR,2022-23,35,25,0,20.7,11.2,6.7,3.6,0.7,0.8,1.8,0.469,0.402,0.725,28.4,16.6,0.481,-0.1,1.1
Ja Evans,MIN,2022-23,32,36,9,17.4,13.2,4.8,5.5,0.7,0.7,3.2,0.384,0.411,0.772,15.3,12.2,0.628,-1.1,4.0
Ja Hill,DAL,2022-23,33,69,50,29.1,20.4,5.2,2.3,0.6,0,2.4,0.5,0.302,0.696,15.6,10.4,0.621,1.3,4.7
Jordan Lopez,DET,2022-23,29,37,16,27.9,22.6,6.6,1.9,1.0,1.1,2.5,0.416,0.384,0.735,31.4,15.8,0.585,-3.9,1.5
Andre Cook,MIN,2022-23,28,74,5,27.0,23.2,7.1,1.7,1.6,0.9,1.3,0.498,0.415,0.866,25.2,19.2,0.496,-0.4,-1.3
Cade Phillips,NOP,2022-23,32,65,65,18.8,12.1,6.4,6.7,0.1,0.6,0.6,0.394,0.302,0.878,25.6,16.4,0.485,0.0,1.4
Darius Wilson,DEN,2022-23,37,75,19,27.4,13.9,4.9,8.3,1.4,0.6,2.5,0.457,0.415,0.735,16.5,7.6,0.546,6.1,0.1
Zach Harris,SAC,2022-23,21,29,28,28.6,9.5,8.4,8.4,2.4,0.7,2.9,0.419,0.314,0.728,22.0,17.8,0.598,-4.8,2.4
Jaylen Johnson,MEM,2022-23,20,53,4,19.3,12.6,0.8,0.2,1.8,0.6,1.4,0.425,0.409,0.793,25.4,17.3,0.6,2.3,0.0
Bam Edwards,BOS,2022-23,29,35,23,38,20.9,4.0,5.6,0.9,1.7,2.0,0.437,0.299,0.776,31.3,12.0,0.488,-0.9,1.9
Zion King,BKN,2022-23,20,29,10,36.9,14.0,5.5,0.2,0.5,1.0,3.5,0.442,0.314,0.749,25.8,9.2,0.571,3.3,-0.6
Marcus Morris,MIL,2022-23,31,59,53,16.4,17.7,0.9,1.8,1.6,1.0,1.6,0.499,0.302,0.673,27.4,10.5,0.621,-3.6,3.4
Giannis Mitchell,DET,2022-23,27,48,27,20.0,13.5,4.0,3.6,0.6,0.6,1.5,0.41,0.324,0.75,25.8,-0.4,0.487,-0.7,3.4
Trae Miller,MIA,2022-23,21,62,9,19.0,18.5,7.1,0.8,0.8,0.3,2.5,0.465,0.348,0.68,19.2,18.8,0.481,3.3,2.7
Darius Reed,SAS,2022-23,26,59,17,16.7,12.5,5.1,6.9,0.2,1.0,2.0,0.47,0.304,0.725,28.0,10.4,0.499,-0.7,1.6
Anthony Murphy,HOU,2022-23,22,75,57,13.0,18.5,4.8,2.8,0.9,1.4,1.5,0.522,0.307,0.876,31.8,17.2,0.493,-0.4,3.3
Damian Miller,CHI,2022-23,28,44,39,33.8,19.1,3.7,4.3,1.0,1.1,2.3,0.525,0.316,0.686,18.1,13.1,0.527,-0.8,1.7
DeAndre Roberts,PHX,2022-23,35,44,2,28.8,19.9,4.8,0.9,0.7,1.1,1.0,0.454,0.382,0.871,20.3,9.3,0.518,2.8,1.3
Pascal King,OKC,2022-23,25,53,52,25.5,9.5,0.5,0.2,1.1,0.6,3.2,0.441,0.355,0.666,21.8,14.6,0.647,-2.0,4.6
Bam Morris,SAS,2022-23,25,32,2,38,19.6,10.6,1.9,1.4,0.8,2.6,0.391,0.33,0.696,34.4,17.7,0.601,-2.1,-0.9
LaMelo King,LAL,2022-23,27,49,34,19.9,15.8,0.5,7.4,0.6,0.1,2.0,0.38,0.315,0.886,24.9,17.1,0.555,3.2,2.9
Ja Roberts,BKN,2022-23,20,54,40,19.8,19.6,2.3,3.1,0.6,1.0,4.2,0.408,0.419,0.655,20.5,8.4,0.622,-2.3,2.4
Cade Taylor,UTA,2022-23,23,67,49,32.9,22.6,6.4,5.0,1.6,0.9,2.4,0.427,0.419,0.833,22.1,11.7,0.56,1.1,2.5
Devin Murphy,SAS,2022-23,22,59,20,26.7,13.7,9.0,3.5,1.5,1.6,0.9,0.519,0.384,0.737,21.3,9.7,0.574,2.7,3.2
Jordan Miller,BKN,2022-23,33,22,17,19.8,15.2,4.9,2.8,1.9,0.6,0.3,0.436,0.398,0.7,34.8,11.1,0.583,2.1,1.4
CJ Mitchell,BKN,2022-23,25,54,44,37.5,8.8,2.6,2.0,0.7,0.6,1.0,0.48,0.31,0.665,22.1,13.3,0.633,-0.8,1.3
Donovan Lopez,DEN,2022-23,27,26,2,10.3,12.3,4.8,1.2,1.0,0.7,2.3,0.443,0.346,0.797,28.8,23.2,0.527,0.3,-0.2
Chris Cook,LAL,2022-23,23,30,10,24.5,14.1,6.1,5.4,0.5,1.2,5.4,0.434,0.41,0.882,28.1,16.3,0.571,2.0,3.4
Darius Johnson,DET,2022-23,33,73,43,23.2,11.0,1.2,3.0,1.6,0.4,1.0,0.529,0.39,0.74,30.1,11.9,0.619,4.0,0.4
Tyrese Reed,DET,2022-23,21,75,19,25.7,8.0,5.8,3.2,0.3,0.2,2.2,0.388,0.347,0.814,29.9,19.1,0.54,-0.2,0.7
Tyrese Carter,MIN,2022-23,36,34,16,29.9,12.5,4.3,3.2,0.8,0.3,2.8,0.41,0.305,0.892,24.7,18.0,0.647,0.1,1.5
Andre Campbell,ORL,2022-23,28,39,22,16.1,11.3,6.0,3.5,1.2,0.9,0.3,0.514,0.337,0.915,21.9,15.0,0.538,1.0,0.9
Shai Carter,CHI,2022-23,21,80,63,34.7,15.4,5.0,4.6,1.0,0.6,1.6,0.419,0.39,0.782,19.9,17.8,0.612,-2.6,0.7
Jrue Parker,MIA,2022-23,23,72,44,25.0,14.1,11.1,6.7,1.3,0,2.3,0.404,0.312,0.739,20.5,24.1,0.544,3.6,-4.0
CJ Anderson,PHX,2022-23,36,63,35,27.4,20.9,6.0,1.9,1.8,0.5,1.1,0.535,0.415,0.77,31.9,11.5,0.512,-2.2,0.5
Khris Young,ORL,2022-23,23,63,7,24.1,5.0,8.4,2.2,1.4,0.1,2.6,0.492,0.339,0.867,16.2,20.7,0.608,-4.3,3.6
Jaylen Parker,POR,2022-23,22,80,66,23.6,11.4,7.8,5.7,0.7,1.0,2.5,0.462,0.361,0.733,15.1,16.6,0.614,0.8,5.1
Joel Campbell,DET,2022-23,29,35,24,18.5,3.3,4.1,4.6,1.3,0.9,2.1,0.491,0.306,0.919,28.5,14.4,0.65,-2.5,1.7
Giannis Harris,NOP,2022-23,25,55,6,28.7,8.5,7.1,8.3,1.1,0,2.1,0.5,0.416,0.815,32.2,5.1,0.643,0.2,3.9
Tyrese Murphy,SAC,2022-23,28,73,50,21.1,35.0,6.7,2.7,1.2,1.0,2.4,0.426,0.326,0.79,20.4,18.5,0.511,-2.9,2.3
Julius Adams,DET,2022-23,35,42,10,27.0,6.9,6.5,1.6,0.8,1.0,2.4,0.468,0.367,0.775,18.5,6.7,0.612,0.6,0.1
Bam Johnson,CLE,2022-23,21,26,26,23.7,18.7,6.5,6.1,0.8,1.0,1.6,0.497,0.315,0.698,30.1,8.3,0.548,-1.7,2.2
Nikola Wilson,LAL,2022-23,34,69,38,17.8,14.5,7.4,3.9,0.8,1.3,3.0,0.524,0.341,0.679,30.9,15.0,0.5,-5.6,2.4
Shai Thompson,BOS,2022-23,22,72,12,22.9,12.0,7.8,1.6,0.5,0.3,3.6,0.401,0.384,0.828,29.6,14.3,0.618,3.9,0.6
Chris Wright,WAS,2022-23,34,27,14,24.5,16.8,4.9,2.1,1.0,0.6,2.2,0.384,0.294,0.852,30.9,13.9,0.481,-0.2,2.9
Pascal Mitchell,MIN,2022-23,25,48,24,24.3,11.1,8.1,2.1,1.1,0,2.8,0.501,0.38,0.911,26.1,17.9,0.505,-0.4,2.2
Jrue Nelson,POR,2022-23,26,72,31,22.2,18.6,5.9,0.2,1.0,2.2,2.9,0.502,0.305,0.724,28.4,10.5,0.614,0.7,3.1
Trae Phillips,MIL,2022-23,25,58,46,16.5,11.6,3.3,3.8,0.8,0.4,0.3,0.493,0.388,0.897,21.0,8.5,0.587,-4.6,1.5
DeMar Lopez,MEM,2022-23,25,38,17,33.4,16.8,2.3,4.7,0.1,0.5,2.2,0.493,0.336,0.706,21.8,13.8,0.629,0.3,-1.4
Shai Thompson,OKC,2022-23,26,31,8,13.3,6.0,0.6,5.2,1.0,1.1,2.7,0.538,0.365,0.781,33.2,11.7,0.62,2.3,-1.8
Jrue Allen,WAS,2022-23,23,53,10,29.6,15.5,5.6,6.3,0.7,0.4,2.9,0.399,0.354,0.664,27.0,17.7,0.549,1.0,1.1
Malik Collins,DEN,2022-23,34,35,21,11.6,13.9,6.2,1.9,1.1,0.3,3.2,0.393,0.322,0.919,34.8,20.0,0.514,3.4,1.4
Damian Moore,BOS,2022-23,22,34,32,34.4,2,5.8,4.0,1.6,1.0,2.4,0.425,0.365,0.877,23.1,14.2,0.559,1.4,-2.5
CJ Hill,SAC,2022-23,27,77,55,19.2,23.6,3.2,2.0,2.5,0.5,1.7,0.425,0.35,0.885,28.5,21.0,0.64,-4.6,3.4
Bam Baker,TOR,2022-23,23,21,0,31.5,23.7,11.3,0.2,1.0,1.1,2.5,0.456,0.325,0.855,23.9,14.4,0.607,-0.4,-0.9
Joel Moore,BOS,2022-23,29,29,5,23.5,13.4,8.5,1.8,1.0,1.2,2.7,0.409,0.311,0.873,33.0,14.0,0.494,8.1,3.9
Damian Martin,CLE,2022-23,32,43,12,23.4,14.5,1.6,5.8,1.2,0.8,2.0,0.425,0.338,0.879,21.8,17.9,0.605,3.7,-0.4
Damian Collins,UTA,2022-23,26,66,46,28.7,10.3,4.0,5.2,0.3,0,2.6,0.506,0.285,0.715,26.7,12.4,0.488,2.2,-2.4
Jalen Miller,TOR,2022-23,22,73,21,29.7,16.7,2.8,1.5,1.0,0.1,2.9,0.41,0.367,0.716,33.0,11.8,0.568,-3.6,3.9
Anthony Campbell,MIA,2022-23,30,38,26,26.4,2,4.1,6.2,1.6,0.8,0.6,0.458,0.289,0.713,34.1,20.1,0.633,-2.0,5.2
Marcus Davis,IND,2022-23,29,56,15,15.4,22.1,5.1,0.2,0.6,1.0,0.3,0.428,0.359,0.796,34.1,15.2,0.484,3.2,4.7
Shai Phillips,UTA,2022-23,27,47,36,12.7,12.5,6.8,4.6,1.4,1.1,2.6,0.405,0.391,0.688,16.3,15.7,0.533,3.8,-0.0
Jordan Stewart,BOS,2022-23,23,57,20,27.2,19.0,7.4,0.2,1.0,0.2,1.5,0.507,0.325,0.722,29.9,11.4,0.488,-0.2,-0.7
Joel Green,PHX,2022-23,31,69,38,24.7,21.7,11.2,4.8,0.2,1.5,2.7,0.479,0.378,0.733,16.0,7.4,0.541,-2.2,-2.2
LaMelo Taylor,MIA,2022-23,33,41,21,22.9,11.1,5.5,1.4,0.7,0,0.6,0.48,0.283,0.756,29.0,16.4,0.624,6.1,-2.3
Jalen Thomas,DAL,2022-23,24,57,54,20.7,15.1,6.0,0.2,1.8,0.4,1.4,0.54,0.287,0.656,17.0,16.9,0.567,-3.3,2.0
Marcus Wilson,CHI,2022-23,23,23,2,8.7,19.1,8.1,5.8,1.6,0.1,2.1,0.52,0.318,0.678,29.9,17.1,0.621,-0.6,4.0
Chris Wilson,HOU,2022-23,36,27,23,36.3,5.8,6.3,0.5,0,1.2,2.4,0.41,0.357,0.873,28.9,18.6,0.597,-0.3,-0.6
Jayson Taylor,BOS,2022-23,35,66,30,38,11.9,5.3,3.1,1.3,0.2,1.2,0.393,0.34,0.896,25.2,23.9,0.541,-1.8,3.5
Jalen Anderson,PHX,2022-23,22,27,7,19.4,24.1,9.2,0.2,1.3,0,2.2,0.427,0.316,0.84,16.6,3.0,0.619,-0.6,2.3
James Parker,IND,2022-23,21,55,27,25.6,3.9,5.5,2.0,0.7,0.7,1.9,0.423,0.412,0.83,32.3,15.8,0.576,-0.4,2.9
Fred Thompson,DET,2022-23,27,22,6,11.3,15.7,5.9,4.9,0,0.1,3.4,0.438,0.412,0.784,17.6,18.9,0.603,1.3,2.6
Zach Carter,NOP,2022-23,24,31,25,18.3,12.3,7.6,2.2,0.9,0.1,0.4,0.534,0.322,0.653,26.0,18.9,0.593,1.9,3.2
DeAndre Young,TOR,2022-23,31,49,16,19.4,7.5,5.5,3.6,1.8,0.6,2.6,0.383,0.317,0.698,24.4,15.9,0.485,0.5,3.9
Jordan Edwards,PHX,2022-23,29,50,45,36.8,16.7,3.5,0.2,1.3,0.5,0.9,0.432,0.339,0.842,15.7,13.5,0.565,1.3,1.9
Khris Thomas,BKN,2022-23,22,58,52,22.1,21.2,1.8,4.8,1.4,0.8,1.8,0.382,0.395,0.714,21.4,13.5,0.512,-0.9,2.6
Brandon Phillips,CHA,2022-23,21,44,43,13.9,13.7,6.1,0.2,1.1,0.9,2.7,0.402,0.384,0.823,27.9,11.2,0.561,-0.0,1.6
Jrue Hill,ORL,2022-23,24,34,1,12.0,10.6,10.4,1.7,1.2,0,0.3,0.436,0.29,0.682,26.7,12.0,0.521,1.0,2.7
Julius Turner,SAC,2022-23,24,30,26,30.1,16.0,5.9,5.6,0.9,0.6,1.5,0.386,0.379,0.679,26.9,16.7,0.612,1.8,0.5
Kyle Hill,MIN,2022-23,27,54,14,22.4,10.5,5.2,1.0,1.6,0.4,3.8,0.432,0.341,0.666,17.7,15.0,0.582,0.4,1.1
Jrue Jackson,CLE,2022-23,34,66,20,28.7,24.7,7.1,7.8,1.7,0.8,2.5,0.483,0.388,0.743,17.7,18.9,0.609,-2.5,1.0
Kevin Murphy,MEM,2022-23,22,40,5,26.4,16.0,6.0,3.2,0,0.5,1.5,0.43,0.327,0.693,29.7,19.4,0.622,1.2,-0.9
LaMelo Anderson,CLE,2022-23,22,21,2,10.6,24.9,2.8,0.2,0.6,0,1.7,0.479,0.288,0.693,21.6,15.1,0.51,-3.5,4.1
Jalen Green,CHA,2022-23,19,81,36,28.0,12.4,2.4,1.2,1.2,0.6,2.6,0.46,0.379,0.786,31.7,9.2,0.486,-1.9,-0.5
Pascal Brown,NOP,2022-23,25,40,12,24.5,2,8.3,6.8,0.8,1.0,1.6,0.504,0.403,0.717,29.3,19.1,0.55,-0.8,-1.0
Donovan Brown,LAL,2022-23,32,24,13,18.6,5.5,4.9,5.4,0.8,0.6,3.2,0.39,0.304,0.905,29.3,16.0,0.589,0.7,1.0
Kyle Baker,SAC,2022-23,23,67,61,10.3,9.5,7.5,5.2,1.0,0,1.4,0.445,0.342,0.69,34.4,10.2,0.529,4.4,0.8
Giannis Evans,ORL,2022-23,29,58,27,27.6,17.8,6.8,5.1,0.9,0.3,0.7,0.432,0.293,0.699,32.6,9.0,0.574,-0.9,0.3
Jalen Thomas,SAC,2022-23,27,41,12,20.5,9.2,1.3,4.5,1.0,1.0,2.1,0.445,0.296,0.82,21.9,16.6,0.634,-5.9,-0.6
Marcus Evans,OKC,2022-23,27,79,77,32.3,26.2,5.7,3.9,1.4,0.7,1.9,0.412,0.35,0.672,18.6,9.6,0.609,-2.7,2.8
Ja Young,MIL,2022-23,21,60,26,34.1,21.6,4.6,1.0,1.6,0.8,2.2,0.42,0.403,0.854,23.6,28.5,0.573,-0.6,3.9
Bam Campbell,MEM,2022-23,25,64,1,25.5,19.2,9.5,4.5,1.5,1.5,2.6,0.427,0.341,0.774,17.6,9.8,0.601,0.9,-0.1
Tyrese Evans,MIA,2022-23,32,49,0,29.8,16.9,7.6,0.3,1.0,0.1,1.7,0.546,0.372,0.909,34.7,21.1,0.569,1.5,1.9
Damian Roberts,ATL,2022-23,31,20,0,19.8,18.1,0.5,2.4,1.6,1.3,1.5,0.532,0.309,0.741,17.3,12.7,0.579,-0.1,2.6
Brandon Parker,ATL,2022-23,35,37,29,15.6,5.6,6.3,5.3,1.3,0.8,3.3,0.421,0.332,0.688,27.5,17.0,0.56,4.3,-0.6
Jayson Jackson,IND,2022-23,24,79,37,29.2,12.9,0.8,2.3,0.3,0,1.9,0.498,0.415,0.737,30.4,11.1,0.493,3.3,-1.5
Donovan Baker,LAL,2022-23,34,75,73,12.9,2.3,3.0,5.9,0.9,0.3,2.9,0.479,0.373,0.917,22.5,16.3,0.576,0.4,0.6
Pascal Baker,MIL,2022-23,33,38,9,34.1,22.3,5.9,4.7,1.3,0,1.6,0.528,0.342,0.765,19.0,16.7,0.569,-2.6,2.1
Marcus White,LAL,2022-23,28,61,18,24.5,14.9,8.0,6.7,0.8,1.9,2.3,0.435,0.361,0.736,24.6,5.4,0.583,1.1,2.7
Luka Allen,POR,2022-23,23,72,32,36.5,17.9,3.4,1.6,1.0,1.0,3.7,0.517,0.41,0.785,34.8,17.4,0.63,-2.5,-2.5
Andre Baker,PHI,2022-23,28,42,2,30.3,2,6.0,6.7,1.7,0.1,1.3,0.479,0.407,0.878,29.8,12.8,0.578,-2.5,1.6
Julius Edwards,LAL,2022-23,32,21,0,15.7,15.4,3.3,5.7,1.0,0.3,3.3,0.493,0.387,0.888,20.0,13.5,0.637,2.6,1.7
Cade Miller,PHI,2022-23,32,78,10,27.7,12.8,11.0,0.2,0.9,1.5,1.1,0.382,0.358,0.704,15.4,10.6,0.532,0.9,3.5
Trae Adams,DAL,2022-23,28,50,3,19.1,15.4,7.4,2.1,0.9,1.7,2.3,0.458,0.327,0.905,32.4,12.4,0.533,1.1,0.4
Domantas Jackson,PHX,2022-23,26,77,13,18.2,18.9,3.3,8.1,1.9,0,1.1,0.403,0.334,0.882,26.8,14.8,0.527,1.8,1.5
Zach Allen,HOU,2022-23,26,81,79,24.5,20.1,2.3,2.9,1.2,0.9,2.7,0.461,0.307,0.911,17.8,19.7,0.614,-0.1,-1.3
Marcus Parker,SAS,2022-23,23,45,44,26.1,15.2,9.7,3.0,1.8,0.4,3.7,0.398,0.386,0.672,34.6,13.9,0.609,-2.9,-0.2
Cade Hill,ORL,2022-23,20,26,15,28.1,9.1,3.0,0.2,2.0,0.5,0.8,0.545,0.362,0.735,33.6,21.6,0.514,-2.9,3.0
Cade Harris,POR,2022-23,19,45,24,21.0,10.6,9.0,0.2,1.4,0.8,1.2,0.528,0.399,0.865,17.4,19.3,0.644,1.4,0.8
Brandon Reed,MEM,2022-23,25,59,38,28.0,14.2,10.6,8.2,0,0,3.1,0.511,0.295,0.819,24.5,14.9,0.639,1.7,3.2
CJ King,SAS,2022-23,25,47,42,24.0,13.9,4.4,2.3,0.8,0.6,1.9,0.529,0.342,0.846,33.5,12.7,0.501,-5.9,-0.3
Damian Green,UTA,2022-23,27,36,25,28.5,22.8,8.6,3.0,1.9,0.5,2.5,0.506,0.381,0.687,27.2,11.1,0.559,0.3,0.8
LaMelo Campbell,LAC,2022-23,27,75,16,22.5,18.4,3.5,5.6,1.5,0.5,1.2,0.478,0.39,0.729,28.8,21.1,0.605,1.4,-0.2
Malik Hill,LAL,2022-23,24,59,51,33.5,17.5,3.8,1.8,0.4,0,1.1,0.412,0.393,0.871,32.0,13.0,0.587,-3.6,1.0
Tyrese Murphy,CHA,2022-23,33,22,17,24.4,12.2,4.8,0.3,0.7,0.7,1.2,0.38,0.336,0.873,17.8,20.9,0.542,1.7,-0.3
Jordan Mitchell,IND,2022-23,27,81,34,28.8,11.0,2.6,2.7,0.8,0.5,0.4,0.4,0.402,0.774,22.0,2.0,0.535,3.2,2.6
Luka Murphy,MIL,2022-23,26,75,8,28.2,5.3,4.7,3.4,0.1,0.6,1.7,0.522,0.3,0.834,17.5,20.0,0.488,1.4,-1.5
Darius Edwards,LAC,2022-23,24,50,4,38,4.0,3.7,2.0,0.5,0.2,0.4,0.409,0.28,0.747,16.9,17.4,0.637,-0.4,5.3
Tyler Morris,GSW,2022-23,23,27,5,26.9,9.3,5.8,5.7,0.1,0,2.7,0.546,0.359,0.79,23.3,13.1,0.524,-3.1,-0.2
Jrue Campbell,SAC,2022-23,23,33,13,21.7,20.6,10.7,4.8,1.6,0.4,1.1,0.402,0.332,0.704,17.4,13.6,0.609,0.4,5.1
CJ Hill,NOP,2022-23,22,74,39,34.6,11.3,1.0,9.5,0.9,0.8,3.3,0.442,0.286,0.679,30.4,16.1,0.506,-0.9,0.5
Andre Phillips,PHI,2022-23,26,58,23,35.1,16.2,3.5,5.0,1.4,0.7,2.0,0.505,0.382,0.75,25.0,15.0,0.609,-4.0,-0.0
Brandon Hill,GSW,2022-23,29,78,41,21.0,13.7,1.5,5.0,1.0,1.0,2.0,0.527,0.353,0.894,21.3,13.2,0.504,2.1,2.8
Shai Taylor,SAS,2022-23,27,35,7,13.1,25.1,6.0,0.7,0.3,0.4,2.5,0.445,0.369,0.744,21.0,13.2,0.522,-5.7,2.3
Pascal Thompson,UTA,2022-23,23,29,4,23.8,8.0,4.8,4.7,0.4,1.1,2.1,0.417,0.34,0.862,28.3,15.3,0.516,-0.9,1.9
Chris Wilson,ATL,2022-23,24,72,36,15.1,17.3,3.2,0.7,0.7,1.2,1.6,0.383,0.33,0.823,16.8,20.2,0.635,10.7,0.1
DeAndre Green,MIN,2022-23,37,37,14,24.4,16.6,8.3,0.2,1.1,1.5,2.6,0.466,0.352,0.828,17.2,22.5,0.62,1.0,2.6
Malik Evans,TOR,2022-23,30,57,45,36.2,14.7,7.9,7.9,1.1,1.0,2.2,0.535,0.316,0.805,29.0,14.7,0.51,0.3,4.0
LaMelo Jackson,TOR,2022-23,20,38,16,27.8,25.8,3.6,1.6,1.0,0.1,2.6,0.476,0.413,0.848,18.8,23.1,0.482,1.1,4.0
Andre Cook,TOR,2022-23,24,51,43,30.1,6.8,5.8,1.4,0.2,0,3.2,0.497,0.282,0.877,23.5,17.7,0.527,-1.8,0.4
Kevin Carter,GSW,2022-23,25,36,5,14.7,12.2,1.4,2.7,0.4,0.3,3.5,0.474,0.381,0.775,29.8,15.1,0.52,-0.7,1.9
Zion Davis,OKC,2022-23,23,37,6,19.6,7.6,5.3,1.7,1.5,0.4,3.5,0.393,0.313,0.806,29.9,7.2,0.6,-3.3,-0.6
Nikola Evans,OKC,2022-23,21,46,37,10.2,10.1,2.1,6.4,0.3,0.3,0.8,0.398,0.335,0.812,19.8,16.5,0.557,2.5,1.1
Bam Reed,OKC,2022-23,34,20,0,30.8,20.9,4.5,0.2,1.4,0.4,3.4,0.472,0.381,0.711,25.8,4.8,0.534,-1.2,7.3
Jalen Young,NOP,2022-23,24,68,19,21.3,12.3,1.2,4.2,0.6,0.2,4.1,0.479,0.369,0.866,25.2,12.3,0.496,-0.2,3.0
Donovan Taylor,IND,2022-23,23,28,5,35.9,21.5,4.2,3.6,1.2,0,1.1,0.468,0.378,0.685,30.9,22.2,0.525,3.7,2.7
Andre Anderson,HOU,2022-23,20,24,4,28.1,7.7,5.9,1.2,0.7,0.2,3.3,0.501,0.392,0.842,26.1,15.4,0.573,-3.6,0.6
Tyrese Phillips,LAC,2022-23,22,42,7,24.4,20.4,5.5,5.3,0.8,1.1,2.0,0.402,0.397,0.828,29.1,12.3,0.531,-2.3,-0.5
Chris Young,CHA,2022-23,20,60,21,15.1,13.9,0.5,2.8,0.9,1.1,1.3,0.408,0.398,0.735,21.3,13.6,0.511,-1.7,1.1
Fred Martin,DET,2022-23,22,42,33,26.5,20.5,5.0,2.8,1.7,0.5,1.7,0.46,0.281,0.755,29.4,14.1,0.58,-1.6,0.8
Pascal Thompson,LAL,2022-23,30,22,2,15.4,12.9,7.6,2.3,0.3,1.0,5.2,0.481,0.295,0.875,29.9,23.5,0.606,1.4,-1.1
DeMar White,MIL,2022-23,25,42,11,26.0,11.1,4.2,0.2,0.8,0.4,3.2,0.412,0.329,0.758,23.5,14.5,0.495,-2.1,3.6
Chris Stewart,BOS,2022-23,30,78,49,28.5,3.0,3.5,3.7,2.5,0,1.9,0.442,0.295,0.742,16.7,9.7,0.557,0.9,2.5
Jalen Harris,CHA,2022-23,22,52,10,20.7,14.8,4.8,1.8,0.6,0.7,5.2,0.55,0.325,0.74,30.2,12.5,0.514,-1.4,4.4
Giannis Phillips,CHI,2022-23,27,78,19,22.3,14.7,1.2,2.2,0.4,1.3,2.6,0.383,0.373,0.826,27.8,16.9,0.501,-3.0,3.9
Jalen Baker,ORL,2022-23,33,45,28,9.3,4.2,4.8,7.7,1.8,0.5,1.0,0.414,0.303,0.87,16.2,19.2,0.574,2.4,3.2
LaMelo Allen,UTA,2022-23,20,61,2,36.9,6.6,6.1,4.3,1.0,0.5,0.9,0.451,0.375,0.651,20.6,13.5,0.645,-1.2,2.3
Joel Anderson,MIN,2022-23,24,40,17,23.5,14.2,4.8,0.2,0.1,0.6,3.1,0.421,0.317,0.861,20.1,18.5,0.495,-4.8,2.2
James Martin,POR,2022-23,28,29,14,33.8,19.3,5.5,4.2,0.3,0.6,1.0,0.464,0.293,0.683,34.9,24.5,0.497,-4.3,-0.9
Jrue Campbell,MIA,2022-23,24,66,38,19.1,6.9,2.7,0.5,1.1,0.5,1.4,0.538,0.309,0.797,15.5,24.1,0.576,-4.1,2.3
Nikola Phillips,POR,2022-23,28,24,23,16.1,20.0,5.0,0.2,1.1,0.3,2.3,0.423,0.387,0.692,18.4,10.3,0.512,0.4,3.5
Jalen Morris,LAL,2022-23,30,58,27,28.7,15.5,4.6,2.6,0.6,0.5,1.8,0.546,0.291,0.89,31.9,8.0,0.594,2.1,1.7
Zach Young,BKN,2022-23,26,67,36,31.6,7.6,0.5,2.9,1.0,1.5,1.3,0.51,0.395,0.894,15.9,12.2,0.509,6.6,1.3
Malik Wilson,BKN,2022-23,28,54,42,20.6,8.1,5.7,3.0,1.3,0.5,3.5,0.488,0.415,0.74,17.1,15.8,0.581,0.6,2.8
Trae Miller,NOP,2022-23,33,58,41,22.5,13.4,0.5,2.7,1.3,0.1,3.0,0.514,0.299,0.887,34.2,22.9,0.523,-1.4,8.0
Devin Turner,WAS,2022-23,30,70,35,20.0,18.6,2.1,2.9,0.1,0.8,2.3,0.454,0.399,0.776,22.2,17.0,0.65,-3.5,-1.3
Jayson White,MIA,2022-23,23,80,4,33.8,14.0,10.4,5.2,1.1,0.8,2.6,0.483,0.41,0.722,17.4,14.0,0.583,-4.8,-0.7
Shai Young,MEM,2022-23,24,43,27,22.7,10.5,3.6,4.9,1.2,0.9,1.8,0.439,0.358,0.786,32.9,15.8,0.579,-2.8,3.5
Giannis Thomas,IND,2022-23,23,48,31,16.9,15.2,8.0,7.1,0.7,1.0,2.2,0.456,0.365,0.914,29.1,7.8,0.486,2.0,1.0
Kevin Johnson,BKN,2022-23,37,38,26,21.5,8.1,4.5,1.6,1.4,0.8,0.5,0.5,0.346,0.813,24.4,8.5,0.523,1.5,1.1
CJ Wilson,CHI,2022-23,27,65,42,38,24.6,0.5,6.4,0.3,1.4,0.3,0.438,0.392,0.783,18.1,13.8,0.609,4.4,1.5
Joel Nelson,CLE,2022-23,21,73,50,38,23.2,1.5,0.4,1.3,0.6,0.8,0.43,0.373,0.733,25.4,13.7,0.537,2.4,1.0
Pascal Jackson,PHX,2022-23,22,80,2,23.2,23.2,6.0,6.3,0.8,1.0,3.2,0.449,0.36,0.804,18.0,20.6,0.582,1.4,1.2
Devin Mitchell,SAC,2022-23,35,66,55,14.6,24.0,4.3,0.2,0.6,0.3,3.5,0.494,0.409,0.827,31.8,15.4,0.561,-0.5,0.6
Zion Parker,MEM,2022-23,26,78,70,26.8,8.7,6.8,5.9,1.0,0.3,3.1,0.451,0.375,0.783,18.8,20.9,0.601,3.7,-1.0
Tyrese Johnson,GSW,2022-23,32,25,25,16.9,17.0,3.4,0.9,1.5,1.0,4.1,0.459,0.304,0.831,17.2,14.1,0.63,-3.1,3.7
CJ Williams,IND,2022-23,22,49,1,25.0,5.4,5.4,3.1,1.4,0.9,2.2,0.464,0.378,0.651,16.8,22.3,0.493,-0.9,3.0
Anthony Mitchell,POR,2022-23,22,76,44,23.3,9.8,7.4,3.9,1.4,1.0,0.3,0.503,0.34,0.726,32.6,20.4,0.514,-0.7,4.8
Zion Allen,SAC,2022-23,22,49,41,21.6,11.8,7.6,3.4,1.2,0,1.7,0.507,0.392,0.879,20.2,13.6,0.587,2.4,1.0
Anthony Turner,POR,2022-23,24,78,60,23.4,17.8,4.4,0.2,0.8,0.4,1.3,0.451,0.361,0.839,20.0,21.1,0.633,3.3,4.8
Jrue Brown,DAL,2022-23,27,62,20,18.8,4.0,10.2,4.7,0.1,0.5,1.9,0.533,0.337,0.793,29.2,16.4,0.644,0.5,2.2
CJ Murphy,NYK,2022-23,24,21,18,13.6,16.5,6.8,6.7,0.7,0.3,2.6,0.428,0.293,0.746,16.8,16.6,0.647,-2.4,-1.5
Bam Murphy,MIN,2022-23,22,54,3,19.7,14.7,2.9,0.2,0.9,1.0,2.6,0.534,0.343,0.795,20.6,15.1,0.597,-1.2,4.8
Julius Moore,CLE,2022-23,37,68,55,17.2,2.8,6.7,1.1,0,0.6,1.8,0.498,0.331,0.666,30.3,12.3,0.556,1.6,1.8
Ja Lopez,NYK,2022-23,36,76,70,38,5.0,6.3,1.5,0.6,0.9,1.9,0.541,0.378,0.838,31.0,12.5,0.535,-0.6,1.2
DeAndre Jackson,PHX,2022-23,21,82,77,17.2,21.6,7.0,6.4,1.5,1.0,3.8,0.53,0.381,0.716,28.6,21.3,0.616,1.3,1.8
Darius Green,ORL,2022-23,29,68,63,19.0,13.5,2.2,5.8,0.7,0.9,0.4,0.511,0.371,0.901,17.3,18.5,0.607,-3.0,-1.6
Andre White,DAL,2022-23,26,42,36,23.8,18.8,4.1,1.2,0.3,0.7,0.3,0.465,0.354,0.748,25.5,17.1,0.592,-0.5,3.9
Kyle Turner,CHI,2022-23,26,57,47,16.4,14.8,4.3,2.0,0.1,1.1,3.3,0.476,0.351,0.729,18.1,19.9,0.584,1.1,2.8
Brandon Edwards,CHA,2022-23,24,58,2,29.8,10.3,5.8,4.7,1.1,0.5,3.4,0.409,0.348,0.837,29.0,10.7,0.578,2.7,1.0
Andre Parker,BOS,2022-23,26,57,30,38,16.8,6.3,1.1,0,0.3,3.6,0.444,0.352,0.891,22.3,10.1,0.486,1.3,1.1
Domantas Parker,CHA,2022-23,33,46,23,19.1,22.4,3.9,4.2,0.5,0.6,0.3,0.464,0.416,0.864,23.2,11.1,0.57,1.1,1.9
Devin Thompson,PHI,2022-23,27,59,51,38,18.4,5.1,2.7,1.4,1.4,3.1,0.48,0.316,0.867,24.7,11.1,0.604,-1.2,1.9
Zach Parker,MIN,2022-23,27,74,43,16.4,14.8,3.4,1.7,1.5,0.6,1.7,0.464,0.392,0.887,24.7,14.5,0.487,-3.3,4.1
Jayson Moore,MEM,2022-23,23,21,17,28.3,5.7,2.8,3.3,1.4,0.5,1.4,0.448,0.416,0.653,18.4,17.6,0.619,0.0,3.5
Jalen Murphy,LAC,2022-23,23,44,9,28.5,5.2,6.3,3.6,1.1,1.1,1.7,0.409,0.388,0.752,20.8,20.8,0.602,-1.8,0.1
Zach Adams,PHX,2022-23,29,70,63,33.0,12.4,6.6,4.3,2.0,0,2.2,0.447,0.338,0.746,18.1,20.8,0.544,1.9,1.1
Zion Thomas,ATL,2022-23,21,82,63,36.7,6.2,4.6,2.4,0.8,1.1,1.8,0.429,0.347,0.764,27.9,13.1,0.524,-0.7,0.9
Anthony Wilson,OKC,2022-23,32,41,28,25.4,12.0,3.4,0.2,1.8,0.3,1.6,0.434,0.289,0.916,32.9,10.4,0.621,-0.7,4.4
Malik Morris,ORL,2022-23,31,51,0,21.8,12.5,0.5,0.2,0.9,1.8,2.2,0.517,0.313,0.855,17.4,13.1,0.568,-1.7,0.9
Jayson Harris,SAC,2022-23,24,28,22,11.1,18.0,4.4,3.8,1.3,0,4.4,0.472,0.292,0.844,19.0,17.2,0.597,0.6,2.9
DeMar Thompson,UTA,2022-23,30,24,14,20.8,16.0,0.5,6.4,0.5,0.3,1.4,0.425,0.38,0.736,24.6,18.2,0.586,-0.7,1.8
Giannis Wilson,CHA,2022-23,20,55,44,35.0,16.7,5.2,6.0,0,1.2,3.6,0.492,0.282,0.77,19.3,14.3,0.599,-4.4,3.4
Zach Johnson,SAC,2022-23,24,33,16,22.8,6.2,4.5,3.0,0.9,0,2.6,0.487,0.293,0.787,23.0,17.3,0.634,-1.1,0.1
Jaylen Mitchell,MIN,2022-23,24,42,13,14.8,15.8,9.3,0.6,0.8,0.9,1.1,0.465,0.291,0.812,20.5,13.6,0.519,-2.2,0.6
Malik Taylor,MEM,2022-23,28,74,14,28.6,22.4,2.4,4.7,0,0.2,3.5,0.425,0.399,0.876,21.4,8.7,0.539,2.5,-2.4
Giannis Morris,CHA,2022-23,32,68,36,36.7,12.6,5.5,0.2,1.1,1.2,2.5,0.388,0.332,0.919,26.0,18.0,0.585,-2.2,2.9
Domantas Mitchell,MEM,2022-23,31,38,34,32.7,10.1,10.5,0.2,1.3,0,2.2,0.527,0.367,0.843,32.9,19.3,0.561,0.2,1.7
Jordan Williams,MIN,2023-24,23,49,26,27.0,20.0,11.9,3.7,1.3,0.9,0.6,0.463,0.366,0.74,27.8,17.9,0.571,0.8,0.9
Luka Brown,NYK,2023-24,23,73,7,20.0,9.9,7.5,2.6,1.5,0.1,2.9,0.459,0.295,0.812,30.6,18.8,0.531,-0.4,0.5
Anthony Brown,WAS,2023-24,26,81,13,33.8,19.3,7.2,0.4,1.4,0.9,1.8,0.541,0.395,0.723,15.3,15.9,0.614,-5.0,6.0
Ja Martin,SAC,2023-24,26,51,19,21.7,21.9,6.7,5.9,0.5,0.5,1.4,0.432,0.281,0.828,25.6,21.6,0.515,-3.6,0.9
Darius Collins,BKN,2023-24,22,27,12,12.2,2,2.6,5.5,1.0,0.5,1.7,0.431,0.349,0.763,26.9,10.6,0.563,2.6,-0.1
Jalen Parker,MEM,2023-24,34,20,3,21.2,12.3,1.7,0.2,0.6,0.9,0.5,0.453,0.365,0.69,23.9,14.5,0.554,-2.9,0.9
Zion Stewart,WAS,2023-24,29,41,39,21.9,22.2,9.9,3.0,0.7,0.4,0.7,0.443,0.325,0.741,23.7,20.9,0.54,-2.7,0.7
Giannis Nelson,POR,2023-24,27,32,12,24.8,11.2,6.0,5.5,0.2,0.8,0.6,0.496,0.328,0.776,28.6,12.0,0.588,0.1,-0.8
James Taylor,CHI,2023-24,25,60,8,19.4,18.6,7.3,3.6,1.6,0.8,2.1,0.417,0.281,0.792,26.3,18.3,0.508,-1.6,7.0
Domantas Moore,DEN,2023-24,26,35,11,26.3,22.3,12.0,6.4,1.1,1.0,2.9,0.407,0.379,0.733,21.2,17.8,0.485,2.4,2.8
Jaylen Baker,DET,2023-24,22,78,41,32.2,15.9,0.5,4.1,0.6,1.2,1.7,0.5,0.297,0.652,32.5,16.5,0.554,-1.8,-0.8
James Reed,LAC,2023-24,35,26,12,17.0,15.4,7.7,5.1,1.2,1.1,1.0,0.382,0.369,0.887,15.1,19.3,0.537,1.5,2.6
Brandon Miller,SAC,2023-24,22,36,1,30.0,10.5,5.4,7.5,1.6,1.0,2.5,0.396,0.283,0.913,18.7,5.9,0.523,-4.2,2.0
CJ Jackson,NOP,2023-24,38,76,19,33.8,19.2,2.0,3.2,0.8,0.2,1.5,0.413,0.318,0.73,21.0,7.2,0.49,4.0,3.7
Fred Harris,LAL,2023-24,25,37,8,22.8,21.1,6.8,5.5,0.9,0,3.1,0.513,0.29,0.668,18.7,17.8,0.537,8.4,3.3
Damian Turner,MIL,2023-24,28,22,5,15.0,11.3,5.8,0.5,1.6,0.3,2.4,0.498,0.417,0.674,30.5,19.5,0.57,3.7,1.6
Domantas Young,LAL,2023-24,36,81,1,25.7,15.0,10.8,3.1,1.7,0.6,3.6,0.5,0.381,0.671,22.5,18.8,0.517,-3.3,-0.8
Bam Davis,MIL,2023-24,24,73,71,21.5,15.3,6.2,3.4,1.3,0.4,1.4,0.421,0.334,0.885,29.3,14.2,0.512,5.3,1.5
Darius Mitchell,MIL,2023-24,30,68,29,36.6,18.7,1.9,0.8,1.1,0,1.4,0.436,0.348,0.902,15.8,12.1,0.628,2.5,1.3
Shai Roberts,MIL,2023-24,25,28,15,21.6,24.7,7.2,3.6,0.6,1.0,2.2,0.446,0.313,0.726,24.6,17.2,0.613,0.8,2.6
DeMar Campbell,MIN,2023-24,29,79,51,38,18.9,1.9,7.9,1.5,0.9,2.8,0.515,0.316,0.849,26.6,12.4,0.495,-2.5,0.3
DeMar Morris,MIN,2023-24,28,67,38,23.8,13.4,4.7,3.3,1.2,0.7,2.1,0.512,0.352,0.69,31.8,15.5,0.62,-1.0,4.8
Fred Lopez,CHI,2023-24,28,69,17,26.5,10.0,5.1,5.8,1.3,1.2,2.0,0.437,0.313,0.821,32.1,19.2,0.566,7.9,0.4
Luka Evans,HOU,2023-24,32,82,59,35.9,6.7,6.7,4.8,0.6,0.6,3.1,0.458,0.359,0.865,33.8,14.2,0.584,3.7,1.1
Luka Jackson,CHI,2023-24,24,46,8,38,5.7,4.5,0.6,0.7,1.7,1.9,0.54,0.401,0.654,29.6,13.2,0.496,-0.3,2.9
Tyrese Baker,LAL,2023-24,20,57,50,34.3,6.3,9.7,5.7,1.5,0.3,2.8,0.463,0.376,0.778,18.2,6.7,0.65,-0.9,0.0
Zion Moore,SAS,2023-24,34,54,20,30.7,10.3,5.3,7.5,1.1,1.0,2.1,0.385,0.348,0.715,22.8,18.2,0.6,-4.1,-0.2
Zion Jackson,MIN,2023-24,21,27,14,5,13.5,8.5,2.0,0.6,0.6,1.7,0.505,0.287,0.772,27.8,12.5,0.65,-5.3,0.8
LaMelo Mitchell,LAC,2023-24,20,41,28,29.0,25.9,5.7,1.7,0.9,1.0,2.3,0.399,0.333,0.889,17.7,17.0,0.577,2.4,1.2
Ja Lopez,GSW,2023-24,20,39,9,32.2,2,2.2,6.3,1.2,0.3,0.9,0.492,0.325,0.818,16.2,18.9,0.552,3.8,-2.5
Ja Hill,NOP,2023-24,33,31,28,28.7,14.8,11.5,5.6,0.8,1.6,0.3,0.533,0.288,0.835,34.2,12.8,0.495,3.5,5.5
Jordan Lopez,ATL,2023-24,30,39,22,13.0,14.0,7.5,1.3,0.7,0.6,1.0,0.532,0.281,0.856,33.4,10.5,0.566,-5.3,-0.9
Andre Cook,LAC,2023-24,28,24,21,34.4,18.5,5.0,0.2,0.4,1.0,2.5,0.427,0.338,0.711,25.5,14.0,0.597,1.6,-1.1
Cade Phillips,NYK,2023-24,33,67,53,23.0,15.6,9.9,2.1,1.3,0.6,1.8,0.536,0.338,0.883,26.3,22.3,0.498,5.9,0.7
Darius Wilson,DAL,2023-24,38,67,44,24.9,21.7,5.1,4.5,1.2,0.6,2.6,0.414,0.397,0.697,34.5,14.9,0.484,-2.1,2.0
Zach Harris,DEN,2023-24,25,35,24,10.9,8.8,2.8,3.6,0.4,0.2,1.2,0.399,0.286,0.805,31.9,18.8,0.54,4.8,-3.6
Jaylen Johnson,OKC,2023-24,20,82,63,17.4,15.8,1.8,0.2,0.6,0.4,1.5,0.52,0.418,0.817,22.4,18.4,0.49,-0.1,1.6
Bam Edwards,POR,2023-24,29,71,26,14.9,2.3,5.5,1.1,1.3,0.7,1.1,0.426,0.384,0.822,15.9,16.4,0.594,6.0,-1.2
Zion King,ATL,2023-24,20,81,71,23.0,13.8,2.6,2.5,0.7,0.5,1.7,0.463,0.412,0.722,28.3,21.1,0.576,3.0,1.5
Marcus Morris,OKC,2023-24,32,82,14,27.1,16.1,0.5,0.6,0.8,1.2,1.3,0.525,0.403,0.685,25.7,9.4,0.582,-2.6,2.4
Giannis Mitchell,MIA,2023-24,29,76,25,16.5,21.6,10.4,2.7,1.4,0.4,2.3,0.475,0.292,0.829,30.3,21.9,0.539,-2.2,-2.3
Trae Miller,LAL,2023-24,21,33,24,25.7,10.4,2.8,3.1,1.8,0,2.3,0.447,0.387,0.815,33.9,16.3,0.592,-3.2,4.2
Anthony Murphy,NOP,2023-24,22,31,31,36.0,10.7,6.7,7.1,1.5,0,3.8,0.512,0.387,0.803,20.6,13.4,0.523,4.2,3.5
Khris Taylor,LAL,2023-24,21,36,36,37.0,9.0,7.8,7.3,1.5,0.8,2.4,0.43,0.321,0.699,30.8,16.0,0.581,0.1,2.3
Damian Miller,OKC,2023-24,31,38,37,27.1,9.3,0.8,2.5,1.3,0.9,0.7,0.4,0.287,0.846,20.2,8.6,0.492,-0.8,0.7
DeAndre Roberts,MIN,2023-24,36,24,20,34.8,14.7,6.0,3.2,0.5,0.5,2.4,0.464,0.376,0.809,31.3,19.5,0.592,2.2,2.4
Pascal King,IND,2023-24,26,78,58,33.1,10.4,0.5,6.3,1.3,0.7,2.8,0.493,0.395,0.666,31.6,17.1,0.508,-0.4,3.8
Bam Morris,MIA,2023-24,27,47,38,36.9,18.6,0.5,3.8,0.4,0.5,1.1,0.439,0.317,0.845,24.6,18.7,0.481,-0.3,3.3
LaMelo King,TOR,2023-24,25,44,8,15.8,13.3,5.9,4.6,0.9,0.6,0.8,0.428,0.286,0.752,20.9,20.7,0.541,-1.3,0.6
Ja Roberts,IND,2023-24,23,49,26,36.0,12.6,0.5,0.2,1.9,0.6,2.8,0.405,0.335,0.677,23.8,14.7,0.554,2.9,0.9
Cade Taylor,NOP,2023-24,21,61,21,29.6,8.7,2.4,8.6,0.6,0.8,2.8,0.417,0.288,0.895,26.0,27.3,0.582,-0.1,0.9
Devin Murphy,MIL,2023-24,23,68,64,22.2,11.5,2.3,0.2,0.8,0.6,0.8,0.402,0.323,0.676,21.0,17.3,0.491,-1.2,-1.2
Jordan Miller,CHI,2023-24,32,42,21,38,5.3,5.4,7.0,0.5,0.5,0.5,0.499,0.296,0.767,29.4,14.4,0.544,2.8,-0.2
CJ Mitchell,CHI,2023-24,26,45,33,35.7,16.7,3.1,3.2,0.4,0,2.4,0.409,0.297,0.783,18.1,15.0,0.563,1.2,0.6
Donovan Lopez,BOS,2023-24,27,65,1,23.1,20.5,3.4,2.3,1.6,0.7,0.9,0.526,0.364,0.899,30.1,19.2,0.614,3.8,1.6
Chris Cook,NOP,2023-24,24,20,0,26.8,14.9,4.1,4.9,0.6,1.3,2.0,0.435,0.403,0.774,22.2,15.6,0.512,3.2,-1.7
Darius Johnson,DAL,2023-24,32,38,7,22.8,12.2,9.4,1.7,0.7,1.4,1.4,0.437,0.32,0.816,24.7,22.5,0.607,2.6,1.0
Trae Allen,PHI,2023-24,20,78,63,27.6,19.7,5.3,3.3,1.9,0.2,1.3,0.383,0.401,0.659,34.8,13.9,0.599,1.5,-0.6
Tyrese Reed,TOR,2023-24,21,64,16,29.9,11.5,7.3,1.1,0.7,0.2,0.8,0.436,0.371,0.774,15.0,17.5,0.586,-1.9,2.5
Tyrese Carter,MIA,2023-24,36,71,56,36.4,7.0,3.1,6.6,0.9,0.1,1.7,0.549,0.291,0.844,31.1,19.2,0.554,-6.6,1.6
Andre Campbell,CHA,2023-24,30,57,49,31.4,7.6,3.4,6.7,0.6,0.7,1.1,0.472,0.414,0.855,15.6,11.2,0.489,-4.5,-1.5
Shai Carter,BKN,2023-24,23,45,14,35.6,17.1,3.9,0.2,0.4,1.9,1.9,0.542,0.304,0.796,16.4,24.3,0.546,2.5,-1.0
Jrue Parker,PHI,2023-24,27,28,9,17.9,13.0,5.6,3.9,1.7,0.4,2.3,0.522,0.33,0.792,32.9,15.3,0.603,2.5,-0.6
CJ Anderson,PHI,2023-24,37,70,32,15.2,13.5,12.0,8.4,2.1,0,3.3,0.446,0.331,0.737,34.6,11.9,0.547,-1.9,0.1
Khris Young,POR,2023-24,23,71,52,26.1,11.7,0.7,1.5,0.9,0.6,1.4,0.447,0.388,0.782,30.3,12.7,0.504,-2.5,4.8
Jaylen Parker,MEM,2023-24,25,75,27,33.1,11.3,2.4,4.5,1.1,0.7,2.9,0.409,0.357,0.742,29.8,10.5,0.642,-1.0,2.9
Giannis Harris,GSW,2023-24,27,78,58,12.6,28.7,2.5,7.0,2.0,0.7,1.7,0.519,0.339,0.764,16.2,9.6,0.644,6.5,0.4
Joel Green,UTA,2023-24,21,54,50,37.4,13.0,5.1,0.2,0.7,1.1,1.8,0.434,0.345,0.836,33.1,9.0,0.486,2.2,1.6
Tyrese Murphy,DAL,2023-24,27,28,28,37.1,8.2,6.2,2.9,1.6,0.2,0.8,0.481,0.355,0.767,29.6,8.2,0.608,1.2,3.5
Bam Johnson,SAS,2023-24,22,47,27,15.6,12.3,5.3,1.5,1.4,1.0,1.4,0.495,0.417,0.671,34.6,9.4,0.573,2.8,2.4
Anthony Campbell,NYK,2023-24,22,78,10,36.1,11.6,9.8,0.2,0.7,1.0,1.4,0.405,0.303,0.762,24.7,19.5,0.609,4.4,0.9
Shai Thompson,SAS,2023-24,23,38,18,22.9,10.9,5.3,4.3,0.5,0.9,3.4,0.47,0.399,0.661,22.9,22.8,0.59,-0.2,2.1
Pascal Mitchell,UTA,2023-24,27,25,6,6.2,10.9,1.2,2.6,0.8,0.8,0.8,0.49,0.348,0.876,22.4,13.8,0.488,1.5,0.1
Jrue Nelson,ATL,2023-24,25,25,11,19.5,12.3,4.7,5.3,1.7,0.6,0.5,0.425,0.287,0.755,32.6,10.7,0.486,-6.8,1.8
Trae Phillips,BOS,2023-24,24,27,6,25.5,18.6,2.0,3.6,1.4,0.2,2.0,0.496,0.398,0.658,15.3,20.9,0.503,2.3,-0.2
DeMar Lopez,HOU,2023-24,25,81,53,22.2,8.0,2.7,5.9,1.3,0,2.1,0.449,0.38,0.705,28.2,15.1,0.551,-3.0,-2.3
Shai Thompson,LAL,2023-24,28,40,33,29.6,18.7,4.7,1.1,2.5,0,1.7,0.538,0.383,0.713,25.4,4.4,0.577,2.9,0.2
Jrue Allen,PHX,2023-24,23,56,20,19.8,3.9,5.1,5.2,1.5,0.7,3.5,0.51,0.404,0.835,29.2,10.9,0.559,-1.4,5.5
Tyler Lopez,NOP,2023-24,22,39,4,20.1,12.0,3.3,5.1,0.6,0.6,1.8,0.464,0.375,0.867,34.7,18.1,0.559,-0.8,2.1
Malik Collins,ORL,2023-24,33,34,20,31.9,21.0,6.4,1.7,0.9,0.1,1.4,0.543,0.298,0.82,19.5,16.2,0.578,4.6,3.5
Luka Campbell,LAC,2023-24,20,37,1,28.9,9.5,0.5,2.2,0.8,0,3.6,0.435,0.301,0.91,29.1,16.2,0.591,1.1,3.5
Damian Wilson,LAC,2023-24,21,77,0,21.9,12.0,0.7,1.8,0.8,0.6,2.2,0.447,0.361,0.694,19.7,14.0,0.629,1.5,1.0
Damian Moore,OKC,2023-24,24,50,26,33.4,17.1,3.5,10.4,0.8,1.2,0.5,0.518,0.358,0.86,18.3,10.4,0.598,4.6,-1.9
CJ Hill,NYK,2023-24,25,48,24,27.9,26.2,1.4,0.2,0.9,0.8,1.7,0.396,0.353,0.754,30.1,12.9,0.64,-7.6,1.7
Bam Baker,MEM,2023-24,24,52,42,17.3,20.4,0.9,1.4,0.8,0.5,4.0,0.522,0.332,0.861,24.4,15.5,0.615,3.9,0.2
Joel Moore,HOU,2023-24,32,50,34,24.6,12.4,5.1,0.2,0.3,0.9,4.5,0.537,0.401,0.907,31.9,16.6,0.604,4.4,2.6
Damian Martin,SAS,2023-24,30,41,15,36.7,23.6,7.3,0.2,1.5,0.7,2.4,0.548,0.403,0.697,34.7,23.0,0.584,2.1,6.3
Damian Collins,MEM,2023-24,27,69,61,13.2,7.4,9.7,4.1,0.1,0,0.7,0.443,0.308,0.781,28.6,21.3,0.577,3.0,-4.3
Jalen Miller,DET,2023-24,20,28,13,26.1,20.3,3.3,4.0,0.4,0.5,1.7,0.503,0.328,0.899,25.2,16.7,0.591,-1.7,2.8
LaMelo Thomas,SAS,2023-24,21,77,44,17.9,14.8,5.9,4.3,0.6,0.2,2.2,0.545,0.412,0.65,29.3,14.7,0.601,1.2,-0.4
Fred Allen,DEN,2023-24,20,80,69,19.8,22.9,3.0,2.9,0.8,0.9,2.1,0.396,0.301,0.853,27.1,25.3,0.632,1.2,1.3
Anthony Campbell,OKC,2023-24,30,23,19,28.3,22.1,0.5,6.4,0.9,1.3,2.1,0.542,0.39,0.751,22.5,20.5,0.517,-0.8,4.7
Marcus Davis,HOU,2023-24,29,35,30,11.7,12.8,4.1,2.4,0.3,0.6,0.7,0.425,0.377,0.876,22.9,15.1,0.539,8.1,2.8
Shai Phillips,CHI,2023-24,31,41,18,9.7,14.4,7.7,7.6,1.4,0.4,0.3,0.444,0.33,0.777,33.6,9.3,0.569,-4.4,-0.1
Jordan Stewart,NOP,2023-24,23,49,39,35.7,10.4,1.9,2.2,1.0,0.4,2.0,0.463,0.344,0.788,23.1,17.3,0.487,2.8,5.0
Joel Green,MIA,2023-24,30,45,3,26.8,18.6,2.3,5.3,1.4,0.9,2.7,0.498,0.395,0.779,30.2,15.8,0.53,-0.7,2.5
LaMelo Taylor,POR,2023-24,34,69,13,14.3,8.6,1.8,3.7,1.2,0.2,2.0,0.393,0.319,0.777,30.2,10.3,0.604,1.7,0.7
Jalen Thomas,ATL,2023-24,25,63,38,19.8,15.1,2.1,5.1,0,1.5,0.3,0.411,0.411,0.711,27.6,8.2,0.62,-6.7,4.4
Marcus Wilson,NYK,2023-24,21,72,16,23.7,7.2,4.8,6.1,1.2,0.9,3.2,0.46,0.366,0.778,28.0,18.0,0.537,-5.2,5.2
Jayson Taylor,GSW,2023-24,38,22,6,32.6,7.3,0.5,6.2,1.1,1.2,2.5,0.391,0.345,0.784,32.8,14.8,0.548,-3.8,3.0
Jalen Anderson,UTA,2023-24,22,34,13,34.7,7.5,8.8,8.1,0.5,0.3,1.3,0.396,0.329,0.83,29.0,17.7,0.629,-0.8,1.9
James Parker,DAL,2023-24,24,40,3,29.1,20.5,1.7,1.4,1.5,0.3,1.5,0.435,0.288,0.689,28.2,14.5,0.56,3.5,1.5
Fred Thompson,SAC,2023-24,31,29,29,22.4,14.2,3.3,2.2,1.8,0.6,2.5,0.413,0.286,0.905,30.8,8.9,0.536,-1.6,4.1
Zach Carter,CHI,2023-24,24,50,32,21.1,10.6,7.7,3.5,1.0,0.4,2.3,0.542,0.288,0.697,16.3,14.5,0.509,3.1,1.3
DeAndre Young,GSW,2023-24,33,66,35,22.0,17.4,2.4,1.6,1.0,0.5,0.3,0.402,0.398,0.759,20.6,22.6,0.481,-5.1,5.2
Khris Thomas,ATL,2023-24,23,75,25,31.9,20.8,5.1,2.8,0.8,0,2.1,0.452,0.28,0.668,22.0,25.9,0.625,2.7,-1.7
Brandon Phillips,ORL,2023-24,20,40,15,24.7,16.9,6.9,3.0,1.3,0,1.4,0.391,0.314,0.67,31.0,12.3,0.578,-6.3,0.8
Jrue Hill,TOR,2023-24,24,32,23,32.5,20.6,6.1,1.8,1.8,0.5,2.1,0.527,0.357,0.888,33.5,7.2,0.583,-2.7,2.6
Julius Turner,WAS,2023-24,25,35,25,36.2,13.7,5.5,3.5,1.3,0,1.6,0.421,0.286,0.653,28.8,12.4,0.493,-2.1,4.5
Kyle Hill,LAL,2023-24,25,55,11,29.7,12.1,8.8,7.2,0.8,0.8,3.4,0.395,0.283,0.88,20.1,17.4,0.639,2.4,3.6
Donovan Moore,NYK,2023-24,19,38,2,14.5,13.8,9.6,2.0,0.8,0.6,0.5,0.47,0.402,0.714,18.1,17.2,0.512,-3.4,0.7
Kevin Murphy,CHI,2023-24,26,63,59,26.1,25.1,3.8,0.7,0.9,0.8,1.2,0.426,0.385,0.752,18.2,8.1,0.558,2.2,2.9
LaMelo Anderson,UTA,2023-24,24,70,22,38,24.3,4.5,6.4,0.4,1.0,1.4,0.519,0.411,0.707,34.8,17.9,0.525,0.9,3.9
Jalen Green,PHX,2023-24,22,55,0,20.8,13.9,3.6,4.5,0.2,0.8,1.4,0.47,0.306,0.819,26.6,1.7,0.64,3.5,5.1
Pascal Brown,LAC,2023-24,26,77,30,27.3,9.1,2.2,4.6,1.0,0.9,2.6,0.541,0.415,0.662,33.3,13.0,0.628,-5.8,-0.1
Donovan Brown,NOP,2023-24,32,45,33,28.9,6.5,7.4,1.6,0.6,1.1,1.4,0.537,0.325,0.745,22.1,13.6,0.544,4.1,1.0
Kyle Baker,IND,2023-24,26,61,17,24.5,19.6,1.5,6.5,0.2,0.6,1.1,0.492,0.383,0.786,20.7,17.1,0.506,-1.0,-0.5
Giannis Evans,WAS,2023-24,28,40,16,11.6,10.5,1.9,0.2,0.5,0.4,0.3,0.382,0.37,0.702,22.1,15.5,0.565,1.1,2.1
Jalen Thomas,NYK,2023-24,30,37,10,32.1,18.1,7.4,6.7,1.2,0.7,0.9,0.4,0.282,0.786,34.5,16.2,0.581,-2.9,-1.2
Marcus Evans,UTA,2023-24,27,56,48,33.5,13.5,4.4,8.0,0.4,0.1,2.4,0.499,0.376,0.673,29.3,20.9,0.625,-2.2,4.3
Ja Young,CLE,2023-24,23,61,8,29.6,34.1,3.4,2.4,0,1.4,4.5,0.449,0.335,0.729,29.7,18.4,0.551,-2.1,2.0
Bam Campbell,MIA,2023-24,26,66,40,29.2,12.1,1.4,7.4,0.8,0.5,2.9,0.429,0.408,0.722,30.7,15.6,0.544,-1.9,-1.3
Tyrese Evans,POR,2023-24,32,73,18,21.4,20.4,5.0,1.7,1.5,0.8,2.9,0.527,0.312,0.876,29.9,13.6,0.622,-0.3,1.4
Damian Roberts,DEN,2023-24,34,49,34,31.3,22.3,4.9,2.6,2.0,1.1,0.4,0.399,0.332,0.732,18.9,16.9,0.554,-0.9,-0.1
Brandon Parker,NYK,2023-24,36,66,3,27.3,10.1,2.7,4.8,0.4,0.7,2.8,0.474,0.293,0.807,19.8,14.7,0.629,0.1,0.1
Jayson Jackson,DET,2023-24,22,44,15,31.8,19.9,5.5,3.8,0.9,1.5,3.2,0.466,0.286,0.778,20.8,8.4,0.623,0.5,0.1
Donovan Baker,DEN,2023-24,35,33,4,6.5,19.5,3.2,2.4,1.8,0.1,3.3,0.405,0.311,0.665,20.5,15.6,0.642,-2.7,0.5
Marcus White,NOP,2023-24,31,79,13,24.4,10.3,9.6,1.6,0.6,0.8,3.1,0.431,0.323,0.72,16.1,7.8,0.574,4.5,1.4
Luka Allen,DEN,2023-24,25,46,6,21.9,11.0,5.5,0.2,1.6,0.4,1.9,0.472,0.344,0.79,24.2,12.4,0.628,4.3,-0.9
Donovan Wilson,BKN,2023-24,20,33,6,31.9,21.2,5.8,2.9,0.9,0.6,3.6,0.389,0.297,0.715,33.7,14.1,0.618,2.8,-0.4
Andre Baker,NOP,2023-24,28,75,73,24.8,17.3,4.6,3.1,0.9,0.4,0.5,0.386,0.344,0.866,24.5,15.3,0.63,-5.7,5.0
Julius Edwards,TOR,2023-24,31,63,58,24.2,21.0,3.2,5.9,1.1,0,1.7,0.437,0.35,0.77,26.4,17.2,0.594,-5.5,-0.7
Cade Miller,NYK,2023-24,31,59,50,13.9,14.8,0.5,4.1,1.6,1.2,2.0,0.509,0.364,0.895,34.5,21.7,0.62,-1.5,0.4
Trae Adams,DET,2023-24,28,37,8,35.1,20.4,4.6,2.7,0.3,1.0,1.6,0.522,0.327,0.772,25.1,4.3,0.557,2.7,3.6
Zach Allen,SAS,2023-24,25,50,0,21.6,9.7,0.5,2.2,0.5,1.1,3.4,0.45,0.397,0.705,17.9,14.5,0.491,2.1,0.5
Marcus Parker,WAS,2023-24,27,38,29,18.0,17.8,6.1,4.3,2.1,0.8,1.9,0.488,0.361,0.774,20.6,17.0,0.58,0.6,1.8
Cade Hill,WAS,2023-24,23,43,21,26.1,16.1,1.8,5.8,0.6,1.0,1.9,0.53,0.389,0.799,32.4,7.3,0.625,-0.8,3.6
Cade Harris,LAC,2023-24,23,46,36,31.5,11.9,3.8,7.8,1.0,0,2.5,0.48,0.296,0.839,20.7,19.9,0.572,2.1,2.5
Brandon Reed,ATL,2023-24,26,75,54,21.5,13.4,1.2,5.5,0.8,0.5,1.1,0.507,0.39,0.852,24.7,12.3,0.553,-1.5,3.1
Damian Green,LAL,2023-24,30,31,29,22.6,10.3,10.4,0.2,0.8,0.4,2.0,0.534,0.409,0.868,29.3,0.9,0.508,-6.5,4.5
LaMelo Campbell,BOS,2023-24,29,68,7,25.4,15.2,7.9,6.2,1.4,0.7,2.2,0.426,0.295,0.721,26.8,11.4,0.496,5.6,2.5
Malik Hill,DEN,2023-24,28,27,14,25.0,17.4,0.7,6.9,0,0.6,2.5,0.479,0.319,0.773,20.7,25.9,0.547,1.0,0.9
Tyrese Murphy,SAS,2023-24,34,69,33,15.0,12.2,5.6,3.1,1.1,0.6,1.0,0.477,0.338,0.759,20.4,14.1,0.533,0.8,1.6
Jordan Mitchell,DET,2023-24,28,58,10,19.8,19.3,2.1,5.8,0.9,0.8,1.2,0.46,0.31,0.901,24.2,10.3,0.598,-0.1,2.1
Luka Murphy,MEM,2023-24,27,44,11,28.0,2,3.8,0.9,1.0,0.5,1.9,0.532,0.42,0.75,33.4,10.8,0.585,-3.0,1.6
Darius Edwards,SAS,2023-24,26,82,72,31.2,5.4,4.3,4.6,0.8,0.6,1.2,0.444,0.416,0.807,34.9,14.1,0.546,-5.9,0.1
Tyler Morris,DET,2023-24,24,81,21,29.6,16.5,5.3,3.8,1.0,0.8,2.2,0.466,0.382,0.898,18.5,18.6,0.558,-1.1,2.9
Jrue Campbell,OKC,2023-24,21,21,13,22.1,12.6,1.3,3.3,1.3,0.4,3.3,0.484,0.368,0.684,29.9,10.2,0.493,-3.2,-0.5
CJ Hill,DET,2023-24,25,27,14,30.0,26.0,10.9,4.7,1.3,0.8,3.9,0.516,0.302,0.848,31.3,13.8,0.499,0.1,3.5
Andre Phillips,CLE,2023-24,27,28,0,22.9,4.9,0.5,4.1,1.3,0.9,2.4,0.458,0.342,0.791,26.2,13.1,0.566,-0.4,0.2
Brandon Hill,LAC,2023-24,31,45,22,28.0,31.5,7.7,0.2,1.1,0,3.5,0.516,0.399,0.754,27.0,16.1,0.615,0.6,1.1
Shai Taylor,MIL,2023-24,28,79,6,8.2,18.8,3.3,4.5,1.7,0,2.3,0.47,0.365,0.698,30.1,15.1,0.512,-8.0,0.1
Pascal Thompson,LAC,2023-24,25,43,0,35.5,18.6,8.9,0.2,0.5,0.8,1.3,0.453,0.382,0.711,15.6,8.8,0.513,-1.7,1.5
Chris Wilson,ATL,2023-24,24,57,22,31.8,4.4,8.7,7.0,1.1,0.8,1.0,0.412,0.336,0.919,29.4,22.9,0.541,0.6,3.8
DeAndre Green,LAC,2023-24,38,59,52,24.0,23.3,2.9,4.9,1.7,0.7,0.8,0.436,0.316,0.688,25.6,12.6,0.516,-1.8,2.0
LaMelo Jackson,DAL,2023-24,21,48,40,38,19.1,3.6,5.5,0.8,0.9,2.4,0.386,0.42,0.857,31.8,5.9,0.496,-2.7,4.3
James Green,HOU,2023-24,19,56,23,12.3,10.8,3.9,2.8,1.4,0,2.5,0.491,0.381,0.751,20.3,25.8,0.513,2.2,2.2
Andre Cook,MIN,2023-24,24,63,53,23.6,8.3,4.2,4.5,0.6,1.0,3.7,0.401,0.328,0.683,30.8,23.3,0.636,0.9,5.5
Kevin Carter,DAL,2023-24,24,50,42,24.1,10.6,8.3,3.6,1.6,0.3,1.2,0.424,0.36,0.777,25.1,13.8,0.628,3.1,0.1
Zion Davis,ATL,2023-24,25,49,14,26.1,5.7,3.4,2.8,0,0.1,1.4,0.511,0.302,0.69,18.7,15.3,0.635,6.1,2.8
Nikola Evans,CHA,2023-24,25,27,3,20.8,22.4,5.7,3.6,2.1,0.7,2.7,0.513,0.374,0.728,29.9,7.7,0.594,-0.4,-1.1
Bam Reed,NOP,2023-24,34,72,3,38,8.5,4.5,6.0,0.9,0.1,1.5,0.485,0.4,0.751,17.2,12.4,0.572,2.5,3.6
Jalen Young,NYK,2023-24,23,32,2,21.4,15.7,6.1,3.5,0.7,0.4,3.6,0.432,0.371,0.916,21.6,7.9,0.637,-1.9,0.3
Donovan Taylor,SAS,2023-24,26,51,12,20.2,6.8,1.9,2.1,0.7,1.1,2.4,0.408,0.316,0.859,27.0,15.6,0.607,0.1,2.8
Domantas Turner,ORL,2023-24,19,66,4,35.0,17.8,1.7,0.3,0.1,0,1.1,0.413,0.376,0.821,15.3,12.0,0.622,0.5,0.1
Andre Anderson,CHA,2023-24,23,72,66,20.8,5.9,6.3,8.7,2.1,0.3,3.3,0.472,0.4,0.91,19.1,24.0,0.561,-3.6,-1.9
Tyrese Phillips,DEN,2023-24,24,45,12,25.7,8.2,7.8,4.8,1.0,1.0,3.2,0.445,0.334,0.754,31.0,11.9,0.613,1.3,5.8
Chris Young,BOS,2023-24,22,78,54,24.8,20.0,3.1,4.6,1.3,0.1,0.4,0.482,0.372,0.854,28.2,12.4,0.492,-2.3,3.1
Fred Martin,SAS,2023-24,22,61,8,38,13.5,4.1,6.0,0.3,0.2,2.0,0.475,0.399,0.913,16.7,16.6,0.509,1.8,0.6
DeMar White,MIA,2023-24,25,43,5,24.2,21.8,3.5,0.5,1.2,0.4,1.9,0.509,0.406,0.808,23.3,16.7,0.555,-1.3,1.9
Ja Nelson,LAL,2023-24,19,80,48,9.9,18.2,0.5,0.2,0.2,0.7,4.5,0.51,0.338,0.918,27.1,12.0,0.503,0.1,2.4
Chris Stewart,DET,2023-24,34,34,33,35.2,11.4,4.2,10.5,1.1,0,1.4,0.402,0.336,0.651,15.4,21.7,0.554,0.6,4.1
Jalen Harris,UTA,2023-24,22,26,13,18.5,17.9,6.8,3.8,1.1,0,3.4,0.521,0.41,0.85,30.8,14.1,0.531,1.2,1.9
Giannis Phillips,CHI,2023-24,27,72,15,28.7,11.6,2.3,0.2,0.8,1.0,2.5,0.438,0.338,0.695,21.2,20.7,0.638,3.9,-0.2
Jalen Baker,MIA,2023-24,36,69,52,24.4,11.5,2.3,3.9,1.2,0.6,4.3,0.384,0.337,0.729,31.4,19.6,0.604,0.2,2.6
LaMelo Allen,BOS,2023-24,22,61,28,18.2,5.6,6.0,5.9,0.6,0.2,2.3,0.497,0.346,0.743,21.4,9.2,0.49,-1.9,2.0
Joel Anderson,DEN,2023-24,25,77,16,17.9,26.7,3.1,3.7,0.6,0.6,2.8,0.42,0.354,0.915,28.6,15.6,0.546,-0.7,-0.6
James Martin,BOS,2023-24,28,56,53,26.7,26.8,4.1,2.9,1.7,0.5,2.8,0.404,0.411,0.798,28.2,9.7,0.594,-3.1,0.0
Jrue Campbell,POR,2023-24,23,43,5,30.9,6.9,7.4,4.4,0.6,1.3,1.7,0.533,0.405,0.776,34.7,15.3,0.597,-1.2,3.4
Nikola Phillips,MIN,2023-24,28,68,62,27.8,14.9,7.0,4.0,0.9,0.5,2.3,0.428,0.384,0.901,28.5,14.0,0.64,4.0,4.3
Jalen Morris,CHA,2023-24,29,69,29,37.7,14.7,6.5,6.8,2.1,0.7,1.4,0.47,0.366,0.718,16.4,20.7,0.555,11.2,-0.9
Zach Young,GSW,2023-24,26,33,19,33.4,18.4,9.6,4.7,1.3,0.5,2.4,0.519,0.319,0.909,27.6,17.2,0.581,0.5,3.6
Malik Wilson,SAC,2023-24,31,54,31,30.4,10.5,8.3,1.8,1.7,0.5,0.6,0.528,0.281,0.798,23.1,16.7,0.493,-1.3,1.1
Jayson White,GSW,2023-24,25,37,29,20.1,14.5,0.5,4.1,0.3,0.8,0.8,0.389,0.366,0.872,17.9,10.2,0.623,-6.8,2.6
Shai Young,HOU,2023-24,25,48,15,38,11.6,4.2,3.8,1.6,0.1,0.3,0.515,0.296,0.735,28.4,9.3,0.631,-1.5,1.3
Giannis Thomas,ATL,2023-24,22,62,15,32.4,14.6,2.3,1.7,0.3,0.4,2.6,0.445,0.414,0.753,22.0,16.9,0.49,-5.0,-1.1
Kevin Johnson,SAC,2023-24,36,38,8,36.0,2,5.1,0.2,1.2,0,0.7,0.462,0.396,0.851,34.3,19.2,0.581,1.2,-2.1
CJ Wilson,CLE,2023-24,26,73,47,16.2,18.4,1.1,1.9,0.8,0.6,0.3,0.416,0.366,0.866,29.9,14.0,0.584,1.5,0.9
Joel Nelson,NOP,2023-24,22,64,43,18.9,22.1,5.5,6.3,0.7,0.6,3.2,0.468,0.306,0.663,28.5,22.7,0.505,2.4,0.4
Pascal Jackson,LAC,2023-24,25,52,51,14.6,16.2,6.5,0.2,0,0.3,2.0,0.423,0.412,0.74,15.6,12.9,0.548,2.5,0.8
Devin Mitchell,IND,2023-24,37,28,14,35.1,18.7,6.7,2.1,1.8,0.3,3.5,0.522,0.285,0.88,20.1,17.3,0.587,0.4,-1.7
Zion Parker,DEN,2023-24,28,71,46,24.8,14.8,4.2,3.9,0.5,1.5,2.8,0.47,0.309,0.801,24.3,19.4,0.523,4.0,-0.1
Brandon Morris,CHA,2023-24,21,78,6,18.2,12.8,6.7,3.2,0.9,1.4,4.1,0.547,0.36,0.671,20.7,13.8,0.522,-3.3,-1.8
CJ Williams,OKC,2023-24,24,34,10,38,2,3.5,2.9,1.3,0.8,3.1,0.528,0.28,0.842,29.1,16.5,0.581,-5.5,1.3
Anthony Mitchell,SAC,2023-24,26,55,20,19.2,11.1,4.7,0.2,1.7,0.5,1.8,0.492,0.38,0.739,26.3,13.3,0.509,0.2,-1.3
Zion Allen,ORL,2023-24,26,60,39,37.9,14.3,5.3,4.4,0.9,0.8,2.9,0.475,0.36,0.752,24.9,9.9,0.531,0.3,6.6
Anthony Turner,BKN,2023-24,25,22,0,29.4,22.6,6.4,4.1,0,0,2.1,0.438,0.39,0.706,34.2,25.4,0.481,0.6,0.4
Jrue Brown,NOP,2023-24,27,28,5,24.8,14.6,1.0,10.1,1.4,0.9,1.3,0.442,0.406,0.887,30.3,16.8,0.576,5.7,0.6
CJ Murphy,DET,2023-24,22,28,5,26.6,14.1,8.6,0.2,1.1,1.7,3.3,0.47,0.296,0.698,33.9,21.9,0.498,2.0,0.1
Bam Murphy,POR,2023-24,23,78,54,14.6,14.4,4.2,0.2,0.8,0.4,2.5,0.523,0.363,0.848,26.7,12.5,0.628,-1.7,2.9
Ja Lopez,MIL,2023-24,34,72,67,16.8,23.8,10.9,8.0,0.9,0.6,1.1,0.502,0.36,0.883,27.3,15.7,0.531,-0.3,1.3
Tyrese Brown,NYK,2023-24,21,23,15,18.8,22.0,5.8,6.4,1.3,0.4,2.1,0.403,0.416,0.858,29.2,14.4,0.631,0.1,-0.3
DeAndre Jackson,ATL,2023-24,21,56,51,21.2,22.9,10.1,3.2,1.8,0.5,1.7,0.445,0.293,0.79,33.7,26.5,0.495,-5.4,0.7
Darius Green,SAC,2023-24,29,39,6,27.0,18.8,0.9,2.8,1.0,1.3,2.0,0.392,0.412,0.658,20.4,15.4,0.592,-0.2,1.2
Andre White,LAL,2023-24,24,35,34,32.0,7.1,7.8,4.6,0.6,0.4,2.4,0.43,0.357,0.693,18.4,13.5,0.501,0.7,1.3
Kyle Turner,DEN,2023-24,26,42,16,31.9,16.7,0.5,7.3,1.6,0,3.7,0.463,0.374,0.836,31.5,15.0,0.504,2.1,3.3
Brandon Edwards,MIN,2023-24,24,51,21,25.1,18.8,6.6,3.8,1.3,1.2,2.6,0.386,0.387,0.653,25.9,5.5,0.556,1.4,1.9
Andre Parker,GSW,2023-24,27,67,47,23.7,13.2,3.9,5.4,1.2,0.6,2.5,0.527,0.293,0.671,27.7,12.4,0.574,-0.7,1.0
Domantas Parker,MIN,2023-24,32,24,14,36.0,7.8,6.4,4.7,0.7,0.4,1.7,0.443,0.362,0.71,24.0,11.1,0.589,2.8,3.5
Devin Thompson,ORL,2023-24,30,42,22,19.4,14.1,5.4,5.1,0.4,1.0,1.5,0.447,0.356,0.837,19.9,22.5,0.533,-3.3,3.8
Zach Parker,LAL,2023-24,30,43,22,13.1,16.6,6.5,5.1,1.9,0.1,0.9,0.531,0.345,0.875,17.3,16.4,0.525,-2.0,2.9
Jayson Moore,SAC,2023-24,21,21,4,30.6,9.4,3.5,2.8,1.9,1.5,1.2,0.456,0.299,0.804,29.8,12.8,0.615,4.2,3.6
Jalen Murphy,BOS,2023-24,24,70,24,8.6,18.2,0.5,2.8,0.9,0.5,1.9,0.547,0.321,0.842,30.2,19.2,0.502,-3.2,2.1
Zach Adams,HOU,2023-24,28,79,36,37.7,12.6,6.6,0.6,0.9,0,1.5,0.457,0.386,0.672,24.7,14.6,0.6,-0.0,4.1
Zion Thomas,MIL,2023-24,25,58,6,20.4,9.8,3.4,2.8,0.6,1.3,2.2,0.46,0.352,0.837,24.8,18.4,0.608,-1.5,1.5
Anthony Wilson,UTA,2023-24,33,31,6,36.8,18.1,0.5,5.3,0.9,0.2,1.7,0.441,0.282,0.804,26.4,17.7,0.493,1.1,2.1
Ja Miller,NYK,2023-24,21,67,49,20.9,18.0,6.7,4.3,0.9,1.2,2.3,0.408,0.285,0.729,25.1,16.1,0.554,3.9,-1.9
Malik Morris,ORL,2023-24,31,55,25,33.9,15.1,3.9,8.3,0.5,0,3.6,0.418,0.304,0.762,24.2,17.4,0.598,-0.4,-1.3
Jayson Harris,MEM,2023-24,22,80,13,32.7,11.2,5.8,1.9,0.4,0.4,2.9,0.491,0.351,0.893,22.4,9.4,0.508,1.2,3.1
DeMar Thompson,BKN,2023-24,31,77,36,28.5,19.1,3.4,5.7,0.9,0.7,2.9,0.464,0.42,0.792,25.1,12.9,0.586,-3.8,3.4
Giannis Wilson,GSW,2023-24,21,66,19,22.7,14.2,3.6,1.1,0.9,0.6,0.9,0.424,0.285,0.687,21.0,28.7,0.53,-0.2,0.2
Zach Johnson,CLE,2023-24,28,61,40,29.6,18.8,7.8,4.4,0.7,0,2.5,0.47,0.296,0.856,22.7,20.5,0.547,-6.4,2.9
Jaylen Mitchell,DAL,2023-24,28,61,37,23.0,10.7,4.8,0.7,1.5,0.1,3.6,0.547,0.288,0.807,29.7,11.2,0.561,-0.7,2.0
Malik Taylor,DEN,2023-24,27,73,4,18.3,13.9,15.6,2.5,0.9,0.8,1.0,0.549,0.391,0.885,21.6,15.2,0.641,0.0,0.3
Giannis Morris,HOU,2023-24,33,69,43,26.4,15.2,4.4,3.8,0.8,0.5,2.0,0.386,0.36,0.682,15.4,9.9,0.641,-0.6,-1.5
Tyler Davis,WAS,2023-24,22,20,17,27.0,14.1,6.9,5.4,1.4,0.3,0.6,0.483,0.394,0.9,28.9,19.4,0.593,-3.8,3.3
Domantas Mitchell,LAL,2023-24,33,58,48,27.4,5.9,7.0,2.8,1.0,1.5,0.3,0.519,0.281,0.766,34.6,10.7,0.512,-3.2,3.2
Domantas Martin,POR,2023-24,19,59,37,21.4,24.0,4.1,1.3,1.3,0.1,1.2,0.487,0.416,0.881,28.1,6.3,0.605,0.0,2.7
Jordan Williams,PHI,2024-25,23,23,22,17.9,7.3,9.4,8.1,1.0,0.4,1.7,0.462,0.331,0.846,31.9,17.2,0.611,-0.4,3.7
Luka Brown,OKC,2024-25,22,30,0,15.4,11.1,4.7,6.4,0.8,1.7,2.8,0.516,0.388,0.906,24.2,12.8,0.629,2.3,3.1
Anthony Brown,DET,2024-25,25,34,11,27.0,2,3.2,0.2,0,1.4,4.4,0.407,0.371,0.873,19.0,17.9,0.502,0.5,5.1
Ja Martin,POR,2024-25,26,29,8,29.5,16.4,4.4,3.6,1.4,0,1.6,0.404,0.301,0.685,20.7,14.9,0.594,-0.1,-5.2
Darius Collins,MEM,2024-25,23,39,38,38,10.7,5.2,8.3,0.3,0,1.6,0.539,0.382,0.826,30.0,7.3,0.492,2.3,-1.2
Jalen Parker,MIL,2024-25,33,43,24,34.7,18.3,4.6,0.2,0.7,0,2.3,0.544,0.354,0.868,34.2,19.1,0.618,2.7,-1.9
Zion Stewart,IND,2024-25,29,31,13,13.8,15.4,4.3,3.5,0.6,0.7,2.1,0.394,0.293,0.671,29.1,23.3,0.578,4.1,-2.0
Giannis Nelson,WAS,2024-25,29,60,59,22.7,12.6,8.2,3.2,0.7,0.4,2.9,0.438,0.386,0.866,34.0,20.2,0.595,-1.4,3.2
James Taylor,CLE,2024-25,26,70,43,16.5,22.0,4.0,3.0,0.5,0.2,0.7,0.463,0.354,0.884,16.2,19.8,0.5,-0.5,2.6
Domantas Moore,HOU,2024-25,25,37,37,35.0,9.4,0.5,1.9,0.6,0.8,2.0,0.461,0.389,0.8,28.3,6.4,0.624,-2.2,5.6
Jaylen Baker,BOS,2024-25,21,26,9,29.1,17.0,4.2,2.7,1.0,0.4,3.3,0.481,0.368,0.657,33.0,9.6,0.52,-3.5,0.1
James Reed,BKN,2024-25,37,23,23,21.9,22.2,4.8,2.0,1.2,0.5,0.9,0.387,0.292,0.747,34.9,7.1,0.615,-0.3,3.0
Brandon Miller,MEM,2024-25,24,71,61,14.0,10.3,7.4,4.9,0.7,0,0.3,0.463,0.293,0.885,32.6,27.1,0.49,-2.8,0.8
CJ Jackson,LAC,2024-25,38,39,9,16.5,11.3,14.4,0.2,0.3,0.4,4.2,0.462,0.288,0.696,25.1,11.2,0.568,-2.3,0.6
Fred Harris,CHI,2024-25,25,76,49,15.6,12.8,7.9,2.2,0.6,0,3.8,0.493,0.325,0.884,21.0,14.2,0.598,1.1,2.7
Damian Turner,CLE,2024-25,30,22,7,15.2,2.8,5.5,2.7,1.3,0.3,3.5,0.403,0.352,0.889,28.6,10.8,0.538,0.3,4.1
Bam Davis,SAC,2024-25,25,82,23,24.5,10.6,3.3,5.0,2.0,0,1.7,0.383,0.333,0.728,15.4,12.8,0.522,0.6,-2.0
Darius Mitchell,SAC,2024-25,31,54,5,22.6,26.1,8.8,0.4,0.3,0.4,0.9,0.54,0.307,0.891,20.5,10.7,0.506,3.9,0.3
Shai Roberts,GSW,2024-25,26,71,25,23.1,18.2,4.3,0.2,1.8,0.6,2.4,0.464,0.401,0.869,33.0,15.1,0.571,2.4,2.1
DeMar Campbell,GSW,2024-25,32,68,45,23.2,17.9,5.9,1.8,1.6,0.8,1.8,0.409,0.419,0.842,17.4,15.6,0.643,-3.2,-0.8
DeMar Morris,DEN,2024-25,29,45,26,28.7,14.1,2.6,0.2,0.2,0.3,1.6,0.395,0.362,0.696,19.9,11.9,0.58,-4.0,1.2
Fred Lopez,BKN,2024-25,29,77,25,17.2,6.3,1.4,0.2,1.5,0.5,2.0,0.437,0.308,0.893,19.4,13.0,0.614,0.9,1.4
Luka Jackson,POR,2024-25,22,63,21,22.9,21.7,7.3,4.3,0.7,0.8,0.9,0.505,0.325,0.836,30.2,7.8,0.61,1.9,1.9
Tyrese Baker,POR,2024-25,21,20,9,19.2,14.2,4.1,6.0,2.0,1.3,2.6,0.445,0.34,0.914,34.0,20.3,0.633,2.7,0.4
Zion Moore,SAS,2024-25,35,58,38,5,9.5,7.1,6.1,1.5,0.6,0.5,0.42,0.372,0.833,30.3,17.5,0.551,3.1,1.8
Zion Jackson,HOU,2024-25,22,81,53,28.8,9.7,6.1,5.3,1.1,0,2.9,0.512,0.376,0.807,15.8,14.9,0.636,1.1,-2.1
LaMelo Mitchell,GSW,2024-25,22,57,44,19.2,13.3,8.6,6.7,1.4,0.5,2.2,0.461,0.383,0.683,24.6,21.0,0.635,-7.4,0.1
Ja Lopez,DEN,2024-25,22,37,20,22.2,10.3,6.1,6.7,1.6,0,2.9,0.431,0.362,0.84,33.6,20.3,0.615,-5.1,3.5
Ja Hill,NOP,2024-25,34,50,37,24.6,27.5,7.0,2.7,0.7,1.0,2.9,0.515,0.358,0.679,23.8,14.8,0.638,-1.8,-1.6
Jordan Lopez,NYK,2024-25,30,59,27,21.5,17.9,5.8,0.2,1.6,0.9,1.6,0.445,0.319,0.692,30.9,16.1,0.551,-0.4,2.5
Andre Cook,DAL,2024-25,30,62,55,22.9,16.4,5.3,4.3,1.0,0.1,2.0,0.477,0.292,0.816,33.5,13.2,0.595,-0.7,-3.5
Cade Phillips,SAC,2024-25,34,79,29,23.0,6.6,0.5,6.0,0.5,0.2,2.1,0.419,0.377,0.859,16.6,14.2,0.528,2.2,2.4
Darius Wilson,ATL,2024-25,39,47,23,30.6,17.7,6.8,0.9,0.6,0.8,2.1,0.543,0.292,0.817,19.3,15.3,0.523,4.2,-0.1
Zach Harris,MIL,2024-25,25,72,63,23.1,19.6,4.2,4.3,1.8,1.2,1.9,0.427,0.373,0.795,31.6,19.8,0.565,-0.8,4.6
Jaylen Johnson,BKN,2024-25,22,57,30,37.8,10.6,3.4,1.4,1.1,1.3,3.0,0.412,0.394,0.807,25.8,5.9,0.597,-4.4,4.6
Bam Edwards,PHI,2024-25,31,25,3,23.0,16.7,3.8,2.4,0.7,1.0,1.0,0.51,0.41,0.808,31.6,19.3,0.605,-2.2,0.3
Zion King,MIL,2024-25,22,37,18,34.7,19.7,0.5,4.3,0.8,0.8,2.1,0.424,0.401,0.777,26.5,26.9,0.571,-5.2,0.3
Marcus Morris,BOS,2024-25,36,31,2,24.2,12.8,6.0,10.0,1.8,0.6,2.5,0.391,0.353,0.838,32.3,2.2,0.581,-2.9,1.1
Giannis Mitchell,LAC,2024-25,28,34,8,22.7,14.0,3.6,2.7,1.1,0.2,0.3,0.399,0.337,0.893,34.1,16.7,0.641,-1.7,0.6
Trae Miller,MIN,2024-25,22,72,9,22.0,24.7,3.9,0.2,2.5,0.6,0.6,0.421,0.405,0.76,18.6,19.8,0.492,0.6,0.0
Anthony Murphy,DAL,2024-25,24,23,3,36.7,21.9,3.7,0.6,1.5,0.3,3.2,0.396,0.365,0.751,20.7,14.1,0.48,-1.3,2.9
Khris Taylor,IND,2024-25,23,53,22,24.1,15.7,2.6,3.6,1.3,0.9,1.8,0.523,0.304,0.763,25.8,25.9,0.609,-0.2,1.9
Damian Miller,POR,2024-25,32,61,56,38,13.4,2.4,6.9,0.8,0.9,1.4,0.485,0.395,0.865,27.4,21.5,0.501,-0.1,-0.5
DeAndre Roberts,MIL,2024-25,34,57,26,29.0,15.2,5.4,7.9,1.2,1.0,1.9,0.49,0.288,0.689,28.1,22.4,0.531,3.4,1.0
Pascal King,POR,2024-25,28,53,26,38,20.0,11.4,0.2,0.6,0.7,1.7,0.387,0.396,0.862,28.0,16.5,0.499,-6.0,1.5
Bam Morris,DEN,2024-25,26,82,45,20.9,14.8,6.2,1.5,0.7,0.7,2.5,0.488,0.39,0.729,26.3,14.5,0.487,0.7,2.3
LaMelo King,NYK,2024-25,28,29,12,16.7,16.1,0.5,4.6,0.2,0,1.8,0.509,0.347,0.875,27.6,18.6,0.551,-3.1,2.5
Ja Roberts,DET,2024-25,23,66,27,28.8,13.3,1.7,6.3,0,1.2,2.0,0.46,0.319,0.725,19.2,4.1,0.54,2.4,2.8
Cade Taylor,TOR,2024-25,23,44,31,26.8,20.6,2.7,4.1,0,0,2.5,0.488,0.333,0.797,15.1,15.8,0.634,-4.4,-0.3
Devin Murphy,IND,2024-25,24,68,19,36.1,16.4,4.8,4.1,1.5,0.4,2.0,0.537,0.341,0.91,33.9,7.2,0.543,3.6,3.7
Jordan Miller,SAC,2024-25,36,60,57,27.8,25.2,6.3,3.4,0.3,0.2,1.4,0.453,0.282,0.778,25.5,14.3,0.594,2.9,-1.4
CJ Mitchell,CHA,2024-25,27,48,26,35.4,8.7,1.1,5.9,1.2,0.3,3.3,0.517,0.341,0.86,25.2,14.2,0.534,2.1,1.1
Donovan Lopez,HOU,2024-25,28,50,45,22.7,7.8,5.7,4.3,0.2,1.7,2.8,0.53,0.374,0.722,20.8,22.8,0.64,1.6,1.4
Chris Cook,PHX,2024-25,24,47,44,22.2,16.0,3.3,7.8,0.5,1.3,2.0,0.459,0.348,0.846,19.3,17.6,0.583,0.3,-2.7
Darius Johnson,CLE,2024-25,32,47,21,15.7,7.3,5.0,1.1,1.0,1.0,1.4,0.473,0.357,0.867,21.1,14.6,0.548,-1.0,-1.1
Trae Allen,BKN,2024-25,20,34,34,17.2,6.3,4.3,6.3,0.4,1.5,2.3,0.523,0.359,0.713,29.0,17.0,0.645,2.9,1.3
Tyrese Reed,PHX,2024-25,22,44,20,11.6,10.0,7.7,4.1,0.3,0.5,3.8,0.406,0.379,0.899,25.3,12.1,0.562,0.2,5.1
Tyrese Carter,GSW,2024-25,37,56,43,23.9,3.0,8.9,0.2,0.9,0,0.5,0.462,0.301,0.712,21.9,12.2,0.495,1.9,0.8
Andre Campbell,PHX,2024-25,30,47,3,26.1,12.9,7.7,5.8,0.9,0.4,2.1,0.384,0.401,0.693,19.6,16.0,0.485,0.1,-1.7
Shai Carter,ORL,2024-25,21,63,53,21.1,14.1,10.8,1.2,1.3,0.6,4.0,0.51,0.3,0.747,31.4,16.4,0.639,1.7,1.2
Jrue Parker,CHA,2024-25,27,40,25,14.2,20.3,9.4,5.5,0.5,0,1.1,0.451,0.4,0.89,21.9,4.8,0.516,1.8,0.5
Khris Young,GSW,2024-25,24,80,77,22.0,9.5,6.1,6.9,0.8,1.3,2.4,0.399,0.349,0.803,22.7,9.8,0.491,3.5,3.9
Jaylen Parker,HOU,2024-25,25,74,50,26.0,9.7,10.8,3.5,0,0.6,1.8,0.424,0.333,0.874,31.3,14.1,0.569,0.4,0.7
Giannis Harris,ORL,2024-25,27,76,66,23.9,10.2,5.7,0.2,1.6,0,2.6,0.397,0.357,0.774,33.4,7.5,0.554,-1.0,-0.9
Joel Green,UTA,2024-25,20,33,7,24.1,7.2,9.4,0.9,1.2,0.1,1.2,0.422,0.333,0.891,29.1,15.0,0.571,-0.3,2.7
Tyrese Murphy,IND,2024-25,29,73,40,21.0,12.2,5.4,4.8,1.6,0.7,2.9,0.463,0.362,0.851,28.6,5.2,0.572,-3.4,0.4
Bam Johnson,CHA,2024-25,23,59,45,25.6,12.8,2.7,1.0,1.7,0.9,0.8,0.493,0.346,0.799,26.7,18.9,0.642,1.9,4.5
Anthony Campbell,PHX,2024-25,21,34,2,12.6,20.6,3.0,5.8,1.5,0.9,1.5,0.44,0.383,0.655,21.6,12.6,0.571,1.5,2.5
Shai Thompson,CHA,2024-25,24,54,46,33.4,24.2,10.7,5.7,1.4,1.0,1.5,0.445,0.351,0.886,17.6,7.7,0.511,-3.5,1.3
Jrue Nelson,ORL,2024-25,29,78,57,27.2,14.5,10.5,1.6,0.7,0.8,1.9,0.517,0.304,0.741,27.9,7.1,0.526,-1.6,5.2
Trae Phillips,MIN,2024-25,27,43,5,35.7,24.5,9.5,0.2,1.2,0.4,2.5,0.488,0.35,0.666,15.1,14.4,0.65,-4.4,-0.3
DeMar Lopez,BOS,2024-25,28,80,13,20.0,16.0,4.8,2.7,0.2,0.9,0.3,0.427,0.282,0.731,22.6,18.6,0.616,3.8,-0.5
Shai Thompson,PHX,2024-25,28,48,28,19.2,16.4,1.7,9.4,0.6,1.1,1.6,0.52,0.289,0.665,21.9,12.5,0.509,-6.1,0.2
Jrue Allen,MIA,2024-25,27,81,51,31.0,11.2,4.0,6.9,0,0.4,0.6,0.51,0.36,0.696,25.9,8.5,0.541,-6.0,-0.1
Tyler Lopez,MIN,2024-25,23,30,0,27.3,20.2,2.7,4.1,1.4,1.0,1.2,0.459,0.303,0.917,32.4,12.2,0.621,-1.9,3.1
Malik Collins,BOS,2024-25,34,51,27,31.4,14.8,6.3,1.3,1.5,0.4,0.3,0.453,0.359,0.73,33.0,16.6,0.604,-3.5,1.5
Luka Campbell,SAC,2024-25,22,46,19,23.5,5.4,8.0,4.8,0,0.7,1.9,0.451,0.356,0.725,31.3,15.4,0.563,0.8,1.9
Damian Wilson,WAS,2024-25,21,78,51,25.3,6.6,8.9,4.7,0.6,0.5,4.5,0.532,0.396,0.671,25.7,13.2,0.635,-1.1,0.7
Damian Moore,TOR,2024-25,26,76,71,25.6,5.5,5.9,0.2,0.7,1.7,0.8,0.382,0.315,0.701,31.5,17.5,0.488,-7.5,2.3
CJ Hill,LAL,2024-25,27,24,24,27.8,19.5,9.3,5.9,0.4,1.0,2.6,0.516,0.419,0.812,17.5,14.8,0.57,-0.8,-1.6
Bam Baker,HOU,2024-25,25,69,64,30.1,14.0,5.2,2.3,1.2,0.5,1.0,0.519,0.373,0.764,34.4,24.8,0.533,-4.0,0.8
Joel Moore,DET,2024-25,30,47,27,38,19.9,8.1,1.2,0.7,0,2.7,0.548,0.394,0.695,24.8,0.3,0.5,3.1,2.6
Damian Martin,MIN,2024-25,31,46,19,32.5,8.7,2.1,3.9,1.2,0.5,2.7,0.504,0.389,0.754,17.3,23.0,0.527,0.8,3.8
Damian Collins,IND,2024-25,26,47,42,33.4,13.6,2.6,3.1,0.7,0.6,2.5,0.457,0.293,0.675,30.6,5.8,0.53,-3.8,1.9
Jalen Miller,CHI,2024-25,22,38,30,15.4,15.6,6.7,4.2,1.0,0.6,2.7,0.448,0.406,0.709,18.2,26.9,0.645,-2.1,1.9
LaMelo Thomas,NOP,2024-25,20,42,11,26.6,11.1,1.5,2.2,1.7,1.1,1.6,0.464,0.282,0.753,27.1,15.4,0.587,-0.2,2.7
Fred Allen,NOP,2024-25,20,21,2,26.9,13.8,1.4,7.0,0,0.3,1.1,0.38,0.36,0.84,34.1,28.0,0.508,-1.5,-3.1
Anthony Campbell,SAS,2024-25,33,80,63,35.1,24.9,0.5,8.8,1.4,1.5,3.1,0.392,0.394,0.882,19.0,10.3,0.631,0.4,2.9
Marcus Davis,TOR,2024-25,30,20,2,36.9,14.7,2.4,5.3,0.6,1.0,2.4,0.452,0.374,0.836,25.0,12.0,0.543,1.1,7.3
Shai Phillips,POR,2024-25,29,41,29,29.2,4.5,11.7,4.1,0.3,1.0,2.1,0.428,0.345,0.722,15.8,21.0,0.636,-1.8,0.6
Jordan Stewart,OKC,2024-25,25,59,1,23.2,10.9,2.0,5.2,1.1,1.3,1.0,0.418,0.409,0.687,34.5,15.7,0.552,6.2,0.3
Joel Green,POR,2024-25,31,53,36,26.8,24.4,4.0,2.3,0.9,1.0,2.0,0.496,0.287,0.713,19.4,13.6,0.548,-0.2,0.9
LaMelo Taylor,SAS,2024-25,35,29,3,17.6,18.8,0.5,2.3,0.4,0.5,0.3,0.442,0.351,0.718,23.5,11.9,0.518,-2.5,1.1
Jalen Thomas,DAL,2024-25,27,21,16,32.2,14.8,5.8,3.1,1.6,0,1.9,0.473,0.362,0.729,31.2,9.6,0.635,0.4,-0.5
Marcus Wilson,NOP,2024-25,23,39,37,24.9,2,0.5,2.5,1.3,1.3,2.7,0.525,0.36,0.891,18.4,18.3,0.603,-2.0,2.7
Jayson Taylor,BOS,2024-25,36,58,38,20.6,17.5,2.7,1.9,1.3,1.1,0.9,0.48,0.34,0.688,23.1,14.2,0.484,-1.7,-1.3
Jalen Anderson,CLE,2024-25,23,20,5,34.0,11.4,4.2,3.5,1.3,0.5,0.3,0.415,0.393,0.682,32.1,10.4,0.489,3.0,1.6
James Parker,MIA,2024-25,22,47,23,18.6,11.1,7.1,0.2,0.3,0,0.7,0.527,0.418,0.742,15.7,22.9,0.596,-0.7,-0.5
Fred Thompson,CHA,2024-25,29,69,0,33.1,9.6,0.5,4.1,1.0,0.4,0.7,0.399,0.364,0.801,31.2,17.0,0.559,-2.8,2.2
Zach Carter,MIN,2024-25,25,82,20,31.8,22.2,6.6,3.8,1.0,1.2,1.6,0.494,0.406,0.902,30.9,18.7,0.608,1.8,-2.3
DeAndre Young,SAS,2024-25,32,69,40,22.1,6.7,5.5,2.5,0.4,1.2,0.3,0.488,0.3,0.882,21.9,11.6,0.55,4.8,1.6
Khris Thomas,ORL,2024-25,24,65,37,24.5,16.2,0.5,1.8,0.3,0.9,3.8,0.411,0.365,0.865,25.5,11.7,0.565,-1.7,0.1
Brandon Phillips,ORL,2024-25,22,75,16,11.1,3.5,1.4,4.7,1.1,0,2.0,0.53,0.355,0.716,29.5,14.1,0.55,4.6,1.1
Jrue Hill,CHA,2024-25,26,36,30,38,17.1,4.8,0.2,0.6,0.7,1.8,0.416,0.401,0.894,22.5,8.4,0.484,4.4,1.5
Julius Turner,POR,2024-25,26,70,14,29.2,7.8,4.4,2.0,0.5,0,2.8,0.444,0.309,0.758,29.9,19.8,0.59,-1.4,-0.8
Kyle Hill,BKN,2024-25,27,63,35,23.2,15.7,2.4,2.5,1.1,1.7,0.8,0.42,0.377,0.821,16.8,19.5,0.582,-0.6,1.3
Donovan Moore,OKC,2024-25,21,82,0,19.9,14.9,3.5,0.2,0.7,0.3,2.5,0.52,0.359,0.685,18.3,18.4,0.499,2.8,-0.6
Kevin Murphy,UTA,2024-25,24,42,8,17.2,11.8,4.3,5.5,1.7,0.5,4.1,0.429,0.282,0.867,22.5,12.2,0.502,1.7,1.9
LaMelo Anderson,WAS,2024-25,25,77,43,36.5,12.8,1.0,2.6,1.5,0.1,1.8,0.511,0.322,0.861,22.9,17.4,0.5,-1.0,0.2
Jalen Green,MIN,2024-25,24,76,27,16.9,20.2,8.3,2.2,1.1,0.3,2.2,0.52,0.354,0.869,22.3,8.7,0.576,-5.3,3.7
Pascal Brown,DAL,2024-25,25,64,25,27.1,13.6,1.8,0.3,1.4,1.3,2.3,0.438,0.407,0.87,16.5,10.4,0.557,-4.5,-0.3
Donovan Brown,MIN,2024-25,35,42,16,25.9,13.7,7.9,4.4,1.2,0.8,1.2,0.397,0.393,0.746,27.1,-0.1,0.515,-5.8,4.2
Kyle Baker,CHA,2024-25,26,38,10,12.5,16.3,5.4,7.1,2.0,1.2,0.3,0.521,0.34,0.69,17.0,12.1,0.502,-4.3,1.6
Giannis Evans,MEM,2024-25,32,56,47,23.5,12.5,10.6,0.2,1.9,0.8,1.6,0.407,0.405,0.852,34.9,20.3,0.488,2.2,4.9
Jalen Thomas,GSW,2024-25,29,73,3,25.2,20.4,0.5,4.8,0.6,0.5,2.7,0.532,0.339,0.687,24.9,24.6,0.622,1.3,0.7
Marcus Evans,SAC,2024-25,28,70,35,27.7,10.0,9.0,2.2,1.7,0.9,1.3,0.438,0.377,0.795,29.7,22.3,0.528,-2.8,1.6
Ja Young,ORL,2024-25,25,33,4,13.4,8.7,3.4,1.5,1.5,1.3,2.6,0.469,0.329,0.916,29.9,25.0,0.525,5.6,-0.6
Bam Campbell,UTA,2024-25,26,75,63,19.0,11.0,7.3,1.6,2.1,0,2.6,0.541,0.36,0.699,17.3,10.2,0.557,0.8,2.3
Tyrese Evans,HOU,2024-25,35,21,13,21.5,8.8,4.0,6.1,1.1,0.3,0.9,0.492,0.294,0.898,20.6,12.2,0.515,-2.1,0.0
Damian Roberts,LAC,2024-25,35,73,68,30.0,15.6,6.7,6.8,1.7,0.9,1.2,0.452,0.298,0.864,26.1,14.6,0.633,4.4,1.2
Brandon Parker,ATL,2024-25,37,46,37,21.0,9.6,7.0,5.5,1.1,0.8,1.2,0.391,0.418,0.846,21.9,21.6,0.508,-4.2,1.6
Jayson Jackson,CLE,2024-25,24,21,3,20.1,16.8,0.5,4.6,0.6,0.3,3.0,0.434,0.291,0.76,19.6,27.3,0.492,0.7,2.8
Donovan Baker,CLE,2024-25,37,70,8,19.5,13.2,4.7,2.3,0.5,0.6,0.3,0.475,0.309,0.794,21.8,16.4,0.516,7.2,5.4
Marcus White,HOU,2024-25,33,28,11,16.5,14.1,6.8,5.3,1.3,1.1,2.6,0.473,0.311,0.883,34.1,14.1,0.647,-1.8,1.0
Luka Allen,GSW,2024-25,24,69,40,21.7,18.2,3.1,3.3,1.7,0,2.6,0.456,0.36,0.77,18.5,16.2,0.58,4.2,4.0
Donovan Wilson,PHX,2024-25,22,70,45,20.3,15.7,2.6,3.1,0.9,0,2.6,0.396,0.285,0.759,30.1,18.2,0.566,-1.9,0.7
Julius Edwards,CLE,2024-25,35,44,3,29.9,18.5,3.5,2.3,0.6,0.1,1.8,0.507,0.302,0.788,34.9,17.7,0.552,0.6,0.7
Cade Miller,MIL,2024-25,34,31,10,26.6,10.8,10.8,0.2,1.8,0.4,1.8,0.515,0.295,0.905,33.5,10.1,0.531,5.3,-1.8
Trae Adams,CLE,2024-25,29,57,50,20.7,18.3,6.8,5.6,0.7,0.9,2.9,0.507,0.418,0.828,23.2,18.2,0.493,-7.5,3.3
Zach Allen,MEM,2024-25,26,79,11,17.2,6.0,5.0,0.2,0.9,0,0.8,0.448,0.352,0.88,16.5,13.9,0.53,-2.5,2.9
Marcus Parker,NOP,2024-25,26,52,19,24.0,19.7,3.2,6.2,0.7,0.8,1.4,0.432,0.365,0.666,30.9,24.2,0.505,-2.6,0.3
Cade Hill,HOU,2024-25,22,73,72,17.4,29.3,2.1,3.7,1.0,0.6,2.1,0.464,0.377,0.779,21.5,11.2,0.564,-0.3,0.6
Cade Harris,DEN,2024-25,22,51,12,17.2,10.4,8.2,0.2,1.2,0.7,1.9,0.546,0.418,0.851,24.0,12.8,0.576,6.5,1.6
Brandon Reed,SAS,2024-25,28,62,43,15.1,12.8,8.2,0.2,0.1,0.5,2.0,0.414,0.368,0.749,15.3,25.0,0.63,-0.1,0.2
Damian Green,CHA,2024-25,28,66,21,11.2,4.5,0.5,2.6,1.0,1.0,1.9,0.4,0.389,0.893,24.0,13.5,0.586,-7.1,-2.3
LaMelo Campbell,SAS,2024-25,29,51,38,25.3,29.6,1.0,3.5,1.2,0.6,1.5,0.518,0.353,0.768,30.5,20.1,0.605,-2.7,-1.7
Malik Hill,POR,2024-25,28,81,55,20.6,7.1,5.1,0.2,0.1,0.8,2.2,0.451,0.306,0.776,24.0,15.3,0.592,2.9,2.1
Tyrese Murphy,MIA,2024-25,38,35,34,19.0,13.8,0.8,8.1,1.4,0.9,0.9,0.431,0.391,0.651,24.9,14.6,0.484,3.4,4.3
Jordan Mitchell,GSW,2024-25,27,36,12,23.4,4.7,5.4,1.2,1.1,1.1,2.0,0.534,0.304,0.72,24.1,8.1,0.631,0.1,-0.4
Luka Murphy,CHA,2024-25,29,59,18,35.0,7.3,6.9,2.7,1.4,0.7,3.1,0.529,0.38,0.857,31.9,12.6,0.618,-1.2,1.5
Darius Edwards,OKC,2024-25,27,44,14,29.3,17.9,8.4,0.2,0.5,1.7,1.2,0.492,0.369,0.884,20.5,19.6,0.529,0.4,-0.1
Tyler Morris,SAC,2024-25,25,73,27,8.2,17.0,6.1,3.7,1.0,0.8,0.3,0.472,0.361,0.787,19.4,8.1,0.507,1.3,4.1
Jrue Campbell,IND,2024-25,24,54,46,29.2,24.4,6.9,0.4,1.4,0.3,1.1,0.501,0.392,0.765,33.5,16.7,0.575,5.1,3.5
CJ Hill,DAL,2024-25,24,35,30,22.8,14.4,9.8,5.7,1.4,0.8,1.8,0.538,0.322,0.906,29.6,16.3,0.632,1.1,-1.6
Andre Phillips,BOS,2024-25,28,67,49,19.8,20.0,6.9,4.0,1.3,0,1.1,0.44,0.371,0.761,16.3,3.7,0.5,-2.5,3.7
Brandon Hill,SAS,2024-25,31,46,25,35.5,23.6,3.4,2.2,1.0,0.7,1.9,0.532,0.293,0.895,29.8,18.1,0.646,-4.9,2.2
Shai Taylor,GSW,2024-25,30,74,11,20.7,13.3,4.0,5.4,0.8,0.2,1.6,0.518,0.381,0.81,17.1,16.9,0.639,0.4,1.5
Pascal Thompson,ORL,2024-25,28,55,47,21.4,13.6,5.4,1.6,1.5,0.3,3.4,0.548,0.369,0.786,33.7,11.9,0.489,0.3,0.1
Chris Wilson,GSW,2024-25,25,28,20,24.5,18.3,1.2,0.9,1.0,1.1,1.3,0.425,0.306,0.846,26.4,14.4,0.531,2.7,2.7
LaMelo Jackson,PHX,2024-25,23,29,19,23.4,17.3,4.9,0.9,1.0,0.6,0.9,0.443,0.322,0.753,33.7,11.1,0.646,-2.3,1.4
James Green,PHX,2024-25,21,58,13,5.3,9.6,6.3,7.7,0.9,0,2.7,0.487,0.407,0.663,18.8,7.9,0.543,-3.0,2.4
Andre Cook,MIA,2024-25,27,63,3,26.9,20.7,6.5,5.1,2.1,0.6,0.3,0.414,0.415,0.787,15.2,7.8,0.577,1.0,-0.1
Kevin Carter,DAL,2024-25,27,45,22,8.0,20.0,5.6,3.7,1.3,0.5,1.8,0.541,0.284,0.829,33.8,14.6,0.502,1.9,2.5
Zion Davis,CHI,2024-25,27,49,2,18.4,16.5,3.8,4.4,0.6,0.1,1.0,0.486,0.416,0.72,28.7,17.1,0.484,-0.7,2.0
Nikola Evans,HOU,2024-25,24,66,49,32.6,12.7,6.5,9.3,1.5,0.8,2.4,0.547,0.305,0.758,23.5,22.7,0.502,-2.6,2.0
Bam Reed,SAS,2024-25,37,35,6,27.4,7.8,8.5,1.4,1.0,0.9,2.8,0.514,0.359,0.661,29.5,16.5,0.58,4.2,1.7
Donovan Taylor,POR,2024-25,27,47,42,13.5,6.1,7.3,6.1,1.3,1.0,2.4,0.494,0.296,0.767,18.6,20.9,0.611,-0.1,0.5
Domantas Turner,ORL,2024-25,20,47,33,19.2,9.8,6.1,3.5,1.0,1.3,1.5,0.436,0.396,0.848,22.8,7.7,0.605,6.2,3.2
Andre Anderson,LAC,2024-25,22,57,6,26.3,4.7,9.7,1.2,0.7,0.9,3.1,0.423,0.381,0.91,29.1,20.4,0.586,2.0,0.7
Tyrese Phillips,HOU,2024-25,25,44,32,35.1,12.3,1.7,5.7,0.5,0.6,0.5,0.449,0.419,0.683,24.8,21.3,0.629,3.0,1.8
Chris Young,HOU,2024-25,22,34,30,24.0,18.8,6.5,4.0,1.7,0,3.2,0.536,0.418,0.754,23.8,14.6,0.531,3.5,0.4
Fred Martin,WAS,2024-25,23,80,59,13.8,14.9,9.4,7.4,1.4,0.8,1.1,0.382,0.404,0.862,33.0,13.9,0.596,0.5,1.5
DeMar White,SAS,2024-25,25,49,18,17.8,15.6,2.6,1.4,0.5,0.8,0.3,0.505,0.321,0.75,19.7,16.2,0.598,-0.6,0.6
Ja Nelson,ATL,2024-25,22,60,41,25.3,8.9,8.8,0.8,0.4,0.2,2.2,0.434,0.285,0.889,33.9,17.9,0.531,0.5,3.2
Chris Stewart,CLE,2024-25,34,37,25,29.9,6.1,4.3,3.7,0.6,0.7,2.3,0.48,0.283,0.822,30.3,18.2,0.551,-1.9,-0.3
Jalen Harris,MIA,2024-25,23,31,23,22.7,2,12.3,1.4,1.3,1.1,2.9,0.446,0.376,0.787,32.5,19.3,0.643,2.1,1.9
Giannis Phillips,UTA,2024-25,30,77,27,22.4,14.2,2.4,8.5,1.5,0.5,3.7,0.503,0.407,0.731,28.9,24.2,0.52,3.6,-0.4
LaMelo Allen,ORL,2024-25,23,61,31,8.1,19.8,6.6,1.9,1.2,0,2.2,0.453,0.351,0.682,34.7,9.9,0.577,3.0,2.1
Joel Anderson,HOU,2024-25,27,68,3,18.1,9.9,7.0,4.3,0.2,1.1,2.4,0.536,0.294,0.827,25.3,18.6,0.574,2.3,-0.6
James Martin,GSW,2024-25,29,68,37,22.1,15.3,3.1,3.8,1.6,1.0,2.6,0.44,0.309,0.845,33.6,16.9,0.635,-2.7,0.4
Jrue Campbell,BOS,2024-25,26,46,10,26.6,23.2,6.9,2.9,1.2,0.8,1.0,0.412,0.323,0.819,28.6,13.3,0.506,-1.1,4.2
Nikola Phillips,NOP,2024-25,27,49,20,33.5,16.9,3.2,3.6,0.3,0.5,1.3,0.493,0.298,0.846,30.3,15.3,0.567,1.2,0.6
Zach Young,NYK,2024-25,29,41,27,30.5,7.4,2.6,2.2,1.5,0.3,1.9,0.387,0.29,0.655,34.8,15.9,0.517,-5.2,0.5
Malik Wilson,TOR,2024-25,31,76,33,37.1,23.6,4.7,4.2,0.4,1.3,1.4,0.444,0.386,0.657,22.8,12.6,0.575,-3.1,2.1
Jayson White,LAL,2024-25,24,30,29,25.7,9.9,2.4,5.1,0.9,0,2.2,0.395,0.329,0.831,19.1,12.7,0.589,-0.1,2.3
Shai Young,MEM,2024-25,23,34,15,33.7,25.6,7.1,4.3,0.6,1.1,1.0,0.392,0.416,0.674,19.8,18.0,0.586,-1.6,2.9
Giannis Thomas,BKN,2024-25,23,75,31,17.1,19.8,3.8,9.4,1.0,0.7,1.7,0.405,0.365,0.83,25.7,16.3,0.649,1.7,-0.8
CJ Wilson,OKC,2024-25,26,77,3,26.6,14.6,2.5,5.5,1.2,0.1,3.6,0.382,0.37,0.716,15.9,10.7,0.575,0.4,-0.4
Joel Nelson,CHA,2024-25,22,61,52,35.0,7.2,12.8,6.9,1.1,0.9,1.4,0.468,0.395,0.834,21.0,12.2,0.509,3.3,0.4
Pascal Jackson,LAL,2024-25,24,42,31,8.0,9.6,4.7,3.3,0.5,0,1.5,0.42,0.352,0.835,27.6,13.8,0.595,-0.8,1.5
Devin Mitchell,PHI,2024-25,36,74,12,15.7,14.5,1.0,1.5,1.5,1.1,2.0,0.414,0.383,0.769,31.8,17.6,0.55,-1.4,-1.8
Zion Parker,NYK,2024-25,26,64,33,32.0,9.0,2.6,3.2,1.0,0.5,3.5,0.471,0.284,0.712,32.7,17.5,0.602,-3.0,2.9
Brandon Morris,UTA,2024-25,20,57,22,26.2,11.8,5.5,4.1,1.0,0,1.8,0.532,0.334,0.901,27.9,20.9,0.581,1.6,2.2
CJ Williams,ORL,2024-25,22,53,39,38,20.9,4.1,2.7,1.4,0.3,3.3,0.505,0.388,0.663,28.0,24.7,0.599,-0.4,0.9
Anthony Mitchell,DET,2024-25,24,62,17,14.4,20.0,5.0,1.9,0.8,0.4,2.8,0.405,0.281,0.906,30.0,16.8,0.495,5.7,1.1
Zion Allen,OKC,2024-25,26,28,5,11.9,5.3,14.3,7.4,0.6,0.4,2.7,0.396,0.362,0.749,26.4,13.3,0.512,1.7,2.2
Anthony Turner,IND,2024-25,26,25,14,32.3,15.8,2.5,3.8,1.2,0,2.4,0.409,0.375,0.661,33.6,9.4,0.636,2.3,0.8
Jrue Brown,MEM,2024-25,29,82,48,17.3,10.3,5.1,3.3,1.9,0.4,0.9,0.472,0.349,0.828,33.2,13.2,0.595,-1.1,1.5
CJ Murphy,ATL,2024-25,24,79,7,25.3,10.7,3.5,7.9,0.6,0.4,2.2,0.441,0.381,0.864,23.9,18.0,0.599,1.8,1.7
Bam Murphy,HOU,2024-25,23,46,45,31.1,25.0,1.6,4.2,1.6,0.4,0.3,0.392,0.319,0.843,22.0,15.8,0.607,2.2,-0.0
Ja Lopez,BKN,2024-25,37,23,5,24.4,10.8,9.4,3.6,1.6,0.4,3.6,0.488,0.407,0.795,31.4,13.7,0.612,0.3,3.0
Tyrese Brown,DET,2024-25,23,69,28,21.6,2,7.6,8.9,0.6,0.5,1.7,0.386,0.373,0.851,33.6,18.7,0.493,1.8,-1.1
DeAndre Jackson,PHI,2024-25,24,65,29,30.0,20.2,8.6,7.0,0.6,0.9,0.8,0.539,0.369,0.729,30.1,17.3,0.555,-3.3,0.6
Darius Green,CLE,2024-25,29,51,14,16.8,19.5,5.2,5.7,0.6,0.5,2.2,0.418,0.366,0.871,33.9,18.6,0.544,3.4,3.4
Andre White,ATL,2024-25,25,54,49,25.0,7.6,3.6,0.2,1.1,0.9,1.9,0.492,0.403,0.907,25.9,18.3,0.502,1.7,3.0
Kyle Turner,DEN,2024-25,30,72,52,29.9,23.9,7.4,7.1,0.1,0.7,0.5,0.384,0.336,0.802,29.0,6.3,0.53,4.1,3.6
Brandon Edwards,NOP,2024-25,27,80,9,18.6,23.0,8.8,6.8,0.9,0.9,0.9,0.469,0.375,0.654,30.4,13.7,0.509,2.0,3.4
Andre Parker,POR,2024-25,26,52,8,38,17.0,3.3,5.8,1.1,1.1,2.5,0.445,0.388,0.846,18.2,12.5,0.529,1.6,0.3
Domantas Parker,GSW,2024-25,33,67,36,19.0,14.7,8.5,0.7,0.8,0.5,2.0,0.528,0.365,0.89,31.2,15.1,0.614,2.0,0.9
Devin Thompson,PHI,2024-25,30,62,17,30.6,14.3,3.2,9.7,1.1,0.6,1.1,0.514,0.296,0.734,20.1,19.1,0.532,-1.1,0.3
Zach Parker,BOS,2024-25,31,47,43,5,15.9,4.2,1.5,1.2,0.4,3.5,0.429,0.37,0.737,17.0,8.6,0.534,6.1,3.7
Jayson Moore,POR,2024-25,25,77,41,36.1,20.3,2.3,2.5,1.5,0.7,4.4,0.478,0.408,0.89,18.8,9.7,0.55,2.9,-3.4
Jalen Murphy,DAL,2024-25,25,68,47,14.7,22.1,0.5,3.4,1.3,0.5,3.9,0.459,0.365,0.839,23.0,9.8,0.505,-2.7,4.2
Zach Adams,TOR,2024-25,31,60,48,29.9,6.4,3.6,3.4,1.6,0.5,0.9,0.457,0.343,0.7,22.2,19.5,0.57,-0.1,3.5
Zion Thomas,CHA,2024-25,25,58,11,12.1,18.2,7.0,4.0,0.9,0.5,1.9,0.505,0.324,0.799,32.6,18.5,0.65,0.6,0.2
Anthony Wilson,OKC,2024-25,35,33,33,17.6,10.6,3.8,3.4,0.1,1.2,1.4,0.506,0.414,0.752,23.8,11.7,0.569,-1.8,1.3
Ja Miller,NOP,2024-25,22,56,34,24.1,20.4,0.5,2.4,1.3,0,0.3,0.431,0.361,0.693,18.1,17.1,0.565,5.2,1.3
Malik Morris,CLE,2024-25,33,34,0,22.5,30.7,4.7,3.7,1.0,1.3,3.1,0.537,0.358,0.723,24.0,7.8,0.539,1.7,1.6
Jayson Harris,MEM,2024-25,24,37,25,25.4,11.2,3.2,1.8,1.0,0.7,2.6,0.45,0.326,0.779,16.8,14.8,0.636,-0.4,0.2
DeMar Thompson,HOU,2024-25,31,44,23,22.7,13.9,4.3,3.6,1.5,0,3.2,0.383,0.415,0.714,21.5,19.4,0.504,-0.2,2.3
Giannis Wilson,DEN,2024-25,23,48,13,22.7,25.4,4.9,2.1,1.6,0.4,1.3,0.485,0.379,0.86,32.5,8.1,0.649,3.8,2.0
Zach Johnson,MEM,2024-25,28,26,18,12.8,17.0,3.1,4.8,0.2,0.2,2.1,0.416,0.319,0.915,31.2,14.7,0.515,1.7,2.7
Jaylen Mitchell,MIA,2024-25,26,51,37,15.6,8.0,1.5,4.6,1.4,1.2,2.0,0.476,0.365,0.76,32.2,24.9,0.609,5.0,-0.0
Malik Taylor,SAC,2024-25,30,59,56,20.8,10.3,9.7,3.3,1.1,0.3,3.0,0.539,0.416,0.744,22.5,6.2,0.638,0.6,3.9
Giannis Morris,WAS,2024-25,34,69,0,13.1,6.8,7.0,5.6,0.4,0,2.9,0.399,0.306,0.89,21.6,8.7,0.607,-4.7,0.6
Tyler Davis,TOR,2024-25,21,29,12,24.4,11.2,1.9,4.0,0.2,0.2,2.4,0.507,0.354,0.675,27.8,13.4,0.554,-0.8,-0.6
Domantas Mitchell,NOP,2024-25,34,78,14,22.6,12.1,3.0,4.4,0.5,0.7,0.3,0.485,0.285,0.671,17.1,16.4,0.503,4.3,0.2
Domantas Martin,UTA,2024-25,20,27,0,22.3,17.6,4.5,2.2,0.8,0.3,1.5,0.539,0.372,0.82,26.7,13.5,0.532,1.2,-0.2
Jordan Williams,GSW,2025-26,26,42,30,14.9,14.4,8.1,3.8,1.3,0.5,1.7,0.424,0.403,0.887,26.4,17.9,0.495,-1.8,1.6
Luka Brown,TOR,2025-26,23,32,5,31.2,16.7,3.2,5.9,0.9,1.2,1.1,0.389,0.419,0.812,31.4,17.6,0.634,0.5,1.5
Anthony Brown,CHA,2025-26,28,74,55,15.4,12.5,12.4,6.0,1.3,0.8,1.9,0.48,0.413,0.727,24.8,15.3,0.558,2.0,4.3
Ja Martin,LAL,2025-26,28,30,16,24.4,12.6,1.1,2.1,0.6,0.7,4.1,0.525,0.315,0.886,26.5,12.8,0.564,3.1,-0.8
Darius Collins,MIA,2025-26,25,62,6,17.2,18.0,8.4,5.9,0.7,0.5,2.0,0.414,0.337,0.773,27.6,12.3,0.548,-0.3,-0.2
Jalen Parker,PHI,2025-26,35,29,24,27.0,17.3,6.3,5.2,2.3,1.5,2.4,0.468,0.289,0.701,34.5,18.8,0.533,1.1,1.8
Zion Stewart,POR,2025-26,30,67,50,18.2,13.1,10.3,0.4,1.3,0.8,1.9,0.426,0.37,0.842,28.3,20.4,0.592,-1.2,-2.3
Giannis Nelson,NYK,2025-26,27,42,17,21.3,15.1,6.2,1.4,1.5,0.3,1.1,0.498,0.393,0.843,21.7,16.8,0.562,0.7,1.9
James Taylor,SAC,2025-26,28,29,2,16.5,25.0,3.9,3.2,1.5,0.9,2.7,0.522,0.371,0.739,29.9,7.7,0.618,1.1,3.9
Domantas Moore,BOS,2025-26,27,59,18,26.2,12.1,5.1,1.8,0.8,0.1,2.4,0.471,0.285,0.735,30.8,11.5,0.597,3.9,2.8
Jaylen Baker,DET,2025-26,25,75,23,20.9,13.2,5.5,2.4,1.6,0.7,1.8,0.407,0.287,0.782,25.4,19.8,0.519,-2.8,-2.3
James Reed,GSW,2025-26,39,71,24,27.9,14.7,1.3,3.3,2.0,1.1,1.8,0.423,0.403,0.894,20.3,19.4,0.6,-0.3,-0.6
Brandon Miller,MIN,2025-26,24,55,54,22.0,4.6,5.4,4.8,1.7,0.9,2.3,0.502,0.417,0.669,30.5,18.1,0.646,-5.8,-1.5
Fred Harris,MIN,2025-26,26,67,4,15.3,5.3,2.7,7.8,1.5,1.1,0.7,0.394,0.336,0.802,24.2,19.0,0.57,0.3,1.1
Damian Turner,CHA,2025-26,31,61,9,38,18.7,3.1,6.1,1.2,0.6,0.9,0.408,0.295,0.709,30.0,21.9,0.557,-1.1,2.1
Darius Mitchell,LAL,2025-26,34,35,2,15.4,11.6,5.2,10.3,0.8,0.3,1.0,0.456,0.365,0.897,24.3,6.1,0.628,-6.3,1.7
Shai Roberts,DAL,2025-26,26,27,0,5,17.4,1.0,7.3,0.3,0.1,2.2,0.523,0.335,0.899,27.5,19.4,0.614,-2.9,-0.6
DeMar Campbell,BKN,2025-26,30,67,7,21.7,7.1,5.0,0.2,1.7,0,1.0,0.416,0.283,0.653,31.9,7.2,0.559,1.1,1.3
DeMar Morris,DAL,2025-26,32,30,21,21.7,7.6,7.3,0.2,0.5,1.4,0.9,0.519,0.396,0.654,30.0,17.5,0.511,2.3,3.2
Fred Lopez,SAS,2025-26,30,41,23,35.0,17.7,0.7,5.1,1.0,0.4,2.9,0.506,0.338,0.734,21.2,9.5,0.497,-2.0,1.6
Luka Jackson,DEN,2025-26,25,69,49,21.1,12.8,5.5,5.4,1.1,1.2,2.3,0.398,0.351,0.71,18.2,24.1,0.582,5.1,3.5
Tyrese Baker,POR,2025-26,23,56,46,36.2,10.5,2.5,0.2,1.9,0.1,2.5,0.514,0.326,0.661,17.5,24.1,0.566,0.9,0.8
Zion Jackson,DET,2025-26,24,41,6,32.4,11.8,9.4,5.7,1.5,1.2,1.7,0.482,0.288,0.851,21.8,6.0,0.595,-2.0,1.2
LaMelo Mitchell,OKC,2025-26,23,77,60,36.0,14.4,5.8,6.4,1.0,0.1,2.0,0.521,0.344,0.747,19.7,14.3,0.532,1.5,2.4
Ja Lopez,DET,2025-26,22,43,5,28.3,17.0,10.1,2.5,1.3,0.4,1.9,0.501,0.322,0.668,33.0,11.6,0.541,-2.4,2.0
Ja Hill,NYK,2025-26,34,22,10,28.9,11.9,3.9,4.4,2.3,0.9,1.7,0.473,0.351,0.679,20.8,11.5,0.564,-1.0,1.2
Jordan Lopez,TOR,2025-26,30,60,53,13.9,11.6,1.3,3.8,1.2,0.7,1.1,0.408,0.298,0.68,22.0,18.3,0.595,1.9,4.3
Andre Cook,GSW,2025-26,28,38,17,21.4,17.7,4.4,2.4,1.5,1.7,1.6,0.43,0.39,0.723,32.2,15.9,0.542,-1.6,2.5
Cade Phillips,PHI,2025-26,34,32,22,22.9,28.6,5.3,4.1,1.0,0.2,0.5,0.482,0.397,0.701,26.5,18.0,0.52,4.8,-1.1
Darius Wilson,ORL,2025-26,39,64,26,37.6,12.8,1.4,4.8,1.1,0.3,2.8,0.41,0.324,0.712,22.1,13.4,0.488,1.8,1.9
Zach Harris,PHX,2025-26,26,21,21,19.5,20.6,4.1,3.4,1.6,1.3,2.0,0.467,0.37,0.801,19.9,13.6,0.644,-2.0,0.8
Jaylen Johnson,PHI,2025-26,23,34,25,13.8,17.9,0.5,0.2,0.5,1.0,2.5,0.396,0.308,0.801,29.9,16.5,0.566,2.0,3.3
Bam Edwards,TOR,2025-26,29,24,1,26.1,11.0,0.5,4.9,1.1,0.6,2.1,0.524,0.297,0.863,24.2,12.4,0.5,2.1,1.3
Zion King,PHI,2025-26,25,37,28,32.6,31.8,6.6,2.4,1.5,0.5,3.2,0.414,0.299,0.896,19.6,12.3,0.504,-2.5,1.7
Marcus Morris,BKN,2025-26,36,28,21,17.7,5.7,5.0,0.2,2.0,0.4,0.9,0.493,0.315,0.734,32.5,19.5,0.612,0.5,1.8
Trae Miller,POR,2025-26,25,52,2,35.3,24.6,2.0,1.6,0.8,0.7,3.5,0.548,0.345,0.676,20.7,9.1,0.598,3.3,1.9
Anthony Murphy,DET,2025-26,26,76,9,38,18.4,10.7,5.0,1.4,0.4,2.0,0.38,0.36,0.738,27.9,-0.1,0.59,0.3,3.2
Khris Taylor,MIN,2025-26,24,25,23,38,10.1,4.0,7.9,1.0,0.1,2.5,0.517,0.282,0.899,15.6,20.2,0.636,2.1,3.9
Damian Miller,SAS,2025-26,32,56,34,14.8,12.3,8.4,2.7,1.5,0.3,1.8,0.433,0.332,0.859,18.4,18.6,0.562,-7.8,1.9
DeAndre Roberts,NYK,2025-26,37,55,7,19.3,10.0,2.2,8.4,1.3,0.3,2.8,0.449,0.386,0.882,26.6,12.0,0.619,4.5,-0.5
Pascal King,BOS,2025-26,30,43,19,24.8,11.9,7.0,3.5,0.8,1.1,1.6,0.44,0.345,0.855,23.3,16.9,0.574,-6.8,2.6
Bam Morris,NYK,2025-26,27,55,7,20.4,23.0,5.6,0.2,0.3,0.4,2.0,0.532,0.307,0.768,34.7,17.1,0.556,0.6,3.7
LaMelo King,LAC,2025-26,29,44,43,13.6,18.1,6.7,0.8,0.6,0.6,1.6,0.396,0.379,0.711,21.1,17.0,0.518,-2.6,0.6
Ja Roberts,NYK,2025-26,26,64,34,24.8,4.6,3.3,0.2,0.7,0.2,0.3,0.404,0.346,0.907,18.2,19.9,0.591,7.2,0.6
Cade Taylor,BOS,2025-26,24,37,9,18.9,15.7,4.3,5.1,0.3,0.9,3.3,0.406,0.347,0.773,33.6,11.1,0.516,-1.9,1.5
Devin Murphy,MEM,2025-26,23,35,23,26.8,19.9,6.4,0.6,1.0,0.7,3.4,0.531,0.299,0.911,24.0,14.0,0.516,-1.1,1.4
Jordan Miller,ORL,2025-26,36,55,4,10.6,12.7,9.7,5.8,1.3,0,1.9,0.525,0.32,0.736,16.0,18.3,0.56,4.5,0.6
CJ Mitchell,MIA,2025-26,28,36,16,24.7,24.9,3.1,0.2,0,0.8,2.5,0.522,0.308,0.829,24.7,11.2,0.526,-1.6,1.0
Donovan Lopez,NOP,2025-26,30,77,65,28.8,10.2,4.2,0.2,1.4,0.5,1.4,0.381,0.388,0.82,23.9,10.4,0.649,-1.2,-2.8
Chris Cook,MIL,2025-26,26,29,16,31.2,13.7,7.0,3.8,0.9,1.4,1.7,0.492,0.4,0.698,29.5,11.2,0.545,0.9,2.1
Darius Johnson,MIN,2025-26,35,78,50,12.3,15.2,8.7,0.2,2.0,0.2,1.4,0.526,0.386,0.891,29.6,10.6,0.646,3.5,-0.7
Trae Allen,MIA,2025-26,23,53,38,20.0,12.1,6.5,2.1,1.1,0.2,3.4,0.523,0.405,0.876,15.2,18.0,0.547,1.4,3.2
Tyrese Reed,MEM,2025-26,26,28,18,38,16.9,2.9,11.3,0.5,1.6,1.5,0.437,0.388,0.882,16.9,9.3,0.642,-3.7,1.5
Andre Campbell,IND,2025-26,33,39,4,9.6,12.1,7.7,1.9,1.5,0,0.6,0.504,0.374,0.727,24.4,14.5,0.569,2.0,1.1
Shai Carter,CLE,2025-26,23,76,11,13.2,19.2,1.8,5.9,0.5,0.1,3.2,0.542,0.387,0.744,33.8,10.9,0.486,-1.4,3.0
Jrue Parker,PHI,2025-26,27,71,17,36.3,10.8,4.4,2.2,1.0,1.1,1.8,0.433,0.314,0.752,18.4,23.9,0.568,2.6,-0.9
Khris Young,DET,2025-26,25,78,63,28.5,16.6,6.9,5.7,0.9,0.2,3.9,0.385,0.389,0.909,24.1,17.2,0.48,-4.7,1.7
Jaylen Parker,NYK,2025-26,24,74,73,31.3,15.7,3.1,1.8,0.8,0.7,1.6,0.382,0.281,0.731,29.4,14.0,0.641,-2.6,1.2
Giannis Harris,CHI,2025-26,27,77,60,18.9,12.4,7.3,3.9,0.6,0,2.4,0.55,0.323,0.895,15.1,12.5,0.524,-4.1,-0.3
Joel Green,ATL,2025-26,24,54,21,26.8,13.1,5.2,5.4,0.3,1.1,3.0,0.39,0.33,0.917,18.7,12.3,0.483,-3.0,-1.7
Tyrese Murphy,BOS,2025-26,30,56,20,31.8,15.3,4.1,3.5,1.1,0.3,2.9,0.445,0.359,0.709,18.1,16.2,0.524,0.7,3.0
Bam Johnson,PHI,2025-26,23,35,14,33.8,19.1,3.4,5.4,0.7,1.0,2.2,0.434,0.379,0.827,28.0,19.8,0.516,-4.6,-1.0
Anthony Campbell,MIN,2025-26,22,65,50,25.8,19.2,5.0,4.1,1.2,0,0.5,0.477,0.303,0.804,31.8,17.7,0.584,2.3,-0.7
Shai Thompson,NYK,2025-26,25,74,60,32.0,14.5,1.2,2.0,1.0,0.6,1.8,0.542,0.3,0.783,26.2,16.8,0.537,-1.4,2.3
Jrue Nelson,NYK,2025-26,29,24,7,29.6,25.1,6.3,0.2,0.1,0,0.3,0.516,0.314,0.909,24.0,12.2,0.493,-0.4,-2.5
Trae Phillips,LAL,2025-26,26,73,8,8.3,12.0,2.5,7.0,0.3,0.8,1.5,0.409,0.336,0.701,30.7,11.4,0.49,2.7,2.2
DeMar Lopez,MIA,2025-26,27,23,22,23.1,17.9,9.2,5.5,0.9,1.2,1.0,0.506,0.352,0.86,34.8,17.5,0.609,-2.4,1.6
Shai Thompson,DAL,2025-26,28,79,45,30.8,19.4,7.4,0.3,1.4,0,1.8,0.459,0.343,0.881,21.2,20.7,0.624,0.2,-1.7
Jrue Allen,WAS,2025-26,26,59,22,25.0,13.2,0.9,0.2,1.1,0.8,2.2,0.477,0.34,0.693,19.4,20.9,0.511,-4.2,1.5
Tyler Lopez,ORL,2025-26,24,25,25,23.2,14.4,1.7,3.9,1.1,0.7,1.8,0.499,0.336,0.7,20.8,18.1,0.623,-3.2,2.9
Malik Collins,SAS,2025-26,38,30,28,5,14.5,7.2,0.2,1.0,0.4,0.6,0.52,0.377,0.776,21.7,21.0,0.614,1.4,3.7
Luka Campbell,CHI,2025-26,23,37,9,29.5,13.0,8.2,2.7,0.7,0,3.0,0.396,0.348,0.664,21.4,10.2,0.494,-1.6,-1.9
Damian Wilson,WAS,2025-26,23,79,39,22.6,7.6,1.5,0.2,1.1,0.1,0.8,0.417,0.373,0.722,24.9,19.0,0.488,-2.3,3.8
Damian Moore,PHI,2025-26,28,53,28,23.0,7.8,4.1,0.9,1.1,0.3,2.2,0.416,0.398,0.738,31.1,9.4,0.584,0.1,0.1
CJ Hill,NOP,2025-26,30,71,50,29.6,19.9,4.2,1.6,1.2,0.9,1.5,0.484,0.296,0.779,26.3,22.9,0.498,0.5,0.8
Bam Baker,DAL,2025-26,28,39,26,24.1,4.4,0.5,6.4,1.8,0,2.0,0.417,0.283,0.822,17.6,3.7,0.567,-3.3,1.8
Joel Moore,IND,2025-26,34,53,35,31.5,23.9,3.2,6.2,0,1.7,1.9,0.464,0.302,0.862,21.1,13.2,0.6,-0.3,2.0
Damian Martin,MIA,2025-26,35,81,1,20.8,11.2,3.3,3.5,0.9,0.2,0.8,0.437,0.333,0.787,33.7,20.8,0.524,-2.7,2.6
Damian Collins,SAS,2025-26,29,51,26,25.5,12.4,2.5,3.7,1.3,1.8,3.8,0.537,0.335,0.835,18.2,16.1,0.505,-1.4,3.9
Jalen Miller,OKC,2025-26,23,80,57,23.8,2.1,8.0,0.2,0.6,0,0.3,0.547,0.394,0.709,22.2,13.7,0.511,-0.2,2.7
LaMelo Thomas,DAL,2025-26,22,35,22,38,12.4,6.8,1.5,1.5,0.1,3.7,0.423,0.362,0.869,18.5,6.0,0.529,-1.1,3.9
Fred Allen,CHI,2025-26,21,82,66,9.4,10.4,7.6,2.4,1.1,0.2,1.3,0.481,0.403,0.704,22.2,3.7,0.494,-1.7,0.9
Anthony Campbell,DAL,2025-26,33,77,16,34.0,17.9,6.9,4.4,1.8,0.6,4.6,0.434,0.379,0.878,17.7,18.5,0.599,0.3,1.4
Marcus Davis,MIN,2025-26,34,25,22,22.5,18.6,0.5,0.2,1.6,0.1,3.4,0.516,0.368,0.838,17.6,15.1,0.49,-1.4,2.4
Shai Phillips,PHI,2025-26,32,50,32,26.7,8.8,0.5,5.9,1.3,1.7,2.2,0.481,0.302,0.913,23.5,13.9,0.514,2.4,3.8
Jordan Stewart,DET,2025-26,24,43,42,11.8,12.8,2.7,4.3,0.6,1.0,2.5,0.416,0.301,0.68,34.5,10.3,0.608,-0.3,3.0
Joel Green,MIN,2025-26,33,23,3,24.0,14.5,0.5,0.2,0.4,0.6,1.2,0.388,0.389,0.878,20.7,8.6,0.489,-2.3,3.9
Jalen Thomas,LAC,2025-26,27,41,16,37.0,6.2,2.0,3.5,1.3,0,1.2,0.479,0.409,0.851,26.2,6.3,0.51,-3.9,4.8
Marcus Wilson,HOU,2025-26,23,78,66,30.3,11.2,6.7,3.2,0.9,2.1,2.6,0.515,0.395,0.878,22.0,12.2,0.605,-1.7,-0.3
Jalen Anderson,CHA,2025-26,23,69,33,22.7,23.7,10.1,3.9,1.2,0,1.7,0.465,0.416,0.842,16.4,15.9,0.52,0.2,1.0
James Parker,DET,2025-26,24,25,14,16.8,10.7,3.7,2.8,0.2,0,1.8,0.46,0.392,0.724,18.9,20.5,0.52,3.9,1.6
Fred Thompson,LAC,2025-26,32,36,34,34.9,10.2,5.0,0.2,0.7,0.8,1.3,0.544,0.356,0.727,29.2,18.3,0.576,6.8,2.2
Zach Carter,PHI,2025-26,26,74,59,23.9,12.4,5.1,4.8,1.1,0.3,2.1,0.448,0.335,0.836,34.7,13.9,0.612,-1.5,0.5
DeAndre Young,ORL,2025-26,36,65,56,24.8,14.3,3.0,1.2,1.4,0.5,0.3,0.393,0.417,0.821,17.5,2.2,0.531,-5.2,5.2
Khris Thomas,CHA,2025-26,24,25,22,38,14.5,5.8,4.7,1.3,0,3.0,0.532,0.371,0.664,24.8,22.4,0.502,2.0,1.5
Brandon Phillips,MIL,2025-26,25,27,3,24.8,16.5,2.3,4.9,1.1,0.9,1.6,0.451,0.391,0.892,31.7,18.4,0.636,3.2,-1.3
Jrue Hill,CHI,2025-26,29,52,44,34.3,10.4,6.3,6.9,1.1,0.6,1.1,0.382,0.319,0.88,24.0,20.5,0.539,3.0,3.4
Julius Turner,MIL,2025-26,29,38,36,27.1,16.3,7.4,2.9,0.8,1.3,2.0,0.512,0.36,0.868,25.2,15.5,0.637,3.9,0.2
Kyle Hill,MEM,2025-26,27,71,57,34.0,20.9,3.5,1.2,1.2,1.1,2.1,0.452,0.402,0.859,21.6,13.2,0.521,-1.6,-2.7
Donovan Moore,CHI,2025-26,23,77,38,16.4,9.3,0.6,3.9,0.7,1.4,1.6,0.474,0.289,0.904,19.0,17.2,0.576,-0.0,1.6
Kevin Murphy,PHX,2025-26,27,49,26,35.1,9.8,3.6,6.3,1.5,0.8,1.7,0.406,0.398,0.73,23.0,15.0,0.499,1.8,1.7
LaMelo Anderson,LAL,2025-26,28,55,13,12.0,17.1,5.7,2.0,2.6,0.1,0.6,0.382,0.339,0.776,27.5,-1.4,0.497,-0.3,1.5
Jalen Green,DEN,2025-26,23,34,2,11.6,11.6,8.0,3.6,1.4,0.6,2.6,0.543,0.411,0.715,23.2,20.6,0.563,1.2,3.4
Pascal Brown,BKN,2025-26,26,76,56,27.8,6.3,6.9,2.8,0.9,0,2.1,0.548,0.356,0.766,25.0,6.9,0.567,4.2,0.2
Kyle Baker,CLE,2025-26,27,40,8,24.9,14.8,0.7,2.7,0,1.2,2.8,0.504,0.37,0.694,33.2,15.7,0.567,-0.9,2.0
Giannis Evans,BOS,2025-26,31,54,41,27.5,5.6,8.6,3.3,1.1,0.3,1.6,0.385,0.309,0.729,31.2,23.5,0.581,-0.5,-6.1
Jalen Thomas,NYK,2025-26,32,26,9,30.6,22.3,5.0,3.2,1.5,0.1,1.5,0.457,0.336,0.798,17.3,17.4,0.557,4.3,-0.5
Marcus Evans,ORL,2025-26,30,64,49,21.9,18.4,3.7,4.9,1.2,0.3,3.9,0.484,0.348,0.78,29.1,10.5,0.617,-0.5,-1.5
Ja Young,POR,2025-26,24,63,5,20.3,18.6,3.9,3.2,1.0,0.7,1.9,0.544,0.322,0.706,31.2,18.9,0.509,-0.2,4.9
Bam Campbell,ORL,2025-26,26,22,7,20.0,16.5,5.3,4.1,1.4,0.4,0.3,0.474,0.371,0.755,28.7,17.0,0.526,-0.3,-0.1
Tyrese Evans,SAS,2025-26,37,25,2,18.9,16.3,5.2,0.2,1.1,1.6,0.7,0.528,0.382,0.749,28.6,6.0,0.551,-1.0,2.5
Damian Roberts,ATL,2025-26,35,43,27,20.6,18.5,6.2,3.2,0.8,0.6,1.9,0.43,0.37,0.727,26.2,16.2,0.635,-0.4,0.4
Brandon Parker,LAL,2025-26,38,79,14,19.8,22.3,6.1,3.3,0.1,0.5,2.4,0.388,0.4,0.652,26.9,13.7,0.498,0.6,-3.1
Jayson Jackson,POR,2025-26,24,68,65,25.5,14.4,2.1,3.4,1.6,0.6,2.9,0.505,0.308,0.767,28.1,10.5,0.644,2.5,5.2
Donovan Baker,CLE,2025-26,37,59,2,30.3,9.8,1.7,2.7,0.9,0.6,1.2,0.418,0.402,0.81,16.2,21.6,0.546,-2.9,0.2
Marcus White,MEM,2025-26,31,29,9,10.6,2,4.7,2.2,1.2,1.1,2.5,0.519,0.303,0.803,22.3,16.3,0.616,4.7,2.4
Luka Allen,PHX,2025-26,25,76,74,22.8,23.8,4.1,5.4,0.8,0.5,2.2,0.506,0.387,0.7,20.1,14.3,0.637,1.6,2.6
Donovan Wilson,MIN,2025-26,21,25,7,15.2,14.0,6.7,0.7,1.0,0,1.3,0.499,0.363,0.906,34.4,17.8,0.573,-2.5,0.0
Julius Edwards,UTA,2025-26,35,27,7,34.3,15.1,4.7,4.1,1.1,1.3,0.8,0.492,0.363,0.766,18.7,14.5,0.509,3.4,1.6
Cade Miller,ORL,2025-26,32,55,52,12.4,6.9,0.5,3.0,1.1,0.1,2.5,0.538,0.32,0.776,33.9,10.9,0.621,1.9,1.7
Trae Adams,GSW,2025-26,31,35,32,20.6,10.7,9.6,8.2,0.4,0.5,1.4,0.388,0.417,0.889,32.6,16.7,0.619,-5.8,3.4
Zach Allen,SAS,2025-26,27,35,27,11.9,16.1,0.8,1.7,1.5,1.3,0.4,0.41,0.345,0.753,26.0,13.6,0.591,0.0,3.1
Marcus Parker,DAL,2025-26,27,66,11,25.5,9.4,2.9,1.3,1.2,0.5,1.8,0.465,0.408,0.792,30.8,25.2,0.615,1.1,3.6
Cade Hill,SAS,2025-26,26,21,20,34.1,17.6,11.8,2.5,1.7,0.3,1.5,0.397,0.303,0.835,21.9,11.7,0.585,-4.0,1.9
Cade Harris,ORL,2025-26,24,47,19,38,7.2,4.0,0.3,1.3,0.5,1.5,0.449,0.316,0.87,21.5,6.2,0.527,0.3,4.0
Brandon Reed,HOU,2025-26,29,21,13,38,2.9,7.9,6.1,1.8,0.9,0.3,0.474,0.366,0.752,21.0,18.0,0.632,-0.9,3.1
Damian Green,MIN,2025-26,32,23,7,14.9,4.7,1.0,3.9,1.6,1.2,1.5,0.471,0.312,0.762,22.0,6.4,0.567,0.4,-0.8
LaMelo Campbell,PHI,2025-26,31,32,30,25.5,9.2,8.7,4.5,0.7,0.5,4.4,0.419,0.339,0.828,32.8,16.1,0.597,0.7,2.6
Malik Hill,CHA,2025-26,30,65,10,31.5,8.3,1.8,7.5,1.6,1.1,3.0,0.493,0.348,0.871,28.8,20.3,0.512,-2.3,-0.6
Tyrese Murphy,IND,2025-26,39,63,39,34.5,10.6,1.9,4.8,0.9,0.4,2.5,0.532,0.387,0.879,18.6,9.8,0.511,-3.5,3.5
Jordan Mitchell,LAL,2025-26,29,81,33,12.1,24.9,5.3,4.9,0.4,0.4,2.3,0.474,0.37,0.899,30.1,13.0,0.565,-0.5,1.1
Luka Murphy,CHI,2025-26,29,69,0,25.0,15.1,6.2,4.8,2.0,1.6,1.6,0.409,0.29,0.727,31.2,10.2,0.528,0.2,-0.1
Darius Edwards,UTA,2025-26,26,30,29,38,9.3,4.6,4.7,0.6,0,0.3,0.407,0.352,0.754,27.2,13.7,0.505,-0.4,2.9
Tyler Morris,PHX,2025-26,24,61,42,28.6,11.0,4.2,6.5,1.8,0.1,1.7,0.488,0.314,0.874,29.8,12.0,0.483,-5.0,2.8
CJ Hill,MEM,2025-26,28,38,30,28.3,27.5,9.8,6.1,1.1,0,2.5,0.467,0.321,0.74,24.2,15.5,0.593,3.6,4.3
Andre Phillips,GSW,2025-26,30,49,41,16.0,11.8,0.6,2.9,1.3,0,2.6,0.536,0.303,0.739,25.4,10.0,0.502,-0.7,0.6
Brandon Hill,SAS,2025-26,31,52,22,17.8,13.3,5.1,4.2,0.9,0.3,1.3,0.531,0.37,0.788,32.3,19.7,0.571,-1.1,-2.4
Shai Taylor,UTA,2025-26,30,20,18,32.5,18.9,4.7,3.5,0,0,2.3,0.541,0.359,0.738,22.7,13.6,0.505,1.6,1.9
Pascal Thompson,IND,2025-26,26,70,25,21.6,4.1,0.5,3.7,0.8,0,0.5,0.534,0.397,0.788,32.6,23.4,0.578,4.0,0.6
Chris Wilson,NYK,2025-26,29,67,19,27.1,18.9,5.0,4.3,0.7,0.4,2.0,0.382,0.362,0.779,30.1,17.9,0.64,-1.6,1.5
LaMelo Jackson,IND,2025-26,25,34,15,25.0,6.7,2.7,3.9,0.4,0.9,1.6,0.424,0.364,0.751,28.9,12.9,0.534,-0.5,-0.7
James Green,PHX,2025-26,23,56,20,31.3,9.1,7.0,1.2,1.6,0.7,1.0,0.392,0.398,0.674,26.0,14.1,0.63,0.1,0.4
Andre Cook,MIL,2025-26,26,53,33,22.1,13.9,3.0,0.7,1.3,0.6,2.3,0.389,0.365,0.825,23.0,16.9,0.625,2.7,4.7
Nikola Evans,DAL,2025-26,25,40,19,33.1,2,4.9,0.2,0.6,0.6,1.3,0.474,0.394,0.772,34.4,15.6,0.482,-5.7,0.5
Donovan Taylor,TOR,2025-26,28,55,17,31.2,16.9,6.0,0.9,1.3,1.1,0.8,0.449,0.378,0.793,31.7,5.3,0.49,-6.9,-0.1
Domantas Turner,CLE,2025-26,24,48,17,10.3,16.8,6.0,0.2,1.3,1.6,1.5,0.404,0.28,0.717,22.8,13.3,0.604,-4.4,-0.2
Andre Anderson,UTA,2025-26,23,33,4,34.6,11.1,6.5,4.3,1.6,0,4.3,0.491,0.381,0.665,31.1,13.6,0.546,4.1,1.1
Tyrese Phillips,OKC,2025-26,28,21,17,38,14.5,1.2,7.7,0.8,1.3,2.5,0.526,0.387,0.837,31.8,23.1,0.556,4.6,1.7
Fred Martin,MEM,2025-26,22,57,11,26.6,14.3,7.3,5.0,1.3,0.1,2.8,0.538,0.35,0.701,33.4,11.8,0.49,-1.9,6.5
DeMar White,PHI,2025-26,27,76,13,27.2,18.0,6.4,1.2,0.9,0,1.5,0.428,0.372,0.673,23.2,18.4,0.491,-2.1,1.8
Ja Nelson,UTA,2025-26,24,43,6,15.3,3.1,8.6,4.8,0.9,0.5,2.3,0.47,0.355,0.723,23.7,14.1,0.52,-0.7,1.7
Chris Stewart,DET,2025-26,35,32,11,19.0,10.3,0.5,2.7,1.6,0.7,2.7,0.542,0.393,0.893,31.6,21.3,0.631,-2.6,-1.7
Jalen Harris,DAL,2025-26,24,53,2,24.1,13.1,2.3,4.7,1.4,0,1.8,0.433,0.319,0.791,16.2,12.0,0.63,-3.8,-0.5
Giannis Phillips,MIL,2025-26,30,55,33,33.5,8.4,6.7,5.8,1.6,0,1.3,0.535,0.288,0.687,20.9,-0.9,0.492,3.0,-0.1
LaMelo Allen,POR,2025-26,25,54,9,28.8,19.9,5.0,3.1,1.8,0.2,1.8,0.502,0.391,0.776,25.8,20.9,0.604,2.0,0.2
Joel Anderson,OKC,2025-26,29,51,40,17.4,15.1,5.0,4.6,0.3,0.5,2.4,0.451,0.405,0.688,24.7,22.4,0.627,-2.9,4.0
James Martin,PHI,2025-26,32,44,40,31.9,9.3,0.5,1.7,1.7,1.3,1.7,0.533,0.356,0.708,29.2,10.7,0.605,-0.3,3.5
Jrue Campbell,MIA,2025-26,25,23,8,18.6,18.2,4.1,1.5,1.9,0.1,1.3,0.382,0.318,0.668,24.3,6.4,0.507,0.9,1.9
Nikola Phillips,BOS,2025-26,29,25,14,26.4,2.8,2.6,6.1,1.0,1.1,1.9,0.392,0.332,0.865,20.5,14.1,0.61,1.8,1.0
Zach Young,MEM,2025-26,28,54,3,23.1,11.9,0.5,4.5,1.1,0.6,0.3,0.519,0.407,0.852,24.5,7.7,0.519,-1.6,-1.1
Malik Wilson,PHX,2025-26,30,48,33,24.3,13.4,3.7,3.6,0.6,0,3.3,0.517,0.298,0.907,31.2,20.9,0.556,-0.3,2.2
Jayson White,LAL,2025-26,25,80,45,38,13.6,9.3,3.0,0.8,0.4,2.8,0.531,0.326,0.732,27.9,18.0,0.595,2.6,0.9
Giannis Thomas,GSW,2025-26,24,54,12,28.3,16.4,6.3,2.7,1.6,0.8,3.6,0.459,0.407,0.772,20.1,21.5,0.544,3.0,2.5
CJ Wilson,DET,2025-26,30,45,21,20.3,16.5,4.4,3.6,1.4,1.0,1.9,0.401,0.339,0.715,22.3,14.5,0.548,1.0,2.3
Joel Nelson,SAS,2025-26,23,33,32,38,12.4,4.3,4.3,1.7,0.6,2.8,0.526,0.344,0.748,31.5,18.3,0.496,6.4,-0.2
Pascal Jackson,PHX,2025-26,27,37,29,27.3,19.6,3.7,0.2,1.3,0.4,1.2,0.55,0.362,0.791,20.7,17.8,0.559,-2.6,1.9
Zion Parker,WAS,2025-26,28,57,47,23.2,25.7,5.4,0.2,0.7,0.6,2.5,0.426,0.418,0.914,24.4,8.7,0.597,-1.8,2.3
Brandon Morris,GSW,2025-26,23,56,42,27.5,8.7,4.4,1.7,1.2,0.4,2.9,0.509,0.414,0.832,32.3,18.1,0.62,4.1,-0.7
CJ Williams,TOR,2025-26,25,47,10,25.3,8.4,6.5,4.3,0.4,1.3,1.3,0.399,0.418,0.841,32.2,20.4,0.523,1.7,1.3
Anthony Mitchell,CHA,2025-26,26,55,39,20.4,12.3,2.7,3.7,1.7,0.6,0.6,0.526,0.397,0.779,32.5,11.7,0.529,-2.6,3.6
Zion Allen,IND,2025-26,27,28,18,28.2,22.0,9.4,3.5,1.6,0,2.1,0.406,0.347,0.821,15.7,23.3,0.558,1.7,1.6
Anthony Turner,BOS,2025-26,28,81,3,16.3,20.4,6.5,0.8,0.3,0.8,1.3,0.449,0.372,0.719,32.6,10.1,0.572,-0.5,1.2
Jrue Brown,IND,2025-26,28,66,2,24.4,15.2,10.9,0.2,2.0,0.3,1.5,0.41,0.299,0.726,21.7,17.1,0.501,-0.2,1.2
CJ Murphy,DAL,2025-26,25,49,15,14.5,18.7,2.5,1.6,1.7,0,0.9,0.482,0.335,0.729,19.2,15.1,0.514,-1.8,1.7
Bam Murphy,PHX,2025-26,26,67,40,33.2,10.0,6.5,2.1,1.1,0.4,0.5,0.461,0.41,0.894,32.4,16.0,0.633,0.4,0.1
Tyrese Brown,NYK,2025-26,21,43,2,26.1,16.1,5.1,3.6,1.2,0.5,1.5,0.382,0.349,0.855,33.6,16.6,0.51,-0.6,0.5
DeAndre Jackson,CLE,2025-26,25,34,22,26.7,5.2,5.7,3.4,1.5,0.9,2.5,0.454,0.315,0.706,25.9,15.3,0.506,-3.4,2.6
Darius Green,TOR,2025-26,31,41,19,36.9,2.5,10.5,4.2,0,0.1,0.3,0.433,0.348,0.706,17.1,11.7,0.483,-0.9,-1.2
Andre White,DAL,2025-26,29,41,41,13.4,20.8,3.5,1.6,1.6,0.6,1.8,0.456,0.332,0.751,24.1,18.4,0.516,0.7,-0.2
Kyle Turner,LAL,2025-26,31,78,42,28.5,8.2,3.1,0.2,1.0,0.9,1.4,0.384,0.386,0.686,19.4,13.1,0.572,4.5,2.4
Brandon Edwards,GSW,2025-26,26,34,19,32.8,12.5,5.2,3.1,0.9,0.6,2.1,0.44,0.377,0.68,28.3,17.9,0.547,1.9,0.9
Andre Parker,CHA,2025-26,27,78,58,38,11.2,6.6,1.7,0.6,0.7,3.0,0.496,0.323,0.878,16.1,7.5,0.629,3.6,3.4
Domantas Parker,MIL,2025-26,33,55,10,24.6,9.5,0.5,2.0,1.1,0,2.2,0.483,0.369,0.83,19.3,8.3,0.618,-0.5,-0.1
Devin Thompson,PHI,2025-26,32,22,20,10.3,12.8,5.4,4.1,1.5,1.3,2.5,0.491,0.401,0.785,20.0,7.5,0.616,-4.9,-0.5
Zach Parker,SAS,2025-26,31,50,7,32.0,15.9,7.1,0.5,0.1,1.4,2.5,0.487,0.363,0.889,17.9,16.0,0.558,-4.8,2.5
Jayson Moore,ORL,2025-26,23,64,17,23.5,7.5,9.0,4.0,1.4,1.2,0.3,0.449,0.299,0.826,25.5,13.4,0.621,1.5,2.8
Jalen Murphy,MIN,2025-26,24,45,32,17.9,2,8.4,3.2,1.7,0.5,3.0,0.525,0.313,0.901,17.9,4.7,0.636,-0.2,3.8
Zach Adams,UTA,2025-26,32,41,14,38,14.0,10.4,0.2,1.1,0,2.2,0.545,0.308,0.83,16.7,17.0,0.612,-5.4,3.3
Zion Thomas,DEN,2025-26,24,64,14,35.1,15.7,4.6,5.9,0.9,0.2,3.3,0.519,0.328,0.865,31.4,23.1,0.645,3.6,1.6
Anthony Wilson,NOP,2025-26,36,46,24,13.8,13.8,7.7,3.9,0.8,0.1,2.6,0.46,0.402,0.753,24.4,15.1,0.484,-3.4,1.7
Ja Miller,CLE,2025-26,22,63,55,26.8,19.4,6.0,3.7,1.0,0.5,0.9,0.513,0.291,0.735,26.7,25.4,0.614,0.0,8.3
Malik Morris,GSW,2025-26,32,32,10,30.8,5.7,6.3,5.3,1.1,1.2,1.0,0.427,0.339,0.899,29.6,8.2,0.48,1.3,1.3
Jayson Harris,ORL,2025-26,24,36,6,36.0,22.9,4.3,2.4,0.2,0.9,2.3,0.511,0.387,0.7,34.3,15.6,0.577,2.6,1.1
DeMar Thompson,POR,2025-26,32,24,23,24.3,11.1,3.9,3.6,1.1,1.4,3.1,0.489,0.348,0.651,27.2,12.2,0.547,-1.0,4.4
Giannis Wilson,CHI,2025-26,26,53,42,25.1,4.4,6.4,1.9,1.7,0,2.1,0.508,0.411,0.74,32.3,13.0,0.524,3.4,1.5
Jaylen Mitchell,TOR,2025-26,30,43,16,27.4,18.0,5.0,5.4,1.3,0.4,1.3,0.414,0.387,0.841,27.3,15.7,0.607,0.7,1.6
Malik Taylor,UTA,2025-26,30,33,19,29.7,16.7,5.9,2.1,1.2,0.4,2.4,0.433,0.343,0.713,18.7,4.4,0.627,-1.5,1.0
Tyler Davis,PHX,2025-26,24,38,6,17.0,18.1,3.1,5.1,0.1,1.6,2.7,0.45,0.418,0.733,19.4,10.0,0.538,-1.6,-0.1
Domantas Mitchell,POR,2025-26,35,30,29,35.5,15.5,7.5,0.2,0.4,0.9,3.3,0.51,0.37,0.893,16.1,21.2,0.568,-2.7,4.1
Domantas Martin,UTA,2025-26,21,57,37,31.8,17.1,7.1,3.4,1.3,0.7,0.8,0.391,0.308,0.814,17.4,19.1,0.582,3.0,-0.0
